2025-06-10 19:41:16.300 +07:00 [WRN] (Microsoft.AspNetCore.StaticFiles.StaticFileMiddleware) The WebRootPath was not found: C:\Users\Nguyn\Desktop\Đồ án tốt nghiệp\BookStoreManagement\src\Bookstore.Api\wwwroot. Static files may be unavailable.
2025-06-10 19:41:16.475 +07:00 [INF] (Microsoft.Hosting.Lifetime) Now listening on: https://localhost:7264
2025-06-10 19:41:16.478 +07:00 [INF] (Microsoft.Hosting.Lifetime) Now listening on: http://localhost:5244
2025-06-10 19:41:16.570 +07:00 [INF] (Microsoft.Hosting.Lifetime) Application started. Press Ctrl+C to shut down.
2025-06-10 19:41:16.573 +07:00 [INF] (Microsoft.Hosting.Lifetime) Hosting environment: Development
2025-06-10 19:41:16.574 +07:00 [INF] (Microsoft.Hosting.Lifetime) Content root path: C:\Users\Nguyn\Desktop\Đồ án tốt nghiệp\BookStoreManagement\src\Bookstore.Api
2025-06-10 19:41:37.501 +07:00 [WRN] (Microsoft.EntityFrameworkCore.Model) No instantiatable types implementing `IEntityTypeConfiguration` were found while while scanning assembly 'Bookstore.Infrastructure, Version=1.0.0.0, Culture=neutral, PublicKeyToken=null'.
2025-06-10 19:41:37.600 +07:00 [WRN] (Microsoft.EntityFrameworkCore.Model.Validation) Entity 'Book' has a global query filter defined and is the required end of a relationship with the entity 'CartItem'. This may lead to unexpected results when the required entity is filtered out. Either configure the navigation as optional, or define matching query filters for both entities in the navigation. See https://go.microsoft.com/fwlink/?linkid=2131316 for more information.
2025-06-10 19:41:37.603 +07:00 [WRN] (Microsoft.EntityFrameworkCore.Model.Validation) Entity 'Book' has a global query filter defined and is the required end of a relationship with the entity 'InventoryLog'. This may lead to unexpected results when the required entity is filtered out. Either configure the navigation as optional, or define matching query filters for both entities in the navigation. See https://go.microsoft.com/fwlink/?linkid=2131316 for more information.
2025-06-10 19:41:37.605 +07:00 [WRN] (Microsoft.EntityFrameworkCore.Model.Validation) Entity 'Book' has a global query filter defined and is the required end of a relationship with the entity 'OrderDetail'. This may lead to unexpected results when the required entity is filtered out. Either configure the navigation as optional, or define matching query filters for both entities in the navigation. See https://go.microsoft.com/fwlink/?linkid=2131316 for more information.
2025-06-10 19:41:37.606 +07:00 [WRN] (Microsoft.EntityFrameworkCore.Model.Validation) Entity 'Book' has a global query filter defined and is the required end of a relationship with the entity 'Review'. This may lead to unexpected results when the required entity is filtered out. Either configure the navigation as optional, or define matching query filters for both entities in the navigation. See https://go.microsoft.com/fwlink/?linkid=2131316 for more information.
2025-06-10 19:41:37.607 +07:00 [WRN] (Microsoft.EntityFrameworkCore.Model.Validation) Entity 'Book' has a global query filter defined and is the required end of a relationship with the entity 'StockReceiptDetail'. This may lead to unexpected results when the required entity is filtered out. Either configure the navigation as optional, or define matching query filters for both entities in the navigation. See https://go.microsoft.com/fwlink/?linkid=2131316 for more information.
2025-06-10 19:41:37.609 +07:00 [WRN] (Microsoft.EntityFrameworkCore.Model.Validation) Entity 'Book' has a global query filter defined and is the required end of a relationship with the entity 'WishlistItem'. This may lead to unexpected results when the required entity is filtered out. Either configure the navigation as optional, or define matching query filters for both entities in the navigation. See https://go.microsoft.com/fwlink/?linkid=2131316 for more information.
2025-06-10 19:41:37.618 +07:00 [WRN] (Microsoft.EntityFrameworkCore.Model.Validation) Sensitive data logging is enabled. Log entries and exception messages may include sensitive application data; this mode should only be enabled during development.
2025-06-10 19:41:38.620 +07:00 [INF] (Microsoft.EntityFrameworkCore.Database.Command) Executed DbCommand (82ms) [Parameters=[@__username_0='nguyen123' (Size = 450)], CommandType='"Text"', CommandTimeout='30']
SELECT [u1].[Id], [u1].[CreatedAtUtc], [u1].[Email], [u1].[FirstName], [u1].[IsActive], [u1].[LastName], [u1].[PasswordHash], [u1].[PhoneNumber], [u1].[UpdatedAtUtc], [u1].[UserName], [s].[UserId], [s].[RoleId], [s].[Id], [s].[CreatedAtUtc], [s].[Name], [s].[UpdatedAtUtc]
FROM (
    SELECT TOP(1) [u].[Id], [u].[CreatedAtUtc], [u].[Email], [u].[FirstName], [u].[IsActive], [u].[LastName], [u].[PasswordHash], [u].[PhoneNumber], [u].[UpdatedAtUtc], [u].[UserName]
    FROM [Users] AS [u]
    WHERE [u].[UserName] = @__username_0
) AS [u1]
LEFT JOIN (
    SELECT [u0].[UserId], [u0].[RoleId], [r].[Id], [r].[CreatedAtUtc], [r].[Name], [r].[UpdatedAtUtc]
    FROM [UserRoles] AS [u0]
    INNER JOIN [Roles] AS [r] ON [u0].[RoleId] = [r].[Id]
) AS [s] ON [u1].[Id] = [s].[UserId]
ORDER BY [u1].[Id], [s].[UserId], [s].[RoleId]
2025-06-10 19:41:38.837 +07:00 [INF] (Microsoft.EntityFrameworkCore.Database.Command) Executed DbCommand (8ms) [Parameters=[@__email_0='Admin' (Size = 450)], CommandType='"Text"', CommandTimeout='30']
SELECT [u1].[Id], [u1].[CreatedAtUtc], [u1].[Email], [u1].[FirstName], [u1].[IsActive], [u1].[LastName], [u1].[PasswordHash], [u1].[PhoneNumber], [u1].[UpdatedAtUtc], [u1].[UserName], [s].[UserId], [s].[RoleId], [s].[Id], [s].[CreatedAtUtc], [s].[Name], [s].[UpdatedAtUtc]
FROM (
    SELECT TOP(1) [u].[Id], [u].[CreatedAtUtc], [u].[Email], [u].[FirstName], [u].[IsActive], [u].[LastName], [u].[PasswordHash], [u].[PhoneNumber], [u].[UpdatedAtUtc], [u].[UserName]
    FROM [Users] AS [u]
    WHERE [u].[Email] = @__email_0
) AS [u1]
LEFT JOIN (
    SELECT [u0].[UserId], [u0].[RoleId], [r].[Id], [r].[CreatedAtUtc], [r].[Name], [r].[UpdatedAtUtc]
    FROM [UserRoles] AS [u0]
    INNER JOIN [Roles] AS [r] ON [u0].[RoleId] = [r].[Id]
) AS [s] ON [u1].[Id] = [s].[UserId]
ORDER BY [u1].[Id], [s].[UserId], [s].[RoleId]
2025-06-10 19:41:38.845 +07:00 [INF] (Microsoft.EntityFrameworkCore.Database.Command) Executed DbCommand (1ms) [Parameters=[@__username_0='Admin' (Size = 450)], CommandType='"Text"', CommandTimeout='30']
SELECT [u1].[Id], [u1].[CreatedAtUtc], [u1].[Email], [u1].[FirstName], [u1].[IsActive], [u1].[LastName], [u1].[PasswordHash], [u1].[PhoneNumber], [u1].[UpdatedAtUtc], [u1].[UserName], [s].[UserId], [s].[RoleId], [s].[Id], [s].[CreatedAtUtc], [s].[Name], [s].[UpdatedAtUtc]
FROM (
    SELECT TOP(1) [u].[Id], [u].[CreatedAtUtc], [u].[Email], [u].[FirstName], [u].[IsActive], [u].[LastName], [u].[PasswordHash], [u].[PhoneNumber], [u].[UpdatedAtUtc], [u].[UserName]
    FROM [Users] AS [u]
    WHERE [u].[UserName] = @__username_0
) AS [u1]
LEFT JOIN (
    SELECT [u0].[UserId], [u0].[RoleId], [r].[Id], [r].[CreatedAtUtc], [r].[Name], [r].[UpdatedAtUtc]
    FROM [UserRoles] AS [u0]
    INNER JOIN [Roles] AS [r] ON [u0].[RoleId] = [r].[Id]
) AS [s] ON [u1].[Id] = [s].[UserId]
ORDER BY [u1].[Id], [s].[UserId], [s].[RoleId]
2025-06-10 19:41:39.428 +07:00 [INF] (Microsoft.EntityFrameworkCore.Database.Command) Executed DbCommand (4ms) [Parameters=[@__userId_0='f54527eb-f806-40db-bf76-c7b0e5fa6d39'], CommandType='"Text"', CommandTimeout='30']
SELECT [r].[Name]
FROM [UserRoles] AS [u]
INNER JOIN [Roles] AS [r] ON [u].[RoleId] = [r].[Id]
WHERE [u].[UserId] = @__userId_0
2025-06-10 19:41:39.564 +07:00 [INF] (Microsoft.EntityFrameworkCore.Database.Command) Executed DbCommand (1ms) [Parameters=[@__email_0='Admin' (Size = 450)], CommandType='"Text"', CommandTimeout='30']
SELECT [u1].[Id], [u1].[CreatedAtUtc], [u1].[Email], [u1].[FirstName], [u1].[IsActive], [u1].[LastName], [u1].[PasswordHash], [u1].[PhoneNumber], [u1].[UpdatedAtUtc], [u1].[UserName], [s].[UserId], [s].[RoleId], [s].[Id], [s].[CreatedAtUtc], [s].[Name], [s].[UpdatedAtUtc]
FROM (
    SELECT TOP(1) [u].[Id], [u].[CreatedAtUtc], [u].[Email], [u].[FirstName], [u].[IsActive], [u].[LastName], [u].[PasswordHash], [u].[PhoneNumber], [u].[UpdatedAtUtc], [u].[UserName]
    FROM [Users] AS [u]
    WHERE [u].[Email] = @__email_0
) AS [u1]
LEFT JOIN (
    SELECT [u0].[UserId], [u0].[RoleId], [r].[Id], [r].[CreatedAtUtc], [r].[Name], [r].[UpdatedAtUtc]
    FROM [UserRoles] AS [u0]
    INNER JOIN [Roles] AS [r] ON [u0].[RoleId] = [r].[Id]
) AS [s] ON [u1].[Id] = [s].[UserId]
ORDER BY [u1].[Id], [s].[UserId], [s].[RoleId]
2025-06-10 19:41:39.571 +07:00 [INF] (Microsoft.EntityFrameworkCore.Database.Command) Executed DbCommand (1ms) [Parameters=[@__username_0='Admin' (Size = 450)], CommandType='"Text"', CommandTimeout='30']
SELECT [u1].[Id], [u1].[CreatedAtUtc], [u1].[Email], [u1].[FirstName], [u1].[IsActive], [u1].[LastName], [u1].[PasswordHash], [u1].[PhoneNumber], [u1].[UpdatedAtUtc], [u1].[UserName], [s].[UserId], [s].[RoleId], [s].[Id], [s].[CreatedAtUtc], [s].[Name], [s].[UpdatedAtUtc]
FROM (
    SELECT TOP(1) [u].[Id], [u].[CreatedAtUtc], [u].[Email], [u].[FirstName], [u].[IsActive], [u].[LastName], [u].[PasswordHash], [u].[PhoneNumber], [u].[UpdatedAtUtc], [u].[UserName]
    FROM [Users] AS [u]
    WHERE [u].[UserName] = @__username_0
) AS [u1]
LEFT JOIN (
    SELECT [u0].[UserId], [u0].[RoleId], [r].[Id], [r].[CreatedAtUtc], [r].[Name], [r].[UpdatedAtUtc]
    FROM [UserRoles] AS [u0]
    INNER JOIN [Roles] AS [r] ON [u0].[RoleId] = [r].[Id]
) AS [s] ON [u1].[Id] = [s].[UserId]
ORDER BY [u1].[Id], [s].[UserId], [s].[RoleId]
2025-06-10 19:41:40.048 +07:00 [INF] (Microsoft.EntityFrameworkCore.Database.Command) Executed DbCommand (1ms) [Parameters=[@__userId_0='f54527eb-f806-40db-bf76-c7b0e5fa6d39'], CommandType='"Text"', CommandTimeout='30']
SELECT [r].[Name]
FROM [UserRoles] AS [u]
INNER JOIN [Roles] AS [r] ON [u].[RoleId] = [r].[Id]
WHERE [u].[UserId] = @__userId_0
2025-06-10 19:41:40.139 +07:00 [INF] (Bookstore.Application.Services.OrderService) Staff "f54527eb-f806-40db-bf76-c7b0e5fa6d39" creating new In-Store order. CustomerId: "00000000-0000-0000-0000-000000000000"
2025-06-10 19:41:40.184 +07:00 [INF] (Microsoft.EntityFrameworkCore.Database.Command) Executed DbCommand (4ms) [Parameters=[@__p_0='6d858026-d70a-4441-8837-01f8d972cb26' (Nullable = true)], CommandType='"Text"', CommandTimeout='30']
SELECT TOP(1) [b].[Id], [b].[AuthorId], [b].[CategoryId], [b].[CoverImageUrl], [b].[CreatedAtUtc], [b].[Description], [b].[ISBN], [b].[IsDeleted], [b].[Price], [b].[PublicationYear], [b].[Publisher], [b].[StockQuantity], [b].[Title], [b].[UpdatedAtUtc]
FROM [Books] AS [b]
WHERE [b].[IsDeleted] = CAST(0 AS bit) AND [b].[Id] = @__p_0
2025-06-10 19:41:40.242 +07:00 [INF] (Microsoft.EntityFrameworkCore.Database.Command) Executed DbCommand (1ms) [Parameters=[@__p_0='c191919e-e763-4e03-9e2b-24d944f4d401' (Nullable = true)], CommandType='"Text"', CommandTimeout='30']
SELECT TOP(1) [b].[Id], [b].[AuthorId], [b].[CategoryId], [b].[CoverImageUrl], [b].[CreatedAtUtc], [b].[Description], [b].[ISBN], [b].[IsDeleted], [b].[Price], [b].[PublicationYear], [b].[Publisher], [b].[StockQuantity], [b].[Title], [b].[UpdatedAtUtc]
FROM [Books] AS [b]
WHERE [b].[IsDeleted] = CAST(0 AS bit) AND [b].[Id] = @__p_0
2025-06-10 19:41:40.473 +07:00 [WRN] (Microsoft.EntityFrameworkCore.Database.Transaction) Savepoints are disabled because Multiple Active Result Sets (MARS) is enabled. If 'SaveChanges' fails, then the transaction cannot be automatically rolled back to a known clean state. Instead, the transaction should be rolled back by the application before retrying 'SaveChanges'. See https://go.microsoft.com/fwlink/?linkid=2149338 for more information and examples. To identify the code which triggers this warning, call 'ConfigureWarnings(w => w.Throw(SqlServerEventId.SavepointsDisabledBecauseOfMARS))'.
2025-06-10 19:41:40.512 +07:00 [INF] (Microsoft.EntityFrameworkCore.Database.Command) Executed DbCommand (26ms) [Parameters=[@p2='6d858026-d70a-4441-8837-01f8d972cb26', @p0='4', @p1='2025-06-10T12:41:40.3935725Z', @p5='c191919e-e763-4e03-9e2b-24d944f4d401', @p3='215', @p4='2025-06-10T12:41:40.3935728Z', @p6='5f9325f0-72c6-424d-85b9-9134a28cdf68', @p7='2025-06-10T12:41:40.3935690Z', @p8='1' (Size = 1), @p9='INV-20250610124140-CA2D' (Size = 50), @p10='2025-06-10T12:41:40.1566014Z', @p11=NULL (DbType = Guid), @p12='1' (Size = 1), @p13='1' (Nullable = true) (Size = 1), @p14='Completed' (Nullable = false) (Size = 50), @p15='3' (Size = 1), @p16='281.75' (Precision = 18) (Scale = 2), @p17=NULL (Size = 4000), @p18='2025-06-10T12:41:40.3935687Z', @p19=NULL (DbType = Guid), @p20='18a9df22-b43f-4657-b976-7074ddc7870b', @p21='c191919e-e763-4e03-9e2b-24d944f4d401', @p22='-1', @p23='5f9325f0-72c6-424d-85b9-9134a28cdf68' (Nullable = true), @p24='2' (Size = 1), @p25=NULL (DbType = Guid), @p26='2025-06-10T12:41:40.1566014Z', @p27='f54527eb-f806-40db-bf76-c7b0e5fa6d39' (Nullable = true), @p28='8c71da3f-4f48-44d2-9963-306c2e850498', @p29='6d858026-d70a-4441-8837-01f8d972cb26', @p30='-2', @p31='5f9325f0-72c6-424d-85b9-9134a28cdf68' (Nullable = true), @p32='2' (Size = 1), @p33=NULL (DbType = Guid), @p34='2025-06-10T12:41:40.1566014Z', @p35='f54527eb-f806-40db-bf76-c7b0e5fa6d39' (Nullable = true), @p36='63732e44-89ea-47c0-9fe3-89b0fa0a0449', @p37='c191919e-e763-4e03-9e2b-24d944f4d401', @p38='5f9325f0-72c6-424d-85b9-9134a28cdf68', @p39='1', @p40='35.75' (Precision = 18) (Scale = 2), @p41='660c2cbd-83e0-4c47-b199-2cb26c381622', @p42='6d858026-d70a-4441-8837-01f8d972cb26', @p43='5f9325f0-72c6-424d-85b9-9134a28cdf68', @p44='2', @p45='123.00' (Precision = 18) (Scale = 2)], CommandType='"Text"', CommandTimeout='30']
SET NOCOUNT ON;
UPDATE [Books] SET [StockQuantity] = @p0, [UpdatedAtUtc] = @p1
OUTPUT 1
WHERE [Id] = @p2;
UPDATE [Books] SET [StockQuantity] = @p3, [UpdatedAtUtc] = @p4
OUTPUT 1
WHERE [Id] = @p5;
INSERT INTO [Orders] ([Id], [CreatedAtUtc], [DeliveryMethod], [InvoiceNumber], [OrderDate], [OrderShippingAddressId], [OrderType], [PaymentMethod], [PaymentStatus], [Status], [TotalAmount], [TransactionId], [UpdatedAtUtc], [UserId])
VALUES (@p6, @p7, @p8, @p9, @p10, @p11, @p12, @p13, @p14, @p15, @p16, @p17, @p18, @p19);
INSERT INTO [InventoryLogs] ([Id], [BookId], [ChangeQuantity], [OrderId], [Reason], [StockReceiptId], [TimestampUtc], [UserId])
VALUES (@p20, @p21, @p22, @p23, @p24, @p25, @p26, @p27),
(@p28, @p29, @p30, @p31, @p32, @p33, @p34, @p35);
INSERT INTO [OrderDetails] ([Id], [BookId], [OrderId], [Quantity], [UnitPrice])
VALUES (@p36, @p37, @p38, @p39, @p40),
(@p41, @p42, @p43, @p44, @p45);
2025-06-10 19:41:40.542 +07:00 [INF] (Bookstore.Application.Services.OrderService) In-Store order "5f9325f0-72c6-424d-85b9-9134a28cdf68" created successfully by Staff "f54527eb-f806-40db-bf76-c7b0e5fa6d39".
2025-06-10 19:41:40.617 +07:00 [INF] (Microsoft.EntityFrameworkCore.Database.Command) Executed DbCommand (11ms) [Parameters=[@__orderId_0='5f9325f0-72c6-424d-85b9-9134a28cdf68'], CommandType='"Text"', CommandTimeout='30']
SELECT [s].[Id], [s].[CreatedAtUtc], [s].[DeliveryMethod], [s].[InvoiceNumber], [s].[OrderDate], [s].[OrderShippingAddressId], [s].[OrderType], [s].[PaymentMethod], [s].[PaymentStatus], [s].[Status], [s].[TotalAmount], [s].[TransactionId], [s].[UpdatedAtUtc], [s].[UserId], [s].[Id0], [s].[CreatedAtUtc0], [s].[Email], [s].[FirstName], [s].[IsActive], [s].[LastName], [s].[PasswordHash], [s].[PhoneNumber], [s].[UpdatedAtUtc0], [s].[UserName], [s].[Id1], [s].[City], [s].[District], [s].[PhoneNumber0], [s].[RecipientName], [s].[Street], [s].[Village], [s0].[Id], [s0].[BookId], [s0].[OrderId], [s0].[Quantity], [s0].[UnitPrice], [s0].[Id0], [s0].[AuthorId], [s0].[CategoryId], [s0].[CoverImageUrl], [s0].[CreatedAtUtc], [s0].[Description], [s0].[ISBN], [s0].[IsDeleted], [s0].[Price], [s0].[PublicationYear], [s0].[Publisher], [s0].[StockQuantity], [s0].[Title], [s0].[UpdatedAtUtc], [s0].[Id1], [s0].[Biography], [s0].[CreatedAtUtc0], [s0].[Name], [s0].[UpdatedAtUtc0]
FROM (
    SELECT TOP(1) [o].[Id], [o].[CreatedAtUtc], [o].[DeliveryMethod], [o].[InvoiceNumber], [o].[OrderDate], [o].[OrderShippingAddressId], [o].[OrderType], [o].[PaymentMethod], [o].[PaymentStatus], [o].[Status], [o].[TotalAmount], [o].[TransactionId], [o].[UpdatedAtUtc], [o].[UserId], [u].[Id] AS [Id0], [u].[CreatedAtUtc] AS [CreatedAtUtc0], [u].[Email], [u].[FirstName], [u].[IsActive], [u].[LastName], [u].[PasswordHash], [u].[PhoneNumber], [u].[UpdatedAtUtc] AS [UpdatedAtUtc0], [u].[UserName], [o0].[Id] AS [Id1], [o0].[City], [o0].[District], [o0].[PhoneNumber] AS [PhoneNumber0], [o0].[RecipientName], [o0].[Street], [o0].[Village]
    FROM [Orders] AS [o]
    LEFT JOIN [Users] AS [u] ON [o].[UserId] = [u].[Id]
    LEFT JOIN [OrderShippingAddresses] AS [o0] ON [o].[OrderShippingAddressId] = [o0].[Id]
    WHERE [o].[Id] = @__orderId_0
) AS [s]
LEFT JOIN (
    SELECT [o1].[Id], [o1].[BookId], [o1].[OrderId], [o1].[Quantity], [o1].[UnitPrice], [b0].[Id] AS [Id0], [b0].[AuthorId], [b0].[CategoryId], [b0].[CoverImageUrl], [b0].[CreatedAtUtc], [b0].[Description], [b0].[ISBN], [b0].[IsDeleted], [b0].[Price], [b0].[PublicationYear], [b0].[Publisher], [b0].[StockQuantity], [b0].[Title], [b0].[UpdatedAtUtc], [a].[Id] AS [Id1], [a].[Biography], [a].[CreatedAtUtc] AS [CreatedAtUtc0], [a].[Name], [a].[UpdatedAtUtc] AS [UpdatedAtUtc0]
    FROM [OrderDetails] AS [o1]
    INNER JOIN (
        SELECT [b].[Id], [b].[AuthorId], [b].[CategoryId], [b].[CoverImageUrl], [b].[CreatedAtUtc], [b].[Description], [b].[ISBN], [b].[IsDeleted], [b].[Price], [b].[PublicationYear], [b].[Publisher], [b].[StockQuantity], [b].[Title], [b].[UpdatedAtUtc]
        FROM [Books] AS [b]
        WHERE [b].[IsDeleted] = CAST(0 AS bit)
    ) AS [b0] ON [o1].[BookId] = [b0].[Id]
    LEFT JOIN [Authors] AS [a] ON [b0].[AuthorId] = [a].[Id]
) AS [s0] ON [s].[Id] = [s0].[OrderId]
ORDER BY [s].[Id], [s].[Id0], [s].[Id1], [s0].[Id], [s0].[Id0]
2025-06-10 19:41:40.704 +07:00 [INF] (Microsoft.EntityFrameworkCore.Database.Command) Executed DbCommand (0ms) [Parameters=[@__email_0='Admin' (Size = 450)], CommandType='"Text"', CommandTimeout='30']
SELECT [u1].[Id], [u1].[CreatedAtUtc], [u1].[Email], [u1].[FirstName], [u1].[IsActive], [u1].[LastName], [u1].[PasswordHash], [u1].[PhoneNumber], [u1].[UpdatedAtUtc], [u1].[UserName], [s].[UserId], [s].[RoleId], [s].[Id], [s].[CreatedAtUtc], [s].[Name], [s].[UpdatedAtUtc]
FROM (
    SELECT TOP(1) [u].[Id], [u].[CreatedAtUtc], [u].[Email], [u].[FirstName], [u].[IsActive], [u].[LastName], [u].[PasswordHash], [u].[PhoneNumber], [u].[UpdatedAtUtc], [u].[UserName]
    FROM [Users] AS [u]
    WHERE [u].[Email] = @__email_0
) AS [u1]
LEFT JOIN (
    SELECT [u0].[UserId], [u0].[RoleId], [r].[Id], [r].[CreatedAtUtc], [r].[Name], [r].[UpdatedAtUtc]
    FROM [UserRoles] AS [u0]
    INNER JOIN [Roles] AS [r] ON [u0].[RoleId] = [r].[Id]
) AS [s] ON [u1].[Id] = [s].[UserId]
ORDER BY [u1].[Id], [s].[UserId], [s].[RoleId]
2025-06-10 19:41:40.713 +07:00 [INF] (Microsoft.EntityFrameworkCore.Database.Command) Executed DbCommand (1ms) [Parameters=[@__username_0='Admin' (Size = 450)], CommandType='"Text"', CommandTimeout='30']
SELECT [u1].[Id], [u1].[CreatedAtUtc], [u1].[Email], [u1].[FirstName], [u1].[IsActive], [u1].[LastName], [u1].[PasswordHash], [u1].[PhoneNumber], [u1].[UpdatedAtUtc], [u1].[UserName], [s].[UserId], [s].[RoleId], [s].[Id], [s].[CreatedAtUtc], [s].[Name], [s].[UpdatedAtUtc]
FROM (
    SELECT TOP(1) [u].[Id], [u].[CreatedAtUtc], [u].[Email], [u].[FirstName], [u].[IsActive], [u].[LastName], [u].[PasswordHash], [u].[PhoneNumber], [u].[UpdatedAtUtc], [u].[UserName]
    FROM [Users] AS [u]
    WHERE [u].[UserName] = @__username_0
) AS [u1]
LEFT JOIN (
    SELECT [u0].[UserId], [u0].[RoleId], [r].[Id], [r].[CreatedAtUtc], [r].[Name], [r].[UpdatedAtUtc]
    FROM [UserRoles] AS [u0]
    INNER JOIN [Roles] AS [r] ON [u0].[RoleId] = [r].[Id]
) AS [s] ON [u1].[Id] = [s].[UserId]
ORDER BY [u1].[Id], [s].[UserId], [s].[RoleId]
2025-06-10 19:41:40.985 +07:00 [INF] (Microsoft.EntityFrameworkCore.Database.Command) Executed DbCommand (1ms) [Parameters=[@__userId_0='f54527eb-f806-40db-bf76-c7b0e5fa6d39'], CommandType='"Text"', CommandTimeout='30']
SELECT [r].[Name]
FROM [UserRoles] AS [u]
INNER JOIN [Roles] AS [r] ON [u].[RoleId] = [r].[Id]
WHERE [u].[UserId] = @__userId_0
2025-06-10 19:41:41.101 +07:00 [INF] (Bookstore.Application.Services.UserService) Fetching users for admin. Page: 1, PageSize: 10, Role: All, Active: All, Search: None
2025-06-10 19:41:41.129 +07:00 [INF] (Microsoft.EntityFrameworkCore.Database.Command) Executed DbCommand (4ms) [Parameters=[@__p_0='0', @__p_1='10'], CommandType='"Text"', CommandTimeout='30']
SELECT [u1].[Id], [u1].[CreatedAtUtc], [u1].[Email], [u1].[FirstName], [u1].[IsActive], [u1].[LastName], [u1].[PasswordHash], [u1].[PhoneNumber], [u1].[UpdatedAtUtc], [u1].[UserName], [s].[UserId], [s].[RoleId], [s].[Id], [s].[CreatedAtUtc], [s].[Name], [s].[UpdatedAtUtc]
FROM (
    SELECT [u].[Id], [u].[CreatedAtUtc], [u].[Email], [u].[FirstName], [u].[IsActive], [u].[LastName], [u].[PasswordHash], [u].[PhoneNumber], [u].[UpdatedAtUtc], [u].[UserName]
    FROM [Users] AS [u]
    ORDER BY [u].[UserName]
    OFFSET @__p_0 ROWS FETCH NEXT @__p_1 ROWS ONLY
) AS [u1]
LEFT JOIN (
    SELECT [u0].[UserId], [u0].[RoleId], [r].[Id], [r].[CreatedAtUtc], [r].[Name], [r].[UpdatedAtUtc]
    FROM [UserRoles] AS [u0]
    INNER JOIN [Roles] AS [r] ON [u0].[RoleId] = [r].[Id]
) AS [s] ON [u1].[Id] = [s].[UserId]
ORDER BY [u1].[UserName], [u1].[Id], [s].[UserId], [s].[RoleId]
2025-06-10 19:41:41.197 +07:00 [INF] (Microsoft.EntityFrameworkCore.Database.Command) Executed DbCommand (0ms) [Parameters=[@__email_0='Admin' (Size = 450)], CommandType='"Text"', CommandTimeout='30']
SELECT [u1].[Id], [u1].[CreatedAtUtc], [u1].[Email], [u1].[FirstName], [u1].[IsActive], [u1].[LastName], [u1].[PasswordHash], [u1].[PhoneNumber], [u1].[UpdatedAtUtc], [u1].[UserName], [s].[UserId], [s].[RoleId], [s].[Id], [s].[CreatedAtUtc], [s].[Name], [s].[UpdatedAtUtc]
FROM (
    SELECT TOP(1) [u].[Id], [u].[CreatedAtUtc], [u].[Email], [u].[FirstName], [u].[IsActive], [u].[LastName], [u].[PasswordHash], [u].[PhoneNumber], [u].[UpdatedAtUtc], [u].[UserName]
    FROM [Users] AS [u]
    WHERE [u].[Email] = @__email_0
) AS [u1]
LEFT JOIN (
    SELECT [u0].[UserId], [u0].[RoleId], [r].[Id], [r].[CreatedAtUtc], [r].[Name], [r].[UpdatedAtUtc]
    FROM [UserRoles] AS [u0]
    INNER JOIN [Roles] AS [r] ON [u0].[RoleId] = [r].[Id]
) AS [s] ON [u1].[Id] = [s].[UserId]
ORDER BY [u1].[Id], [s].[UserId], [s].[RoleId]
2025-06-10 19:41:41.202 +07:00 [INF] (Microsoft.EntityFrameworkCore.Database.Command) Executed DbCommand (0ms) [Parameters=[@__username_0='Admin' (Size = 450)], CommandType='"Text"', CommandTimeout='30']
SELECT [u1].[Id], [u1].[CreatedAtUtc], [u1].[Email], [u1].[FirstName], [u1].[IsActive], [u1].[LastName], [u1].[PasswordHash], [u1].[PhoneNumber], [u1].[UpdatedAtUtc], [u1].[UserName], [s].[UserId], [s].[RoleId], [s].[Id], [s].[CreatedAtUtc], [s].[Name], [s].[UpdatedAtUtc]
FROM (
    SELECT TOP(1) [u].[Id], [u].[CreatedAtUtc], [u].[Email], [u].[FirstName], [u].[IsActive], [u].[LastName], [u].[PasswordHash], [u].[PhoneNumber], [u].[UpdatedAtUtc], [u].[UserName]
    FROM [Users] AS [u]
    WHERE [u].[UserName] = @__username_0
) AS [u1]
LEFT JOIN (
    SELECT [u0].[UserId], [u0].[RoleId], [r].[Id], [r].[CreatedAtUtc], [r].[Name], [r].[UpdatedAtUtc]
    FROM [UserRoles] AS [u0]
    INNER JOIN [Roles] AS [r] ON [u0].[RoleId] = [r].[Id]
) AS [s] ON [u1].[Id] = [s].[UserId]
ORDER BY [u1].[Id], [s].[UserId], [s].[RoleId]
2025-06-10 19:41:41.469 +07:00 [INF] (Microsoft.EntityFrameworkCore.Database.Command) Executed DbCommand (3ms) [Parameters=[@__userId_0='f54527eb-f806-40db-bf76-c7b0e5fa6d39'], CommandType='"Text"', CommandTimeout='30']
SELECT [r].[Name]
FROM [UserRoles] AS [u]
INNER JOIN [Roles] AS [r] ON [u].[RoleId] = [r].[Id]
WHERE [u].[UserId] = @__userId_0
2025-06-10 19:41:41.512 +07:00 [INF] (Bookstore.Application.Services.UserService) Fetching user details for admin. UserId: "b2c3d4e5-f6a1-4b8c-8d9e-3f4a5b6c7d8e"
2025-06-10 19:41:41.535 +07:00 [INF] (Microsoft.EntityFrameworkCore.Database.Command) Executed DbCommand (6ms) [Parameters=[@__userId_0='b2c3d4e5-f6a1-4b8c-8d9e-3f4a5b6c7d8e'], CommandType='"Text"', CommandTimeout='30']
SELECT [u1].[Id], [u1].[CreatedAtUtc], [u1].[Email], [u1].[FirstName], [u1].[IsActive], [u1].[LastName], [u1].[PasswordHash], [u1].[PhoneNumber], [u1].[UpdatedAtUtc], [u1].[UserName], [s].[UserId], [s].[RoleId], [s].[Id], [s].[CreatedAtUtc], [s].[Name], [s].[UpdatedAtUtc]
FROM (
    SELECT TOP(1) [u].[Id], [u].[CreatedAtUtc], [u].[Email], [u].[FirstName], [u].[IsActive], [u].[LastName], [u].[PasswordHash], [u].[PhoneNumber], [u].[UpdatedAtUtc], [u].[UserName]
    FROM [Users] AS [u]
    WHERE [u].[Id] = @__userId_0
) AS [u1]
LEFT JOIN (
    SELECT [u0].[UserId], [u0].[RoleId], [r].[Id], [r].[CreatedAtUtc], [r].[Name], [r].[UpdatedAtUtc]
    FROM [UserRoles] AS [u0]
    INNER JOIN [Roles] AS [r] ON [u0].[RoleId] = [r].[Id]
) AS [s] ON [u1].[Id] = [s].[UserId]
ORDER BY [u1].[Id], [s].[UserId], [s].[RoleId]
2025-06-10 19:41:41.604 +07:00 [INF] (Microsoft.EntityFrameworkCore.Database.Command) Executed DbCommand (6ms) [Parameters=[@__email_0='Admin' (Size = 450)], CommandType='"Text"', CommandTimeout='30']
SELECT [u1].[Id], [u1].[CreatedAtUtc], [u1].[Email], [u1].[FirstName], [u1].[IsActive], [u1].[LastName], [u1].[PasswordHash], [u1].[PhoneNumber], [u1].[UpdatedAtUtc], [u1].[UserName], [s].[UserId], [s].[RoleId], [s].[Id], [s].[CreatedAtUtc], [s].[Name], [s].[UpdatedAtUtc]
FROM (
    SELECT TOP(1) [u].[Id], [u].[CreatedAtUtc], [u].[Email], [u].[FirstName], [u].[IsActive], [u].[LastName], [u].[PasswordHash], [u].[PhoneNumber], [u].[UpdatedAtUtc], [u].[UserName]
    FROM [Users] AS [u]
    WHERE [u].[Email] = @__email_0
) AS [u1]
LEFT JOIN (
    SELECT [u0].[UserId], [u0].[RoleId], [r].[Id], [r].[CreatedAtUtc], [r].[Name], [r].[UpdatedAtUtc]
    FROM [UserRoles] AS [u0]
    INNER JOIN [Roles] AS [r] ON [u0].[RoleId] = [r].[Id]
) AS [s] ON [u1].[Id] = [s].[UserId]
ORDER BY [u1].[Id], [s].[UserId], [s].[RoleId]
2025-06-10 19:41:41.615 +07:00 [INF] (Microsoft.EntityFrameworkCore.Database.Command) Executed DbCommand (5ms) [Parameters=[@__username_0='Admin' (Size = 450)], CommandType='"Text"', CommandTimeout='30']
SELECT [u1].[Id], [u1].[CreatedAtUtc], [u1].[Email], [u1].[FirstName], [u1].[IsActive], [u1].[LastName], [u1].[PasswordHash], [u1].[PhoneNumber], [u1].[UpdatedAtUtc], [u1].[UserName], [s].[UserId], [s].[RoleId], [s].[Id], [s].[CreatedAtUtc], [s].[Name], [s].[UpdatedAtUtc]
FROM (
    SELECT TOP(1) [u].[Id], [u].[CreatedAtUtc], [u].[Email], [u].[FirstName], [u].[IsActive], [u].[LastName], [u].[PasswordHash], [u].[PhoneNumber], [u].[UpdatedAtUtc], [u].[UserName]
    FROM [Users] AS [u]
    WHERE [u].[UserName] = @__username_0
) AS [u1]
LEFT JOIN (
    SELECT [u0].[UserId], [u0].[RoleId], [r].[Id], [r].[CreatedAtUtc], [r].[Name], [r].[UpdatedAtUtc]
    FROM [UserRoles] AS [u0]
    INNER JOIN [Roles] AS [r] ON [u0].[RoleId] = [r].[Id]
) AS [s] ON [u1].[Id] = [s].[UserId]
ORDER BY [u1].[Id], [s].[UserId], [s].[RoleId]
2025-06-10 19:41:41.883 +07:00 [INF] (Microsoft.EntityFrameworkCore.Database.Command) Executed DbCommand (2ms) [Parameters=[@__userId_0='f54527eb-f806-40db-bf76-c7b0e5fa6d39'], CommandType='"Text"', CommandTimeout='30']
SELECT [r].[Name]
FROM [UserRoles] AS [u]
INNER JOIN [Roles] AS [r] ON [u].[RoleId] = [r].[Id]
WHERE [u].[UserId] = @__userId_0
2025-06-10 19:41:41.924 +07:00 [INF] (Bookstore.Application.Services.UserService) Attempting to update status for user "7a214044-adb3-4b9e-be93-1ff4539c1006" to IsActive=false
2025-06-10 19:41:41.934 +07:00 [INF] (Microsoft.EntityFrameworkCore.Database.Command) Executed DbCommand (2ms) [Parameters=[@__p_0='7a214044-adb3-4b9e-be93-1ff4539c1006' (Nullable = true)], CommandType='"Text"', CommandTimeout='30']
SELECT TOP(1) [u].[Id], [u].[CreatedAtUtc], [u].[Email], [u].[FirstName], [u].[IsActive], [u].[LastName], [u].[PasswordHash], [u].[PhoneNumber], [u].[UpdatedAtUtc], [u].[UserName]
FROM [Users] AS [u]
WHERE [u].[Id] = @__p_0
2025-06-10 19:41:41.952 +07:00 [INF] (Bookstore.Application.Services.UserService) User "7a214044-adb3-4b9e-be93-1ff4539c1006" status already matches. No update needed.
2025-06-10 19:41:41.992 +07:00 [INF] (Microsoft.EntityFrameworkCore.Database.Command) Executed DbCommand (5ms) [Parameters=[@__email_0='Admin' (Size = 450)], CommandType='"Text"', CommandTimeout='30']
SELECT [u1].[Id], [u1].[CreatedAtUtc], [u1].[Email], [u1].[FirstName], [u1].[IsActive], [u1].[LastName], [u1].[PasswordHash], [u1].[PhoneNumber], [u1].[UpdatedAtUtc], [u1].[UserName], [s].[UserId], [s].[RoleId], [s].[Id], [s].[CreatedAtUtc], [s].[Name], [s].[UpdatedAtUtc]
FROM (
    SELECT TOP(1) [u].[Id], [u].[CreatedAtUtc], [u].[Email], [u].[FirstName], [u].[IsActive], [u].[LastName], [u].[PasswordHash], [u].[PhoneNumber], [u].[UpdatedAtUtc], [u].[UserName]
    FROM [Users] AS [u]
    WHERE [u].[Email] = @__email_0
) AS [u1]
LEFT JOIN (
    SELECT [u0].[UserId], [u0].[RoleId], [r].[Id], [r].[CreatedAtUtc], [r].[Name], [r].[UpdatedAtUtc]
    FROM [UserRoles] AS [u0]
    INNER JOIN [Roles] AS [r] ON [u0].[RoleId] = [r].[Id]
) AS [s] ON [u1].[Id] = [s].[UserId]
ORDER BY [u1].[Id], [s].[UserId], [s].[RoleId]
2025-06-10 19:41:42.001 +07:00 [INF] (Microsoft.EntityFrameworkCore.Database.Command) Executed DbCommand (4ms) [Parameters=[@__username_0='Admin' (Size = 450)], CommandType='"Text"', CommandTimeout='30']
SELECT [u1].[Id], [u1].[CreatedAtUtc], [u1].[Email], [u1].[FirstName], [u1].[IsActive], [u1].[LastName], [u1].[PasswordHash], [u1].[PhoneNumber], [u1].[UpdatedAtUtc], [u1].[UserName], [s].[UserId], [s].[RoleId], [s].[Id], [s].[CreatedAtUtc], [s].[Name], [s].[UpdatedAtUtc]
FROM (
    SELECT TOP(1) [u].[Id], [u].[CreatedAtUtc], [u].[Email], [u].[FirstName], [u].[IsActive], [u].[LastName], [u].[PasswordHash], [u].[PhoneNumber], [u].[UpdatedAtUtc], [u].[UserName]
    FROM [Users] AS [u]
    WHERE [u].[UserName] = @__username_0
) AS [u1]
LEFT JOIN (
    SELECT [u0].[UserId], [u0].[RoleId], [r].[Id], [r].[CreatedAtUtc], [r].[Name], [r].[UpdatedAtUtc]
    FROM [UserRoles] AS [u0]
    INNER JOIN [Roles] AS [r] ON [u0].[RoleId] = [r].[Id]
) AS [s] ON [u1].[Id] = [s].[UserId]
ORDER BY [u1].[Id], [s].[UserId], [s].[RoleId]
2025-06-10 19:41:42.268 +07:00 [INF] (Microsoft.EntityFrameworkCore.Database.Command) Executed DbCommand (2ms) [Parameters=[@__userId_0='f54527eb-f806-40db-bf76-c7b0e5fa6d39'], CommandType='"Text"', CommandTimeout='30']
SELECT [r].[Name]
FROM [UserRoles] AS [u]
INNER JOIN [Roles] AS [r] ON [u].[RoleId] = [r].[Id]
WHERE [u].[UserId] = @__userId_0
2025-06-10 19:41:42.321 +07:00 [INF] (Bookstore.Application.Services.InventoryService) User "f54527eb-f806-40db-bf76-c7b0e5fa6d39" attempting to adjust stock for Book "6d858026-d70a-4441-8837-01f8d972cb26". Change: -30, Reason: "Adjustment"
2025-06-10 19:41:42.327 +07:00 [INF] (Microsoft.EntityFrameworkCore.Database.Command) Executed DbCommand (2ms) [Parameters=[@__p_0='6d858026-d70a-4441-8837-01f8d972cb26' (Nullable = true)], CommandType='"Text"', CommandTimeout='30']
SELECT TOP(1) [b].[Id], [b].[AuthorId], [b].[CategoryId], [b].[CoverImageUrl], [b].[CreatedAtUtc], [b].[Description], [b].[ISBN], [b].[IsDeleted], [b].[Price], [b].[PublicationYear], [b].[Publisher], [b].[StockQuantity], [b].[Title], [b].[UpdatedAtUtc]
FROM [Books] AS [b]
WHERE [b].[IsDeleted] = CAST(0 AS bit) AND [b].[Id] = @__p_0
2025-06-10 19:41:42.384 +07:00 [ERR] (Bookstore.Application.Services.InventoryService) Error adjusting stock for Book "6d858026-d70a-4441-8837-01f8d972cb26" by User "f54527eb-f806-40db-bf76-c7b0e5fa6d39".
ValidationException: Cannot adjust stock for book 'Clean Code 2'. Current stock (4) is less than the reduction amount (30).
   at Bookstore.Application.Services.InventoryService.AdjustStockManuallyAsync(Guid userId, AdjustInventoryRequestDto adjustDto, CancellationToken cancellationToken) in C:\Users\Nguyn\Desktop\Đồ án tốt nghiệp\BookStoreManagement\src\Bookstore.Application\Services\InventoryService.cs:line 62
2025-06-10 19:41:42.523 +07:00 [INF] (Microsoft.EntityFrameworkCore.Database.Command) Executed DbCommand (6ms) [Parameters=[@__email_0='Admin' (Size = 450)], CommandType='"Text"', CommandTimeout='30']
SELECT [u1].[Id], [u1].[CreatedAtUtc], [u1].[Email], [u1].[FirstName], [u1].[IsActive], [u1].[LastName], [u1].[PasswordHash], [u1].[PhoneNumber], [u1].[UpdatedAtUtc], [u1].[UserName], [s].[UserId], [s].[RoleId], [s].[Id], [s].[CreatedAtUtc], [s].[Name], [s].[UpdatedAtUtc]
FROM (
    SELECT TOP(1) [u].[Id], [u].[CreatedAtUtc], [u].[Email], [u].[FirstName], [u].[IsActive], [u].[LastName], [u].[PasswordHash], [u].[PhoneNumber], [u].[UpdatedAtUtc], [u].[UserName]
    FROM [Users] AS [u]
    WHERE [u].[Email] = @__email_0
) AS [u1]
LEFT JOIN (
    SELECT [u0].[UserId], [u0].[RoleId], [r].[Id], [r].[CreatedAtUtc], [r].[Name], [r].[UpdatedAtUtc]
    FROM [UserRoles] AS [u0]
    INNER JOIN [Roles] AS [r] ON [u0].[RoleId] = [r].[Id]
) AS [s] ON [u1].[Id] = [s].[UserId]
ORDER BY [u1].[Id], [s].[UserId], [s].[RoleId]
2025-06-10 19:41:42.534 +07:00 [INF] (Microsoft.EntityFrameworkCore.Database.Command) Executed DbCommand (6ms) [Parameters=[@__username_0='Admin' (Size = 450)], CommandType='"Text"', CommandTimeout='30']
SELECT [u1].[Id], [u1].[CreatedAtUtc], [u1].[Email], [u1].[FirstName], [u1].[IsActive], [u1].[LastName], [u1].[PasswordHash], [u1].[PhoneNumber], [u1].[UpdatedAtUtc], [u1].[UserName], [s].[UserId], [s].[RoleId], [s].[Id], [s].[CreatedAtUtc], [s].[Name], [s].[UpdatedAtUtc]
FROM (
    SELECT TOP(1) [u].[Id], [u].[CreatedAtUtc], [u].[Email], [u].[FirstName], [u].[IsActive], [u].[LastName], [u].[PasswordHash], [u].[PhoneNumber], [u].[UpdatedAtUtc], [u].[UserName]
    FROM [Users] AS [u]
    WHERE [u].[UserName] = @__username_0
) AS [u1]
LEFT JOIN (
    SELECT [u0].[UserId], [u0].[RoleId], [r].[Id], [r].[CreatedAtUtc], [r].[Name], [r].[UpdatedAtUtc]
    FROM [UserRoles] AS [u0]
    INNER JOIN [Roles] AS [r] ON [u0].[RoleId] = [r].[Id]
) AS [s] ON [u1].[Id] = [s].[UserId]
ORDER BY [u1].[Id], [s].[UserId], [s].[RoleId]
2025-06-10 19:41:42.804 +07:00 [INF] (Microsoft.EntityFrameworkCore.Database.Command) Executed DbCommand (3ms) [Parameters=[@__userId_0='f54527eb-f806-40db-bf76-c7b0e5fa6d39'], CommandType='"Text"', CommandTimeout='30']
SELECT [r].[Name]
FROM [UserRoles] AS [u]
INNER JOIN [Roles] AS [r] ON [u].[RoleId] = [r].[Id]
WHERE [u].[UserId] = @__userId_0
2025-06-10 19:41:42.845 +07:00 [INF] (Bookstore.Application.Services.InventoryService) Fetching inventory history. BookId: null, Reason: null, Start: null, End: null, User: null, Page: 1
2025-06-10 19:41:42.867 +07:00 [INF] (Microsoft.EntityFrameworkCore.Database.Command) Executed DbCommand (3ms) [Parameters=[], CommandType='"Text"', CommandTimeout='30']
SELECT COUNT(*)
FROM [InventoryLogs] AS [i]
2025-06-10 19:41:42.889 +07:00 [INF] (Microsoft.EntityFrameworkCore.Database.Command) Executed DbCommand (7ms) [Parameters=[@__p_0='0', @__p_1='20'], CommandType='"Text"', CommandTimeout='30']
SELECT [i0].[Id], [i0].[BookId], [i0].[ChangeQuantity], [i0].[OrderId], [i0].[Reason], [i0].[StockReceiptId], [i0].[TimestampUtc], [i0].[UserId], [b0].[Id], [b0].[AuthorId], [b0].[CategoryId], [b0].[CoverImageUrl], [b0].[CreatedAtUtc], [b0].[Description], [b0].[ISBN], [b0].[IsDeleted], [b0].[Price], [b0].[PublicationYear], [b0].[Publisher], [b0].[StockQuantity], [b0].[Title], [b0].[UpdatedAtUtc], [u].[Id], [u].[CreatedAtUtc], [u].[Email], [u].[FirstName], [u].[IsActive], [u].[LastName], [u].[PasswordHash], [u].[PhoneNumber], [u].[UpdatedAtUtc], [u].[UserName]
FROM (
    SELECT [i].[Id], [i].[BookId], [i].[ChangeQuantity], [i].[OrderId], [i].[Reason], [i].[StockReceiptId], [i].[TimestampUtc], [i].[UserId]
    FROM [InventoryLogs] AS [i]
    ORDER BY [i].[TimestampUtc] DESC
    OFFSET @__p_0 ROWS FETCH NEXT @__p_1 ROWS ONLY
) AS [i0]
INNER JOIN (
    SELECT [b].[Id], [b].[AuthorId], [b].[CategoryId], [b].[CoverImageUrl], [b].[CreatedAtUtc], [b].[Description], [b].[ISBN], [b].[IsDeleted], [b].[Price], [b].[PublicationYear], [b].[Publisher], [b].[StockQuantity], [b].[Title], [b].[UpdatedAtUtc]
    FROM [Books] AS [b]
    WHERE [b].[IsDeleted] = CAST(0 AS bit)
) AS [b0] ON [i0].[BookId] = [b0].[Id]
LEFT JOIN [Users] AS [u] ON [i0].[UserId] = [u].[Id]
ORDER BY [i0].[TimestampUtc] DESC
2025-06-10 19:41:42.972 +07:00 [INF] (Microsoft.EntityFrameworkCore.Database.Command) Executed DbCommand (5ms) [Parameters=[@__email_0='Admin' (Size = 450)], CommandType='"Text"', CommandTimeout='30']
SELECT [u1].[Id], [u1].[CreatedAtUtc], [u1].[Email], [u1].[FirstName], [u1].[IsActive], [u1].[LastName], [u1].[PasswordHash], [u1].[PhoneNumber], [u1].[UpdatedAtUtc], [u1].[UserName], [s].[UserId], [s].[RoleId], [s].[Id], [s].[CreatedAtUtc], [s].[Name], [s].[UpdatedAtUtc]
FROM (
    SELECT TOP(1) [u].[Id], [u].[CreatedAtUtc], [u].[Email], [u].[FirstName], [u].[IsActive], [u].[LastName], [u].[PasswordHash], [u].[PhoneNumber], [u].[UpdatedAtUtc], [u].[UserName]
    FROM [Users] AS [u]
    WHERE [u].[Email] = @__email_0
) AS [u1]
LEFT JOIN (
    SELECT [u0].[UserId], [u0].[RoleId], [r].[Id], [r].[CreatedAtUtc], [r].[Name], [r].[UpdatedAtUtc]
    FROM [UserRoles] AS [u0]
    INNER JOIN [Roles] AS [r] ON [u0].[RoleId] = [r].[Id]
) AS [s] ON [u1].[Id] = [s].[UserId]
ORDER BY [u1].[Id], [s].[UserId], [s].[RoleId]
2025-06-10 19:41:42.983 +07:00 [INF] (Microsoft.EntityFrameworkCore.Database.Command) Executed DbCommand (6ms) [Parameters=[@__username_0='Admin' (Size = 450)], CommandType='"Text"', CommandTimeout='30']
SELECT [u1].[Id], [u1].[CreatedAtUtc], [u1].[Email], [u1].[FirstName], [u1].[IsActive], [u1].[LastName], [u1].[PasswordHash], [u1].[PhoneNumber], [u1].[UpdatedAtUtc], [u1].[UserName], [s].[UserId], [s].[RoleId], [s].[Id], [s].[CreatedAtUtc], [s].[Name], [s].[UpdatedAtUtc]
FROM (
    SELECT TOP(1) [u].[Id], [u].[CreatedAtUtc], [u].[Email], [u].[FirstName], [u].[IsActive], [u].[LastName], [u].[PasswordHash], [u].[PhoneNumber], [u].[UpdatedAtUtc], [u].[UserName]
    FROM [Users] AS [u]
    WHERE [u].[UserName] = @__username_0
) AS [u1]
LEFT JOIN (
    SELECT [u0].[UserId], [u0].[RoleId], [r].[Id], [r].[CreatedAtUtc], [r].[Name], [r].[UpdatedAtUtc]
    FROM [UserRoles] AS [u0]
    INNER JOIN [Roles] AS [r] ON [u0].[RoleId] = [r].[Id]
) AS [s] ON [u1].[Id] = [s].[UserId]
ORDER BY [u1].[Id], [s].[UserId], [s].[RoleId]
2025-06-10 19:41:43.258 +07:00 [INF] (Microsoft.EntityFrameworkCore.Database.Command) Executed DbCommand (4ms) [Parameters=[@__userId_0='f54527eb-f806-40db-bf76-c7b0e5fa6d39'], CommandType='"Text"', CommandTimeout='30']
SELECT [r].[Name]
FROM [UserRoles] AS [u]
INNER JOIN [Roles] AS [r] ON [u].[RoleId] = [r].[Id]
WHERE [u].[UserId] = @__userId_0
2025-06-10 19:41:43.302 +07:00 [INF] (Bookstore.Application.Services.AuthorService) Creating new author: Hoang Nguyen
2025-06-10 19:41:43.318 +07:00 [INF] (Microsoft.EntityFrameworkCore.Database.Command) Executed DbCommand (3ms) [Parameters=[@__ToLower_0='hoang nguyen' (Size = 4000)], CommandType='"Text"', CommandTimeout='30']
SELECT [a].[Id], [a].[Biography], [a].[CreatedAtUtc], [a].[Name], [a].[UpdatedAtUtc]
FROM [Authors] AS [a]
WHERE LOWER([a].[Name]) = @__ToLower_0
2025-06-10 19:41:43.338 +07:00 [INF] (Microsoft.EntityFrameworkCore.Database.Command) Executed DbCommand (2ms) [Parameters=[@p0='5699803e-dcaf-4e11-8ade-2bfc68bb9e06', @p1='Nha tham hiem dai tai' (Size = 4000), @p2='2025-06-10T12:41:43.3351677Z', @p3='Hoang Nguyen' (Nullable = false) (Size = 4000), @p4='2025-06-10T12:41:43.3351673Z'], CommandType='"Text"', CommandTimeout='30']
SET IMPLICIT_TRANSACTIONS OFF;
SET NOCOUNT ON;
INSERT INTO [Authors] ([Id], [Biography], [CreatedAtUtc], [Name], [UpdatedAtUtc])
VALUES (@p0, @p1, @p2, @p3, @p4);
2025-06-10 19:41:43.342 +07:00 [INF] (Bookstore.Application.Services.AuthorService) Author Hoang Nguyen created with Id "5699803e-dcaf-4e11-8ade-2bfc68bb9e06"
2025-06-10 19:41:43.411 +07:00 [INF] (Microsoft.EntityFrameworkCore.Database.Command) Executed DbCommand (6ms) [Parameters=[@__email_0='Admin' (Size = 450)], CommandType='"Text"', CommandTimeout='30']
SELECT [u1].[Id], [u1].[CreatedAtUtc], [u1].[Email], [u1].[FirstName], [u1].[IsActive], [u1].[LastName], [u1].[PasswordHash], [u1].[PhoneNumber], [u1].[UpdatedAtUtc], [u1].[UserName], [s].[UserId], [s].[RoleId], [s].[Id], [s].[CreatedAtUtc], [s].[Name], [s].[UpdatedAtUtc]
FROM (
    SELECT TOP(1) [u].[Id], [u].[CreatedAtUtc], [u].[Email], [u].[FirstName], [u].[IsActive], [u].[LastName], [u].[PasswordHash], [u].[PhoneNumber], [u].[UpdatedAtUtc], [u].[UserName]
    FROM [Users] AS [u]
    WHERE [u].[Email] = @__email_0
) AS [u1]
LEFT JOIN (
    SELECT [u0].[UserId], [u0].[RoleId], [r].[Id], [r].[CreatedAtUtc], [r].[Name], [r].[UpdatedAtUtc]
    FROM [UserRoles] AS [u0]
    INNER JOIN [Roles] AS [r] ON [u0].[RoleId] = [r].[Id]
) AS [s] ON [u1].[Id] = [s].[UserId]
ORDER BY [u1].[Id], [s].[UserId], [s].[RoleId]
2025-06-10 19:41:43.423 +07:00 [INF] (Microsoft.EntityFrameworkCore.Database.Command) Executed DbCommand (6ms) [Parameters=[@__username_0='Admin' (Size = 450)], CommandType='"Text"', CommandTimeout='30']
SELECT [u1].[Id], [u1].[CreatedAtUtc], [u1].[Email], [u1].[FirstName], [u1].[IsActive], [u1].[LastName], [u1].[PasswordHash], [u1].[PhoneNumber], [u1].[UpdatedAtUtc], [u1].[UserName], [s].[UserId], [s].[RoleId], [s].[Id], [s].[CreatedAtUtc], [s].[Name], [s].[UpdatedAtUtc]
FROM (
    SELECT TOP(1) [u].[Id], [u].[CreatedAtUtc], [u].[Email], [u].[FirstName], [u].[IsActive], [u].[LastName], [u].[PasswordHash], [u].[PhoneNumber], [u].[UpdatedAtUtc], [u].[UserName]
    FROM [Users] AS [u]
    WHERE [u].[UserName] = @__username_0
) AS [u1]
LEFT JOIN (
    SELECT [u0].[UserId], [u0].[RoleId], [r].[Id], [r].[CreatedAtUtc], [r].[Name], [r].[UpdatedAtUtc]
    FROM [UserRoles] AS [u0]
    INNER JOIN [Roles] AS [r] ON [u0].[RoleId] = [r].[Id]
) AS [s] ON [u1].[Id] = [s].[UserId]
ORDER BY [u1].[Id], [s].[UserId], [s].[RoleId]
2025-06-10 19:41:43.695 +07:00 [INF] (Microsoft.EntityFrameworkCore.Database.Command) Executed DbCommand (4ms) [Parameters=[@__userId_0='f54527eb-f806-40db-bf76-c7b0e5fa6d39'], CommandType='"Text"', CommandTimeout='30']
SELECT [r].[Name]
FROM [UserRoles] AS [u]
INNER JOIN [Roles] AS [r] ON [u].[RoleId] = [r].[Id]
WHERE [u].[UserId] = @__userId_0
2025-06-10 19:41:43.718 +07:00 [INF] (Bookstore.Application.Services.AuthorService) Attempting to update author "ce4501b2-19b8-4e0d-b14b-abb24e325d22"
2025-06-10 19:41:43.726 +07:00 [INF] (Microsoft.EntityFrameworkCore.Database.Command) Executed DbCommand (2ms) [Parameters=[@__p_0='ce4501b2-19b8-4e0d-b14b-abb24e325d22' (Nullable = true)], CommandType='"Text"', CommandTimeout='30']
SELECT TOP(1) [a].[Id], [a].[Biography], [a].[CreatedAtUtc], [a].[Name], [a].[UpdatedAtUtc]
FROM [Authors] AS [a]
WHERE [a].[Id] = @__p_0
2025-06-10 19:41:43.731 +07:00 [WRN] (Bookstore.Application.Services.AuthorService) Author "ce4501b2-19b8-4e0d-b14b-abb24e325d22" not found for update.
2025-06-10 19:41:43.812 +07:00 [INF] (Microsoft.EntityFrameworkCore.Database.Command) Executed DbCommand (6ms) [Parameters=[@__email_0='Admin' (Size = 450)], CommandType='"Text"', CommandTimeout='30']
SELECT [u1].[Id], [u1].[CreatedAtUtc], [u1].[Email], [u1].[FirstName], [u1].[IsActive], [u1].[LastName], [u1].[PasswordHash], [u1].[PhoneNumber], [u1].[UpdatedAtUtc], [u1].[UserName], [s].[UserId], [s].[RoleId], [s].[Id], [s].[CreatedAtUtc], [s].[Name], [s].[UpdatedAtUtc]
FROM (
    SELECT TOP(1) [u].[Id], [u].[CreatedAtUtc], [u].[Email], [u].[FirstName], [u].[IsActive], [u].[LastName], [u].[PasswordHash], [u].[PhoneNumber], [u].[UpdatedAtUtc], [u].[UserName]
    FROM [Users] AS [u]
    WHERE [u].[Email] = @__email_0
) AS [u1]
LEFT JOIN (
    SELECT [u0].[UserId], [u0].[RoleId], [r].[Id], [r].[CreatedAtUtc], [r].[Name], [r].[UpdatedAtUtc]
    FROM [UserRoles] AS [u0]
    INNER JOIN [Roles] AS [r] ON [u0].[RoleId] = [r].[Id]
) AS [s] ON [u1].[Id] = [s].[UserId]
ORDER BY [u1].[Id], [s].[UserId], [s].[RoleId]
2025-06-10 19:41:43.823 +07:00 [INF] (Microsoft.EntityFrameworkCore.Database.Command) Executed DbCommand (6ms) [Parameters=[@__username_0='Admin' (Size = 450)], CommandType='"Text"', CommandTimeout='30']
SELECT [u1].[Id], [u1].[CreatedAtUtc], [u1].[Email], [u1].[FirstName], [u1].[IsActive], [u1].[LastName], [u1].[PasswordHash], [u1].[PhoneNumber], [u1].[UpdatedAtUtc], [u1].[UserName], [s].[UserId], [s].[RoleId], [s].[Id], [s].[CreatedAtUtc], [s].[Name], [s].[UpdatedAtUtc]
FROM (
    SELECT TOP(1) [u].[Id], [u].[CreatedAtUtc], [u].[Email], [u].[FirstName], [u].[IsActive], [u].[LastName], [u].[PasswordHash], [u].[PhoneNumber], [u].[UpdatedAtUtc], [u].[UserName]
    FROM [Users] AS [u]
    WHERE [u].[UserName] = @__username_0
) AS [u1]
LEFT JOIN (
    SELECT [u0].[UserId], [u0].[RoleId], [r].[Id], [r].[CreatedAtUtc], [r].[Name], [r].[UpdatedAtUtc]
    FROM [UserRoles] AS [u0]
    INNER JOIN [Roles] AS [r] ON [u0].[RoleId] = [r].[Id]
) AS [s] ON [u1].[Id] = [s].[UserId]
ORDER BY [u1].[Id], [s].[UserId], [s].[RoleId]
2025-06-10 19:41:44.098 +07:00 [INF] (Microsoft.EntityFrameworkCore.Database.Command) Executed DbCommand (2ms) [Parameters=[@__userId_0='f54527eb-f806-40db-bf76-c7b0e5fa6d39'], CommandType='"Text"', CommandTimeout='30']
SELECT [r].[Name]
FROM [UserRoles] AS [u]
INNER JOIN [Roles] AS [r] ON [u].[RoleId] = [r].[Id]
WHERE [u].[UserId] = @__userId_0
2025-06-10 19:41:44.125 +07:00 [INF] (Bookstore.Application.Services.AuthorService) Attempting to delete author with Id "ce4501b2-19b8-4e0d-b14b-abb24e325d22"
2025-06-10 19:41:44.129 +07:00 [INF] (Microsoft.EntityFrameworkCore.Database.Command) Executed DbCommand (2ms) [Parameters=[@__p_0='ce4501b2-19b8-4e0d-b14b-abb24e325d22' (Nullable = true)], CommandType='"Text"', CommandTimeout='30']
SELECT TOP(1) [a].[Id], [a].[Biography], [a].[CreatedAtUtc], [a].[Name], [a].[UpdatedAtUtc]
FROM [Authors] AS [a]
WHERE [a].[Id] = @__p_0
2025-06-10 19:41:44.133 +07:00 [WRN] (Bookstore.Application.Services.AuthorService) Author "ce4501b2-19b8-4e0d-b14b-abb24e325d22" not found for deletion.
2025-06-10 19:41:44.201 +07:00 [INF] (Microsoft.EntityFrameworkCore.Database.Command) Executed DbCommand (6ms) [Parameters=[@__email_0='Admin' (Size = 450)], CommandType='"Text"', CommandTimeout='30']
SELECT [u1].[Id], [u1].[CreatedAtUtc], [u1].[Email], [u1].[FirstName], [u1].[IsActive], [u1].[LastName], [u1].[PasswordHash], [u1].[PhoneNumber], [u1].[UpdatedAtUtc], [u1].[UserName], [s].[UserId], [s].[RoleId], [s].[Id], [s].[CreatedAtUtc], [s].[Name], [s].[UpdatedAtUtc]
FROM (
    SELECT TOP(1) [u].[Id], [u].[CreatedAtUtc], [u].[Email], [u].[FirstName], [u].[IsActive], [u].[LastName], [u].[PasswordHash], [u].[PhoneNumber], [u].[UpdatedAtUtc], [u].[UserName]
    FROM [Users] AS [u]
    WHERE [u].[Email] = @__email_0
) AS [u1]
LEFT JOIN (
    SELECT [u0].[UserId], [u0].[RoleId], [r].[Id], [r].[CreatedAtUtc], [r].[Name], [r].[UpdatedAtUtc]
    FROM [UserRoles] AS [u0]
    INNER JOIN [Roles] AS [r] ON [u0].[RoleId] = [r].[Id]
) AS [s] ON [u1].[Id] = [s].[UserId]
ORDER BY [u1].[Id], [s].[UserId], [s].[RoleId]
2025-06-10 19:41:44.211 +07:00 [INF] (Microsoft.EntityFrameworkCore.Database.Command) Executed DbCommand (5ms) [Parameters=[@__username_0='Admin' (Size = 450)], CommandType='"Text"', CommandTimeout='30']
SELECT [u1].[Id], [u1].[CreatedAtUtc], [u1].[Email], [u1].[FirstName], [u1].[IsActive], [u1].[LastName], [u1].[PasswordHash], [u1].[PhoneNumber], [u1].[UpdatedAtUtc], [u1].[UserName], [s].[UserId], [s].[RoleId], [s].[Id], [s].[CreatedAtUtc], [s].[Name], [s].[UpdatedAtUtc]
FROM (
    SELECT TOP(1) [u].[Id], [u].[CreatedAtUtc], [u].[Email], [u].[FirstName], [u].[IsActive], [u].[LastName], [u].[PasswordHash], [u].[PhoneNumber], [u].[UpdatedAtUtc], [u].[UserName]
    FROM [Users] AS [u]
    WHERE [u].[UserName] = @__username_0
) AS [u1]
LEFT JOIN (
    SELECT [u0].[UserId], [u0].[RoleId], [r].[Id], [r].[CreatedAtUtc], [r].[Name], [r].[UpdatedAtUtc]
    FROM [UserRoles] AS [u0]
    INNER JOIN [Roles] AS [r] ON [u0].[RoleId] = [r].[Id]
) AS [s] ON [u1].[Id] = [s].[UserId]
ORDER BY [u1].[Id], [s].[UserId], [s].[RoleId]
2025-06-10 19:41:44.477 +07:00 [INF] (Microsoft.EntityFrameworkCore.Database.Command) Executed DbCommand (3ms) [Parameters=[@__userId_0='f54527eb-f806-40db-bf76-c7b0e5fa6d39'], CommandType='"Text"', CommandTimeout='30']
SELECT [r].[Name]
FROM [UserRoles] AS [u]
INNER JOIN [Roles] AS [r] ON [u].[RoleId] = [r].[Id]
WHERE [u].[UserId] = @__userId_0
2025-06-10 19:41:44.543 +07:00 [INF] (Microsoft.EntityFrameworkCore.Database.Command) Executed DbCommand (8ms) [Parameters=[@__p_0='0', @__p_1='10'], CommandType='"Text"', CommandTimeout='30']
SELECT [r0].[Id], [r0].[BookId], [r0].[Comment], [r0].[CreatedAtUtc], [r0].[IsApproved], [r0].[Rating], [r0].[UpdatedAtUtc], [r0].[UserId], [u].[Id], [u].[CreatedAtUtc], [u].[Email], [u].[FirstName], [u].[IsActive], [u].[LastName], [u].[PasswordHash], [u].[PhoneNumber], [u].[UpdatedAtUtc], [u].[UserName], [b0].[Id], [b0].[AuthorId], [b0].[CategoryId], [b0].[CoverImageUrl], [b0].[CreatedAtUtc], [b0].[Description], [b0].[ISBN], [b0].[IsDeleted], [b0].[Price], [b0].[PublicationYear], [b0].[Publisher], [b0].[StockQuantity], [b0].[Title], [b0].[UpdatedAtUtc]
FROM (
    SELECT [r].[Id], [r].[BookId], [r].[Comment], [r].[CreatedAtUtc], [r].[IsApproved], [r].[Rating], [r].[UpdatedAtUtc], [r].[UserId]
    FROM [Review] AS [r]
    ORDER BY [r].[CreatedAtUtc] DESC
    OFFSET @__p_0 ROWS FETCH NEXT @__p_1 ROWS ONLY
) AS [r0]
INNER JOIN [Users] AS [u] ON [r0].[UserId] = [u].[Id]
INNER JOIN (
    SELECT [b].[Id], [b].[AuthorId], [b].[CategoryId], [b].[CoverImageUrl], [b].[CreatedAtUtc], [b].[Description], [b].[ISBN], [b].[IsDeleted], [b].[Price], [b].[PublicationYear], [b].[Publisher], [b].[StockQuantity], [b].[Title], [b].[UpdatedAtUtc]
    FROM [Books] AS [b]
    WHERE [b].[IsDeleted] = CAST(0 AS bit)
) AS [b0] ON [r0].[BookId] = [b0].[Id]
ORDER BY [r0].[CreatedAtUtc] DESC
2025-06-10 19:41:44.620 +07:00 [INF] (Microsoft.EntityFrameworkCore.Database.Command) Executed DbCommand (6ms) [Parameters=[@__email_0='Admin' (Size = 450)], CommandType='"Text"', CommandTimeout='30']
SELECT [u1].[Id], [u1].[CreatedAtUtc], [u1].[Email], [u1].[FirstName], [u1].[IsActive], [u1].[LastName], [u1].[PasswordHash], [u1].[PhoneNumber], [u1].[UpdatedAtUtc], [u1].[UserName], [s].[UserId], [s].[RoleId], [s].[Id], [s].[CreatedAtUtc], [s].[Name], [s].[UpdatedAtUtc]
FROM (
    SELECT TOP(1) [u].[Id], [u].[CreatedAtUtc], [u].[Email], [u].[FirstName], [u].[IsActive], [u].[LastName], [u].[PasswordHash], [u].[PhoneNumber], [u].[UpdatedAtUtc], [u].[UserName]
    FROM [Users] AS [u]
    WHERE [u].[Email] = @__email_0
) AS [u1]
LEFT JOIN (
    SELECT [u0].[UserId], [u0].[RoleId], [r].[Id], [r].[CreatedAtUtc], [r].[Name], [r].[UpdatedAtUtc]
    FROM [UserRoles] AS [u0]
    INNER JOIN [Roles] AS [r] ON [u0].[RoleId] = [r].[Id]
) AS [s] ON [u1].[Id] = [s].[UserId]
ORDER BY [u1].[Id], [s].[UserId], [s].[RoleId]
2025-06-10 19:41:44.631 +07:00 [INF] (Microsoft.EntityFrameworkCore.Database.Command) Executed DbCommand (5ms) [Parameters=[@__username_0='Admin' (Size = 450)], CommandType='"Text"', CommandTimeout='30']
SELECT [u1].[Id], [u1].[CreatedAtUtc], [u1].[Email], [u1].[FirstName], [u1].[IsActive], [u1].[LastName], [u1].[PasswordHash], [u1].[PhoneNumber], [u1].[UpdatedAtUtc], [u1].[UserName], [s].[UserId], [s].[RoleId], [s].[Id], [s].[CreatedAtUtc], [s].[Name], [s].[UpdatedAtUtc]
FROM (
    SELECT TOP(1) [u].[Id], [u].[CreatedAtUtc], [u].[Email], [u].[FirstName], [u].[IsActive], [u].[LastName], [u].[PasswordHash], [u].[PhoneNumber], [u].[UpdatedAtUtc], [u].[UserName]
    FROM [Users] AS [u]
    WHERE [u].[UserName] = @__username_0
) AS [u1]
LEFT JOIN (
    SELECT [u0].[UserId], [u0].[RoleId], [r].[Id], [r].[CreatedAtUtc], [r].[Name], [r].[UpdatedAtUtc]
    FROM [UserRoles] AS [u0]
    INNER JOIN [Roles] AS [r] ON [u0].[RoleId] = [r].[Id]
) AS [s] ON [u1].[Id] = [s].[UserId]
ORDER BY [u1].[Id], [s].[UserId], [s].[RoleId]
2025-06-10 19:41:44.901 +07:00 [INF] (Microsoft.EntityFrameworkCore.Database.Command) Executed DbCommand (3ms) [Parameters=[@__userId_0='f54527eb-f806-40db-bf76-c7b0e5fa6d39'], CommandType='"Text"', CommandTimeout='30']
SELECT [r].[Name]
FROM [UserRoles] AS [u]
INNER JOIN [Roles] AS [r] ON [u].[RoleId] = [r].[Id]
WHERE [u].[UserId] = @__userId_0
2025-06-10 19:41:44.936 +07:00 [INF] (Microsoft.EntityFrameworkCore.Database.Command) Executed DbCommand (4ms) [Parameters=[@__p_0='d6f041da-728a-4cda-86ae-203fc17eecba' (Nullable = true)], CommandType='"Text"', CommandTimeout='30']
SELECT TOP(1) [r].[Id], [r].[BookId], [r].[Comment], [r].[CreatedAtUtc], [r].[IsApproved], [r].[Rating], [r].[UpdatedAtUtc], [r].[UserId]
FROM [Review] AS [r]
WHERE [r].[Id] = @__p_0
2025-06-10 19:41:44.973 +07:00 [INF] (Microsoft.EntityFrameworkCore.Database.Command) Executed DbCommand (4ms) [Parameters=[@__email_0='Admin' (Size = 450)], CommandType='"Text"', CommandTimeout='30']
SELECT [u1].[Id], [u1].[CreatedAtUtc], [u1].[Email], [u1].[FirstName], [u1].[IsActive], [u1].[LastName], [u1].[PasswordHash], [u1].[PhoneNumber], [u1].[UpdatedAtUtc], [u1].[UserName], [s].[UserId], [s].[RoleId], [s].[Id], [s].[CreatedAtUtc], [s].[Name], [s].[UpdatedAtUtc]
FROM (
    SELECT TOP(1) [u].[Id], [u].[CreatedAtUtc], [u].[Email], [u].[FirstName], [u].[IsActive], [u].[LastName], [u].[PasswordHash], [u].[PhoneNumber], [u].[UpdatedAtUtc], [u].[UserName]
    FROM [Users] AS [u]
    WHERE [u].[Email] = @__email_0
) AS [u1]
LEFT JOIN (
    SELECT [u0].[UserId], [u0].[RoleId], [r].[Id], [r].[CreatedAtUtc], [r].[Name], [r].[UpdatedAtUtc]
    FROM [UserRoles] AS [u0]
    INNER JOIN [Roles] AS [r] ON [u0].[RoleId] = [r].[Id]
) AS [s] ON [u1].[Id] = [s].[UserId]
ORDER BY [u1].[Id], [s].[UserId], [s].[RoleId]
2025-06-10 19:41:44.986 +07:00 [INF] (Microsoft.EntityFrameworkCore.Database.Command) Executed DbCommand (5ms) [Parameters=[@__username_0='Admin' (Size = 450)], CommandType='"Text"', CommandTimeout='30']
SELECT [u1].[Id], [u1].[CreatedAtUtc], [u1].[Email], [u1].[FirstName], [u1].[IsActive], [u1].[LastName], [u1].[PasswordHash], [u1].[PhoneNumber], [u1].[UpdatedAtUtc], [u1].[UserName], [s].[UserId], [s].[RoleId], [s].[Id], [s].[CreatedAtUtc], [s].[Name], [s].[UpdatedAtUtc]
FROM (
    SELECT TOP(1) [u].[Id], [u].[CreatedAtUtc], [u].[Email], [u].[FirstName], [u].[IsActive], [u].[LastName], [u].[PasswordHash], [u].[PhoneNumber], [u].[UpdatedAtUtc], [u].[UserName]
    FROM [Users] AS [u]
    WHERE [u].[UserName] = @__username_0
) AS [u1]
LEFT JOIN (
    SELECT [u0].[UserId], [u0].[RoleId], [r].[Id], [r].[CreatedAtUtc], [r].[Name], [r].[UpdatedAtUtc]
    FROM [UserRoles] AS [u0]
    INNER JOIN [Roles] AS [r] ON [u0].[RoleId] = [r].[Id]
) AS [s] ON [u1].[Id] = [s].[UserId]
ORDER BY [u1].[Id], [s].[UserId], [s].[RoleId]
2025-06-10 19:41:45.262 +07:00 [INF] (Microsoft.EntityFrameworkCore.Database.Command) Executed DbCommand (3ms) [Parameters=[@__userId_0='f54527eb-f806-40db-bf76-c7b0e5fa6d39'], CommandType='"Text"', CommandTimeout='30']
SELECT [r].[Name]
FROM [UserRoles] AS [u]
INNER JOIN [Roles] AS [r] ON [u].[RoleId] = [r].[Id]
WHERE [u].[UserId] = @__userId_0
2025-06-10 19:41:45.298 +07:00 [INF] (Bookstore.Application.Services.ReportService) Fetching admin dashboard summary.
2025-06-10 19:41:45.307 +07:00 [INF] (Microsoft.EntityFrameworkCore.Database.Command) Executed DbCommand (3ms) [Parameters=[@__todayStart_0='2025-06-10T00:00:00.0000000Z', @__tomorrowStart_1='2025-06-11T00:00:00.0000000Z'], CommandType='"Text"', CommandTimeout='30']
SELECT COUNT(*)
FROM [Orders] AS [o]
WHERE [o].[OrderDate] >= @__todayStart_0 AND [o].[OrderDate] < @__tomorrowStart_1 AND [o].[Status] <> CAST(4 AS tinyint)
2025-06-10 19:41:45.324 +07:00 [INF] (Microsoft.EntityFrameworkCore.Database.Command) Executed DbCommand (4ms) [Parameters=[@__todayStart_0='2025-06-10T00:00:00.0000000Z', @__tomorrowStart_1='2025-06-11T00:00:00.0000000Z'], CommandType='"Text"', CommandTimeout='30']
SELECT COALESCE(SUM([o].[TotalAmount]), 0.0)
FROM [Orders] AS [o]
WHERE [o].[OrderDate] >= @__todayStart_0 AND [o].[OrderDate] < @__tomorrowStart_1 AND [o].[Status] = CAST(3 AS tinyint)
2025-06-10 19:41:45.334 +07:00 [INF] (Microsoft.EntityFrameworkCore.Database.Command) Executed DbCommand (2ms) [Parameters=[@__todayStart_0='2025-06-10T00:00:00.0000000Z', @__tomorrowStart_1='2025-06-11T00:00:00.0000000Z'], CommandType='"Text"', CommandTimeout='30']
SELECT COUNT(*)
FROM [Users] AS [u]
WHERE [u].[CreatedAtUtc] >= @__todayStart_0 AND [u].[CreatedAtUtc] < @__tomorrowStart_1
2025-06-10 19:41:45.343 +07:00 [INF] (Microsoft.EntityFrameworkCore.Database.Command) Executed DbCommand (2ms) [Parameters=[@__lowStockThreshold_0='5'], CommandType='"Text"', CommandTimeout='30']
SELECT COUNT(*)
FROM [Books] AS [b]
WHERE [b].[IsDeleted] = CAST(0 AS bit) AND [b].[IsDeleted] = CAST(0 AS bit) AND [b].[StockQuantity] > 0 AND [b].[StockQuantity] <= @__lowStockThreshold_0
2025-06-10 19:41:45.346 +07:00 [INF] (Bookstore.Application.Services.ReportService) Admin dashboard summary fetched successfully.
2025-06-10 19:41:45.418 +07:00 [INF] (Microsoft.EntityFrameworkCore.Database.Command) Executed DbCommand (5ms) [Parameters=[@__email_0='Admin' (Size = 450)], CommandType='"Text"', CommandTimeout='30']
SELECT [u1].[Id], [u1].[CreatedAtUtc], [u1].[Email], [u1].[FirstName], [u1].[IsActive], [u1].[LastName], [u1].[PasswordHash], [u1].[PhoneNumber], [u1].[UpdatedAtUtc], [u1].[UserName], [s].[UserId], [s].[RoleId], [s].[Id], [s].[CreatedAtUtc], [s].[Name], [s].[UpdatedAtUtc]
FROM (
    SELECT TOP(1) [u].[Id], [u].[CreatedAtUtc], [u].[Email], [u].[FirstName], [u].[IsActive], [u].[LastName], [u].[PasswordHash], [u].[PhoneNumber], [u].[UpdatedAtUtc], [u].[UserName]
    FROM [Users] AS [u]
    WHERE [u].[Email] = @__email_0
) AS [u1]
LEFT JOIN (
    SELECT [u0].[UserId], [u0].[RoleId], [r].[Id], [r].[CreatedAtUtc], [r].[Name], [r].[UpdatedAtUtc]
    FROM [UserRoles] AS [u0]
    INNER JOIN [Roles] AS [r] ON [u0].[RoleId] = [r].[Id]
) AS [s] ON [u1].[Id] = [s].[UserId]
ORDER BY [u1].[Id], [s].[UserId], [s].[RoleId]
2025-06-10 19:41:45.428 +07:00 [INF] (Microsoft.EntityFrameworkCore.Database.Command) Executed DbCommand (5ms) [Parameters=[@__username_0='Admin' (Size = 450)], CommandType='"Text"', CommandTimeout='30']
SELECT [u1].[Id], [u1].[CreatedAtUtc], [u1].[Email], [u1].[FirstName], [u1].[IsActive], [u1].[LastName], [u1].[PasswordHash], [u1].[PhoneNumber], [u1].[UpdatedAtUtc], [u1].[UserName], [s].[UserId], [s].[RoleId], [s].[Id], [s].[CreatedAtUtc], [s].[Name], [s].[UpdatedAtUtc]
FROM (
    SELECT TOP(1) [u].[Id], [u].[CreatedAtUtc], [u].[Email], [u].[FirstName], [u].[IsActive], [u].[LastName], [u].[PasswordHash], [u].[PhoneNumber], [u].[UpdatedAtUtc], [u].[UserName]
    FROM [Users] AS [u]
    WHERE [u].[UserName] = @__username_0
) AS [u1]
LEFT JOIN (
    SELECT [u0].[UserId], [u0].[RoleId], [r].[Id], [r].[CreatedAtUtc], [r].[Name], [r].[UpdatedAtUtc]
    FROM [UserRoles] AS [u0]
    INNER JOIN [Roles] AS [r] ON [u0].[RoleId] = [r].[Id]
) AS [s] ON [u1].[Id] = [s].[UserId]
ORDER BY [u1].[Id], [s].[UserId], [s].[RoleId]
2025-06-10 19:41:45.699 +07:00 [INF] (Microsoft.EntityFrameworkCore.Database.Command) Executed DbCommand (3ms) [Parameters=[@__userId_0='f54527eb-f806-40db-bf76-c7b0e5fa6d39'], CommandType='"Text"', CommandTimeout='30']
SELECT [r].[Name]
FROM [UserRoles] AS [u]
INNER JOIN [Roles] AS [r] ON [u].[RoleId] = [r].[Id]
WHERE [u].[UserId] = @__userId_0
2025-06-10 19:41:45.729 +07:00 [INF] (Bookstore.Application.Services.SupplierService) Fetching all suppliers.
2025-06-10 19:41:45.740 +07:00 [INF] (Microsoft.EntityFrameworkCore.Database.Command) Executed DbCommand (3ms) [Parameters=[], CommandType='"Text"', CommandTimeout='30']
SELECT [s].[Id], [s].[Address], [s].[ContactPerson], [s].[CreatedAtUtc], [s].[Email], [s].[Name], [s].[Phone], [s].[UpdatedAtUtc]
FROM [Suppliers] AS [s]
ORDER BY [s].[Name]
2025-06-10 19:41:45.800 +07:00 [INF] (Microsoft.EntityFrameworkCore.Database.Command) Executed DbCommand (0ms) [Parameters=[@__email_0='Admin' (Size = 450)], CommandType='"Text"', CommandTimeout='30']
SELECT [u1].[Id], [u1].[CreatedAtUtc], [u1].[Email], [u1].[FirstName], [u1].[IsActive], [u1].[LastName], [u1].[PasswordHash], [u1].[PhoneNumber], [u1].[UpdatedAtUtc], [u1].[UserName], [s].[UserId], [s].[RoleId], [s].[Id], [s].[CreatedAtUtc], [s].[Name], [s].[UpdatedAtUtc]
FROM (
    SELECT TOP(1) [u].[Id], [u].[CreatedAtUtc], [u].[Email], [u].[FirstName], [u].[IsActive], [u].[LastName], [u].[PasswordHash], [u].[PhoneNumber], [u].[UpdatedAtUtc], [u].[UserName]
    FROM [Users] AS [u]
    WHERE [u].[Email] = @__email_0
) AS [u1]
LEFT JOIN (
    SELECT [u0].[UserId], [u0].[RoleId], [r].[Id], [r].[CreatedAtUtc], [r].[Name], [r].[UpdatedAtUtc]
    FROM [UserRoles] AS [u0]
    INNER JOIN [Roles] AS [r] ON [u0].[RoleId] = [r].[Id]
) AS [s] ON [u1].[Id] = [s].[UserId]
ORDER BY [u1].[Id], [s].[UserId], [s].[RoleId]
2025-06-10 19:41:45.805 +07:00 [INF] (Microsoft.EntityFrameworkCore.Database.Command) Executed DbCommand (1ms) [Parameters=[@__username_0='Admin' (Size = 450)], CommandType='"Text"', CommandTimeout='30']
SELECT [u1].[Id], [u1].[CreatedAtUtc], [u1].[Email], [u1].[FirstName], [u1].[IsActive], [u1].[LastName], [u1].[PasswordHash], [u1].[PhoneNumber], [u1].[UpdatedAtUtc], [u1].[UserName], [s].[UserId], [s].[RoleId], [s].[Id], [s].[CreatedAtUtc], [s].[Name], [s].[UpdatedAtUtc]
FROM (
    SELECT TOP(1) [u].[Id], [u].[CreatedAtUtc], [u].[Email], [u].[FirstName], [u].[IsActive], [u].[LastName], [u].[PasswordHash], [u].[PhoneNumber], [u].[UpdatedAtUtc], [u].[UserName]
    FROM [Users] AS [u]
    WHERE [u].[UserName] = @__username_0
) AS [u1]
LEFT JOIN (
    SELECT [u0].[UserId], [u0].[RoleId], [r].[Id], [r].[CreatedAtUtc], [r].[Name], [r].[UpdatedAtUtc]
    FROM [UserRoles] AS [u0]
    INNER JOIN [Roles] AS [r] ON [u0].[RoleId] = [r].[Id]
) AS [s] ON [u1].[Id] = [s].[UserId]
ORDER BY [u1].[Id], [s].[UserId], [s].[RoleId]
2025-06-10 19:41:46.065 +07:00 [INF] (Microsoft.EntityFrameworkCore.Database.Command) Executed DbCommand (1ms) [Parameters=[@__userId_0='f54527eb-f806-40db-bf76-c7b0e5fa6d39'], CommandType='"Text"', CommandTimeout='30']
SELECT [r].[Name]
FROM [UserRoles] AS [u]
INNER JOIN [Roles] AS [r] ON [u].[RoleId] = [r].[Id]
WHERE [u].[UserId] = @__userId_0
2025-06-10 19:41:46.101 +07:00 [INF] (Bookstore.Application.Services.SupplierService) Creating new supplier: Hoang Nguyen Company
2025-06-10 19:41:46.122 +07:00 [INF] (Microsoft.EntityFrameworkCore.Database.Command) Executed DbCommand (2ms) [Parameters=[@p0='f37cdd54-2881-4bb3-94bd-3220a44c1374', @p1='139 Bach Dang, phuong 2, Tan Binh' (Size = 500), @p2='Nguynn' (Size = 4000), @p3='2025-06-10T12:41:46.1190080Z', @p4='nguyen@example.com' (Size = 256), @p5='Hoang Nguyen Company' (Nullable = false) (Size = 200), @p6='0362530022' (Size = 50), @p7='2025-06-10T12:41:46.1190076Z'], CommandType='"Text"', CommandTimeout='30']
SET IMPLICIT_TRANSACTIONS OFF;
SET NOCOUNT ON;
INSERT INTO [Suppliers] ([Id], [Address], [ContactPerson], [CreatedAtUtc], [Email], [Name], [Phone], [UpdatedAtUtc])
VALUES (@p0, @p1, @p2, @p3, @p4, @p5, @p6, @p7);
2025-06-10 19:41:46.127 +07:00 [INF] (Bookstore.Application.Services.SupplierService) Supplier Hoang Nguyen Company created with Id "f37cdd54-2881-4bb3-94bd-3220a44c1374"
2025-06-10 19:41:46.205 +07:00 [INF] (Microsoft.EntityFrameworkCore.Database.Command) Executed DbCommand (1ms) [Parameters=[@__email_0='Admin' (Size = 450)], CommandType='"Text"', CommandTimeout='30']
SELECT [u1].[Id], [u1].[CreatedAtUtc], [u1].[Email], [u1].[FirstName], [u1].[IsActive], [u1].[LastName], [u1].[PasswordHash], [u1].[PhoneNumber], [u1].[UpdatedAtUtc], [u1].[UserName], [s].[UserId], [s].[RoleId], [s].[Id], [s].[CreatedAtUtc], [s].[Name], [s].[UpdatedAtUtc]
FROM (
    SELECT TOP(1) [u].[Id], [u].[CreatedAtUtc], [u].[Email], [u].[FirstName], [u].[IsActive], [u].[LastName], [u].[PasswordHash], [u].[PhoneNumber], [u].[UpdatedAtUtc], [u].[UserName]
    FROM [Users] AS [u]
    WHERE [u].[Email] = @__email_0
) AS [u1]
LEFT JOIN (
    SELECT [u0].[UserId], [u0].[RoleId], [r].[Id], [r].[CreatedAtUtc], [r].[Name], [r].[UpdatedAtUtc]
    FROM [UserRoles] AS [u0]
    INNER JOIN [Roles] AS [r] ON [u0].[RoleId] = [r].[Id]
) AS [s] ON [u1].[Id] = [s].[UserId]
ORDER BY [u1].[Id], [s].[UserId], [s].[RoleId]
2025-06-10 19:41:46.210 +07:00 [INF] (Microsoft.EntityFrameworkCore.Database.Command) Executed DbCommand (1ms) [Parameters=[@__username_0='Admin' (Size = 450)], CommandType='"Text"', CommandTimeout='30']
SELECT [u1].[Id], [u1].[CreatedAtUtc], [u1].[Email], [u1].[FirstName], [u1].[IsActive], [u1].[LastName], [u1].[PasswordHash], [u1].[PhoneNumber], [u1].[UpdatedAtUtc], [u1].[UserName], [s].[UserId], [s].[RoleId], [s].[Id], [s].[CreatedAtUtc], [s].[Name], [s].[UpdatedAtUtc]
FROM (
    SELECT TOP(1) [u].[Id], [u].[CreatedAtUtc], [u].[Email], [u].[FirstName], [u].[IsActive], [u].[LastName], [u].[PasswordHash], [u].[PhoneNumber], [u].[UpdatedAtUtc], [u].[UserName]
    FROM [Users] AS [u]
    WHERE [u].[UserName] = @__username_0
) AS [u1]
LEFT JOIN (
    SELECT [u0].[UserId], [u0].[RoleId], [r].[Id], [r].[CreatedAtUtc], [r].[Name], [r].[UpdatedAtUtc]
    FROM [UserRoles] AS [u0]
    INNER JOIN [Roles] AS [r] ON [u0].[RoleId] = [r].[Id]
) AS [s] ON [u1].[Id] = [s].[UserId]
ORDER BY [u1].[Id], [s].[UserId], [s].[RoleId]
2025-06-10 19:41:46.481 +07:00 [INF] (Microsoft.EntityFrameworkCore.Database.Command) Executed DbCommand (1ms) [Parameters=[@__userId_0='f54527eb-f806-40db-bf76-c7b0e5fa6d39'], CommandType='"Text"', CommandTimeout='30']
SELECT [r].[Name]
FROM [UserRoles] AS [u]
INNER JOIN [Roles] AS [r] ON [u].[RoleId] = [r].[Id]
WHERE [u].[UserId] = @__userId_0
2025-06-10 19:41:46.503 +07:00 [INF] (Bookstore.Application.Services.SupplierService) Fetching supplier with Id "6a1cf0c5-171f-45dd-8d19-38a86f3db47c"
2025-06-10 19:41:46.512 +07:00 [INF] (Microsoft.EntityFrameworkCore.Database.Command) Executed DbCommand (2ms) [Parameters=[@__p_0='6a1cf0c5-171f-45dd-8d19-38a86f3db47c' (Nullable = true)], CommandType='"Text"', CommandTimeout='30']
SELECT TOP(1) [s].[Id], [s].[Address], [s].[ContactPerson], [s].[CreatedAtUtc], [s].[Email], [s].[Name], [s].[Phone], [s].[UpdatedAtUtc]
FROM [Suppliers] AS [s]
WHERE [s].[Id] = @__p_0
2025-06-10 19:41:46.562 +07:00 [INF] (Microsoft.EntityFrameworkCore.Database.Command) Executed DbCommand (1ms) [Parameters=[@__email_0='Admin' (Size = 450)], CommandType='"Text"', CommandTimeout='30']
SELECT [u1].[Id], [u1].[CreatedAtUtc], [u1].[Email], [u1].[FirstName], [u1].[IsActive], [u1].[LastName], [u1].[PasswordHash], [u1].[PhoneNumber], [u1].[UpdatedAtUtc], [u1].[UserName], [s].[UserId], [s].[RoleId], [s].[Id], [s].[CreatedAtUtc], [s].[Name], [s].[UpdatedAtUtc]
FROM (
    SELECT TOP(1) [u].[Id], [u].[CreatedAtUtc], [u].[Email], [u].[FirstName], [u].[IsActive], [u].[LastName], [u].[PasswordHash], [u].[PhoneNumber], [u].[UpdatedAtUtc], [u].[UserName]
    FROM [Users] AS [u]
    WHERE [u].[Email] = @__email_0
) AS [u1]
LEFT JOIN (
    SELECT [u0].[UserId], [u0].[RoleId], [r].[Id], [r].[CreatedAtUtc], [r].[Name], [r].[UpdatedAtUtc]
    FROM [UserRoles] AS [u0]
    INNER JOIN [Roles] AS [r] ON [u0].[RoleId] = [r].[Id]
) AS [s] ON [u1].[Id] = [s].[UserId]
ORDER BY [u1].[Id], [s].[UserId], [s].[RoleId]
2025-06-10 19:41:46.566 +07:00 [INF] (Microsoft.EntityFrameworkCore.Database.Command) Executed DbCommand (1ms) [Parameters=[@__username_0='Admin' (Size = 450)], CommandType='"Text"', CommandTimeout='30']
SELECT [u1].[Id], [u1].[CreatedAtUtc], [u1].[Email], [u1].[FirstName], [u1].[IsActive], [u1].[LastName], [u1].[PasswordHash], [u1].[PhoneNumber], [u1].[UpdatedAtUtc], [u1].[UserName], [s].[UserId], [s].[RoleId], [s].[Id], [s].[CreatedAtUtc], [s].[Name], [s].[UpdatedAtUtc]
FROM (
    SELECT TOP(1) [u].[Id], [u].[CreatedAtUtc], [u].[Email], [u].[FirstName], [u].[IsActive], [u].[LastName], [u].[PasswordHash], [u].[PhoneNumber], [u].[UpdatedAtUtc], [u].[UserName]
    FROM [Users] AS [u]
    WHERE [u].[UserName] = @__username_0
) AS [u1]
LEFT JOIN (
    SELECT [u0].[UserId], [u0].[RoleId], [r].[Id], [r].[CreatedAtUtc], [r].[Name], [r].[UpdatedAtUtc]
    FROM [UserRoles] AS [u0]
    INNER JOIN [Roles] AS [r] ON [u0].[RoleId] = [r].[Id]
) AS [s] ON [u1].[Id] = [s].[UserId]
ORDER BY [u1].[Id], [s].[UserId], [s].[RoleId]
2025-06-10 19:41:46.830 +07:00 [INF] (Microsoft.EntityFrameworkCore.Database.Command) Executed DbCommand (1ms) [Parameters=[@__userId_0='f54527eb-f806-40db-bf76-c7b0e5fa6d39'], CommandType='"Text"', CommandTimeout='30']
SELECT [r].[Name]
FROM [UserRoles] AS [u]
INNER JOIN [Roles] AS [r] ON [u].[RoleId] = [r].[Id]
WHERE [u].[UserId] = @__userId_0
2025-06-10 19:41:46.878 +07:00 [INF] (Bookstore.Application.Services.SupplierService) Attempting to update supplier "6a1cf0c5-171f-45dd-8d19-38a86f3db47c"
2025-06-10 19:41:46.881 +07:00 [INF] (Microsoft.EntityFrameworkCore.Database.Command) Executed DbCommand (1ms) [Parameters=[@__p_0='6a1cf0c5-171f-45dd-8d19-38a86f3db47c' (Nullable = true)], CommandType='"Text"', CommandTimeout='30']
SELECT TOP(1) [s].[Id], [s].[Address], [s].[ContactPerson], [s].[CreatedAtUtc], [s].[Email], [s].[Name], [s].[Phone], [s].[UpdatedAtUtc]
FROM [Suppliers] AS [s]
WHERE [s].[Id] = @__p_0
2025-06-10 19:41:46.902 +07:00 [INF] (Microsoft.EntityFrameworkCore.Database.Command) Executed DbCommand (5ms) [Parameters=[@p7='6a1cf0c5-171f-45dd-8d19-38a86f3db47c', @p0='Da Nang Ham Rong' (Size = 500), @p1='Thinhl' (Size = 4000), @p2='2025-04-18T17:05:19.2330611', @p3='thinh@example.com' (Size = 256), @p4='Dang Thinh Company' (Nullable = false) (Size = 200), @p5='0362530232' (Size = 50), @p6='2025-06-10T12:41:46.8915085Z'], CommandType='"Text"', CommandTimeout='30']
SET IMPLICIT_TRANSACTIONS OFF;
SET NOCOUNT ON;
UPDATE [Suppliers] SET [Address] = @p0, [ContactPerson] = @p1, [CreatedAtUtc] = @p2, [Email] = @p3, [Name] = @p4, [Phone] = @p5, [UpdatedAtUtc] = @p6
OUTPUT 1
WHERE [Id] = @p7;
2025-06-10 19:41:46.905 +07:00 [INF] (Bookstore.Application.Services.SupplierService) Supplier "6a1cf0c5-171f-45dd-8d19-38a86f3db47c" updated successfully.
2025-06-10 19:41:46.965 +07:00 [INF] (Microsoft.EntityFrameworkCore.Database.Command) Executed DbCommand (0ms) [Parameters=[@__email_0='Admin' (Size = 450)], CommandType='"Text"', CommandTimeout='30']
SELECT [u1].[Id], [u1].[CreatedAtUtc], [u1].[Email], [u1].[FirstName], [u1].[IsActive], [u1].[LastName], [u1].[PasswordHash], [u1].[PhoneNumber], [u1].[UpdatedAtUtc], [u1].[UserName], [s].[UserId], [s].[RoleId], [s].[Id], [s].[CreatedAtUtc], [s].[Name], [s].[UpdatedAtUtc]
FROM (
    SELECT TOP(1) [u].[Id], [u].[CreatedAtUtc], [u].[Email], [u].[FirstName], [u].[IsActive], [u].[LastName], [u].[PasswordHash], [u].[PhoneNumber], [u].[UpdatedAtUtc], [u].[UserName]
    FROM [Users] AS [u]
    WHERE [u].[Email] = @__email_0
) AS [u1]
LEFT JOIN (
    SELECT [u0].[UserId], [u0].[RoleId], [r].[Id], [r].[CreatedAtUtc], [r].[Name], [r].[UpdatedAtUtc]
    FROM [UserRoles] AS [u0]
    INNER JOIN [Roles] AS [r] ON [u0].[RoleId] = [r].[Id]
) AS [s] ON [u1].[Id] = [s].[UserId]
ORDER BY [u1].[Id], [s].[UserId], [s].[RoleId]
2025-06-10 19:41:46.970 +07:00 [INF] (Microsoft.EntityFrameworkCore.Database.Command) Executed DbCommand (1ms) [Parameters=[@__username_0='Admin' (Size = 450)], CommandType='"Text"', CommandTimeout='30']
SELECT [u1].[Id], [u1].[CreatedAtUtc], [u1].[Email], [u1].[FirstName], [u1].[IsActive], [u1].[LastName], [u1].[PasswordHash], [u1].[PhoneNumber], [u1].[UpdatedAtUtc], [u1].[UserName], [s].[UserId], [s].[RoleId], [s].[Id], [s].[CreatedAtUtc], [s].[Name], [s].[UpdatedAtUtc]
FROM (
    SELECT TOP(1) [u].[Id], [u].[CreatedAtUtc], [u].[Email], [u].[FirstName], [u].[IsActive], [u].[LastName], [u].[PasswordHash], [u].[PhoneNumber], [u].[UpdatedAtUtc], [u].[UserName]
    FROM [Users] AS [u]
    WHERE [u].[UserName] = @__username_0
) AS [u1]
LEFT JOIN (
    SELECT [u0].[UserId], [u0].[RoleId], [r].[Id], [r].[CreatedAtUtc], [r].[Name], [r].[UpdatedAtUtc]
    FROM [UserRoles] AS [u0]
    INNER JOIN [Roles] AS [r] ON [u0].[RoleId] = [r].[Id]
) AS [s] ON [u1].[Id] = [s].[UserId]
ORDER BY [u1].[Id], [s].[UserId], [s].[RoleId]
2025-06-10 19:41:47.231 +07:00 [INF] (Microsoft.EntityFrameworkCore.Database.Command) Executed DbCommand (0ms) [Parameters=[@__userId_0='f54527eb-f806-40db-bf76-c7b0e5fa6d39'], CommandType='"Text"', CommandTimeout='30']
SELECT [r].[Name]
FROM [UserRoles] AS [u]
INNER JOIN [Roles] AS [r] ON [u].[RoleId] = [r].[Id]
WHERE [u].[UserId] = @__userId_0
2025-06-10 19:41:47.321 +07:00 [INF] (Microsoft.EntityFrameworkCore.Database.Command) Executed DbCommand (0ms) [Parameters=[@__email_0='Admin' (Size = 450)], CommandType='"Text"', CommandTimeout='30']
SELECT [u1].[Id], [u1].[CreatedAtUtc], [u1].[Email], [u1].[FirstName], [u1].[IsActive], [u1].[LastName], [u1].[PasswordHash], [u1].[PhoneNumber], [u1].[UpdatedAtUtc], [u1].[UserName], [s].[UserId], [s].[RoleId], [s].[Id], [s].[CreatedAtUtc], [s].[Name], [s].[UpdatedAtUtc]
FROM (
    SELECT TOP(1) [u].[Id], [u].[CreatedAtUtc], [u].[Email], [u].[FirstName], [u].[IsActive], [u].[LastName], [u].[PasswordHash], [u].[PhoneNumber], [u].[UpdatedAtUtc], [u].[UserName]
    FROM [Users] AS [u]
    WHERE [u].[Email] = @__email_0
) AS [u1]
LEFT JOIN (
    SELECT [u0].[UserId], [u0].[RoleId], [r].[Id], [r].[CreatedAtUtc], [r].[Name], [r].[UpdatedAtUtc]
    FROM [UserRoles] AS [u0]
    INNER JOIN [Roles] AS [r] ON [u0].[RoleId] = [r].[Id]
) AS [s] ON [u1].[Id] = [s].[UserId]
ORDER BY [u1].[Id], [s].[UserId], [s].[RoleId]
2025-06-10 19:41:47.327 +07:00 [INF] (Microsoft.EntityFrameworkCore.Database.Command) Executed DbCommand (1ms) [Parameters=[@__username_0='Admin' (Size = 450)], CommandType='"Text"', CommandTimeout='30']
SELECT [u1].[Id], [u1].[CreatedAtUtc], [u1].[Email], [u1].[FirstName], [u1].[IsActive], [u1].[LastName], [u1].[PasswordHash], [u1].[PhoneNumber], [u1].[UpdatedAtUtc], [u1].[UserName], [s].[UserId], [s].[RoleId], [s].[Id], [s].[CreatedAtUtc], [s].[Name], [s].[UpdatedAtUtc]
FROM (
    SELECT TOP(1) [u].[Id], [u].[CreatedAtUtc], [u].[Email], [u].[FirstName], [u].[IsActive], [u].[LastName], [u].[PasswordHash], [u].[PhoneNumber], [u].[UpdatedAtUtc], [u].[UserName]
    FROM [Users] AS [u]
    WHERE [u].[UserName] = @__username_0
) AS [u1]
LEFT JOIN (
    SELECT [u0].[UserId], [u0].[RoleId], [r].[Id], [r].[CreatedAtUtc], [r].[Name], [r].[UpdatedAtUtc]
    FROM [UserRoles] AS [u0]
    INNER JOIN [Roles] AS [r] ON [u0].[RoleId] = [r].[Id]
) AS [s] ON [u1].[Id] = [s].[UserId]
ORDER BY [u1].[Id], [s].[UserId], [s].[RoleId]
2025-06-10 19:41:47.592 +07:00 [INF] (Microsoft.EntityFrameworkCore.Database.Command) Executed DbCommand (0ms) [Parameters=[@__userId_0='f54527eb-f806-40db-bf76-c7b0e5fa6d39'], CommandType='"Text"', CommandTimeout='30']
SELECT [r].[Name]
FROM [UserRoles] AS [u]
INNER JOIN [Roles] AS [r] ON [u].[RoleId] = [r].[Id]
WHERE [u].[UserId] = @__userId_0
2025-06-10 19:41:47.634 +07:00 [INF] (Bookstore.Application.Services.StockReceiptService) Fetching all stock receipts. Page: 1, PageSize: 10
2025-06-10 19:41:47.651 +07:00 [INF] (Microsoft.EntityFrameworkCore.Database.Command) Executed DbCommand (5ms) [Parameters=[@__p_0='0', @__p_1='10'], CommandType='"Text"', CommandTimeout='30']
SELECT [s1].[Id], [s1].[CreatedAtUtc], [s1].[Notes], [s1].[ReceiptDate], [s1].[SupplierId], [s1].[UpdatedAtUtc], [s0].[Id], [s0].[Address], [s0].[ContactPerson], [s0].[CreatedAtUtc], [s0].[Email], [s0].[Name], [s0].[Phone], [s0].[UpdatedAtUtc]
FROM (
    SELECT [s].[Id], [s].[CreatedAtUtc], [s].[Notes], [s].[ReceiptDate], [s].[SupplierId], [s].[UpdatedAtUtc]
    FROM [StockReceipts] AS [s]
    ORDER BY [s].[ReceiptDate] DESC
    OFFSET @__p_0 ROWS FETCH NEXT @__p_1 ROWS ONLY
) AS [s1]
LEFT JOIN [Suppliers] AS [s0] ON [s1].[SupplierId] = [s0].[Id]
ORDER BY [s1].[ReceiptDate] DESC
2025-06-10 19:41:47.724 +07:00 [INF] (Microsoft.EntityFrameworkCore.Database.Command) Executed DbCommand (1ms) [Parameters=[@__email_0='Admin' (Size = 450)], CommandType='"Text"', CommandTimeout='30']
SELECT [u1].[Id], [u1].[CreatedAtUtc], [u1].[Email], [u1].[FirstName], [u1].[IsActive], [u1].[LastName], [u1].[PasswordHash], [u1].[PhoneNumber], [u1].[UpdatedAtUtc], [u1].[UserName], [s].[UserId], [s].[RoleId], [s].[Id], [s].[CreatedAtUtc], [s].[Name], [s].[UpdatedAtUtc]
FROM (
    SELECT TOP(1) [u].[Id], [u].[CreatedAtUtc], [u].[Email], [u].[FirstName], [u].[IsActive], [u].[LastName], [u].[PasswordHash], [u].[PhoneNumber], [u].[UpdatedAtUtc], [u].[UserName]
    FROM [Users] AS [u]
    WHERE [u].[Email] = @__email_0
) AS [u1]
LEFT JOIN (
    SELECT [u0].[UserId], [u0].[RoleId], [r].[Id], [r].[CreatedAtUtc], [r].[Name], [r].[UpdatedAtUtc]
    FROM [UserRoles] AS [u0]
    INNER JOIN [Roles] AS [r] ON [u0].[RoleId] = [r].[Id]
) AS [s] ON [u1].[Id] = [s].[UserId]
ORDER BY [u1].[Id], [s].[UserId], [s].[RoleId]
2025-06-10 19:41:47.730 +07:00 [INF] (Microsoft.EntityFrameworkCore.Database.Command) Executed DbCommand (0ms) [Parameters=[@__username_0='Admin' (Size = 450)], CommandType='"Text"', CommandTimeout='30']
SELECT [u1].[Id], [u1].[CreatedAtUtc], [u1].[Email], [u1].[FirstName], [u1].[IsActive], [u1].[LastName], [u1].[PasswordHash], [u1].[PhoneNumber], [u1].[UpdatedAtUtc], [u1].[UserName], [s].[UserId], [s].[RoleId], [s].[Id], [s].[CreatedAtUtc], [s].[Name], [s].[UpdatedAtUtc]
FROM (
    SELECT TOP(1) [u].[Id], [u].[CreatedAtUtc], [u].[Email], [u].[FirstName], [u].[IsActive], [u].[LastName], [u].[PasswordHash], [u].[PhoneNumber], [u].[UpdatedAtUtc], [u].[UserName]
    FROM [Users] AS [u]
    WHERE [u].[UserName] = @__username_0
) AS [u1]
LEFT JOIN (
    SELECT [u0].[UserId], [u0].[RoleId], [r].[Id], [r].[CreatedAtUtc], [r].[Name], [r].[UpdatedAtUtc]
    FROM [UserRoles] AS [u0]
    INNER JOIN [Roles] AS [r] ON [u0].[RoleId] = [r].[Id]
) AS [s] ON [u1].[Id] = [s].[UserId]
ORDER BY [u1].[Id], [s].[UserId], [s].[RoleId]
2025-06-10 19:41:47.987 +07:00 [INF] (Microsoft.EntityFrameworkCore.Database.Command) Executed DbCommand (0ms) [Parameters=[@__userId_0='f54527eb-f806-40db-bf76-c7b0e5fa6d39'], CommandType='"Text"', CommandTimeout='30']
SELECT [r].[Name]
FROM [UserRoles] AS [u]
INNER JOIN [Roles] AS [r] ON [u].[RoleId] = [r].[Id]
WHERE [u].[UserId] = @__userId_0
2025-06-10 19:41:48.035 +07:00 [INF] (Bookstore.Application.Services.StockReceiptService) User "f54527eb-f806-40db-bf76-c7b0e5fa6d39" creating new stock receipt.
2025-06-10 19:41:48.045 +07:00 [INF] (Microsoft.EntityFrameworkCore.Database.Command) Executed DbCommand (0ms) [Parameters=[@__p_0='2222aaaa-bbbb-cccc-dddd-eeeeffff0002' (Nullable = true)], CommandType='"Text"', CommandTimeout='30']
SELECT TOP(1) [s].[Id], [s].[Address], [s].[ContactPerson], [s].[CreatedAtUtc], [s].[Email], [s].[Name], [s].[Phone], [s].[UpdatedAtUtc]
FROM [Suppliers] AS [s]
WHERE [s].[Id] = @__p_0
2025-06-10 19:41:48.055 +07:00 [INF] (Microsoft.EntityFrameworkCore.Database.Command) Executed DbCommand (2ms) [Parameters=[@__p_0='c4cb8bfe-27d9-4f95-8a54-021c394455a7' (Nullable = true)], CommandType='"Text"', CommandTimeout='30']
SELECT TOP(1) [b].[Id], [b].[AuthorId], [b].[CategoryId], [b].[CoverImageUrl], [b].[CreatedAtUtc], [b].[Description], [b].[ISBN], [b].[IsDeleted], [b].[Price], [b].[PublicationYear], [b].[Publisher], [b].[StockQuantity], [b].[Title], [b].[UpdatedAtUtc]
FROM [Books] AS [b]
WHERE [b].[IsDeleted] = CAST(0 AS bit) AND [b].[Id] = @__p_0
2025-06-10 19:41:48.092 +07:00 [ERR] (Bookstore.Application.Services.StockReceiptService) Error creating stock receipt for User "f54527eb-f806-40db-bf76-c7b0e5fa6d39".
NotFoundException: Book with Id 'c4cb8bfe-27d9-4f95-8a54-021c394455a7' not found or has been deleted.
   at Bookstore.Application.Services.StockReceiptService.CreateStockReceiptAsync(CreateStockReceiptDto createDto, Guid userId, CancellationToken cancellationToken) in C:\Users\Nguyn\Desktop\Đồ án tốt nghiệp\BookStoreManagement\src\Bookstore.Application\Services\StockReceiptService.cs:line 54
2025-06-10 19:41:48.178 +07:00 [INF] (Bookstore.Application.Services.StockReceiptService) Fetching stock receipt with Id "2b4d1860-bfea-41c5-bc6b-b4d8676e3018"
2025-06-10 19:41:48.206 +07:00 [INF] (Microsoft.EntityFrameworkCore.Database.Command) Executed DbCommand (8ms) [Parameters=[@__id_0='2b4d1860-bfea-41c5-bc6b-b4d8676e3018'], CommandType='"Text"', CommandTimeout='30']
SELECT [s2].[Id], [s2].[CreatedAtUtc], [s2].[Notes], [s2].[ReceiptDate], [s2].[SupplierId], [s2].[UpdatedAtUtc], [s2].[Id0], [s2].[Address], [s2].[ContactPerson], [s2].[CreatedAtUtc0], [s2].[Email], [s2].[Name], [s2].[Phone], [s2].[UpdatedAtUtc0], [s3].[Id], [s3].[BookId], [s3].[PurchasePrice], [s3].[QuantityReceived], [s3].[StockReceiptId], [s3].[Id0], [s3].[AuthorId], [s3].[CategoryId], [s3].[CoverImageUrl], [s3].[CreatedAtUtc], [s3].[Description], [s3].[ISBN], [s3].[IsDeleted], [s3].[Price], [s3].[PublicationYear], [s3].[Publisher], [s3].[StockQuantity], [s3].[Title], [s3].[UpdatedAtUtc]
FROM (
    SELECT TOP(1) [s].[Id], [s].[CreatedAtUtc], [s].[Notes], [s].[ReceiptDate], [s].[SupplierId], [s].[UpdatedAtUtc], [s0].[Id] AS [Id0], [s0].[Address], [s0].[ContactPerson], [s0].[CreatedAtUtc] AS [CreatedAtUtc0], [s0].[Email], [s0].[Name], [s0].[Phone], [s0].[UpdatedAtUtc] AS [UpdatedAtUtc0]
    FROM [StockReceipts] AS [s]
    LEFT JOIN [Suppliers] AS [s0] ON [s].[SupplierId] = [s0].[Id]
    WHERE [s].[Id] = @__id_0
) AS [s2]
LEFT JOIN (
    SELECT [s1].[Id], [s1].[BookId], [s1].[PurchasePrice], [s1].[QuantityReceived], [s1].[StockReceiptId], [b0].[Id] AS [Id0], [b0].[AuthorId], [b0].[CategoryId], [b0].[CoverImageUrl], [b0].[CreatedAtUtc], [b0].[Description], [b0].[ISBN], [b0].[IsDeleted], [b0].[Price], [b0].[PublicationYear], [b0].[Publisher], [b0].[StockQuantity], [b0].[Title], [b0].[UpdatedAtUtc]
    FROM [StockReceiptDetails] AS [s1]
    INNER JOIN (
        SELECT [b].[Id], [b].[AuthorId], [b].[CategoryId], [b].[CoverImageUrl], [b].[CreatedAtUtc], [b].[Description], [b].[ISBN], [b].[IsDeleted], [b].[Price], [b].[PublicationYear], [b].[Publisher], [b].[StockQuantity], [b].[Title], [b].[UpdatedAtUtc]
        FROM [Books] AS [b]
        WHERE [b].[IsDeleted] = CAST(0 AS bit)
    ) AS [b0] ON [s1].[BookId] = [b0].[Id]
) AS [s3] ON [s2].[Id] = [s3].[StockReceiptId]
ORDER BY [s2].[Id], [s2].[Id0], [s3].[Id]
2025-06-10 19:41:48.299 +07:00 [INF] (Microsoft.EntityFrameworkCore.Database.Command) Executed DbCommand (1ms) [Parameters=[@__email_0='Admin' (Size = 450)], CommandType='"Text"', CommandTimeout='30']
SELECT [u1].[Id], [u1].[CreatedAtUtc], [u1].[Email], [u1].[FirstName], [u1].[IsActive], [u1].[LastName], [u1].[PasswordHash], [u1].[PhoneNumber], [u1].[UpdatedAtUtc], [u1].[UserName], [s].[UserId], [s].[RoleId], [s].[Id], [s].[CreatedAtUtc], [s].[Name], [s].[UpdatedAtUtc]
FROM (
    SELECT TOP(1) [u].[Id], [u].[CreatedAtUtc], [u].[Email], [u].[FirstName], [u].[IsActive], [u].[LastName], [u].[PasswordHash], [u].[PhoneNumber], [u].[UpdatedAtUtc], [u].[UserName]
    FROM [Users] AS [u]
    WHERE [u].[Email] = @__email_0
) AS [u1]
LEFT JOIN (
    SELECT [u0].[UserId], [u0].[RoleId], [r].[Id], [r].[CreatedAtUtc], [r].[Name], [r].[UpdatedAtUtc]
    FROM [UserRoles] AS [u0]
    INNER JOIN [Roles] AS [r] ON [u0].[RoleId] = [r].[Id]
) AS [s] ON [u1].[Id] = [s].[UserId]
ORDER BY [u1].[Id], [s].[UserId], [s].[RoleId]
2025-06-10 19:41:48.305 +07:00 [INF] (Microsoft.EntityFrameworkCore.Database.Command) Executed DbCommand (0ms) [Parameters=[@__username_0='Admin' (Size = 450)], CommandType='"Text"', CommandTimeout='30']
SELECT [u1].[Id], [u1].[CreatedAtUtc], [u1].[Email], [u1].[FirstName], [u1].[IsActive], [u1].[LastName], [u1].[PasswordHash], [u1].[PhoneNumber], [u1].[UpdatedAtUtc], [u1].[UserName], [s].[UserId], [s].[RoleId], [s].[Id], [s].[CreatedAtUtc], [s].[Name], [s].[UpdatedAtUtc]
FROM (
    SELECT TOP(1) [u].[Id], [u].[CreatedAtUtc], [u].[Email], [u].[FirstName], [u].[IsActive], [u].[LastName], [u].[PasswordHash], [u].[PhoneNumber], [u].[UpdatedAtUtc], [u].[UserName]
    FROM [Users] AS [u]
    WHERE [u].[UserName] = @__username_0
) AS [u1]
LEFT JOIN (
    SELECT [u0].[UserId], [u0].[RoleId], [r].[Id], [r].[CreatedAtUtc], [r].[Name], [r].[UpdatedAtUtc]
    FROM [UserRoles] AS [u0]
    INNER JOIN [Roles] AS [r] ON [u0].[RoleId] = [r].[Id]
) AS [s] ON [u1].[Id] = [s].[UserId]
ORDER BY [u1].[Id], [s].[UserId], [s].[RoleId]
2025-06-10 19:41:48.574 +07:00 [INF] (Microsoft.EntityFrameworkCore.Database.Command) Executed DbCommand (1ms) [Parameters=[@__userId_0='f54527eb-f806-40db-bf76-c7b0e5fa6d39'], CommandType='"Text"', CommandTimeout='30']
SELECT [r].[Name]
FROM [UserRoles] AS [u]
INNER JOIN [Roles] AS [r] ON [u].[RoleId] = [r].[Id]
WHERE [u].[UserId] = @__userId_0
2025-06-10 19:41:48.589 +07:00 [INF] (Bookstore.Application.Services.OrderService) Fetching all orders for Admin. Page: 1, PageSize: 10, StatusFilter: None
2025-06-10 19:41:48.614 +07:00 [INF] (Microsoft.EntityFrameworkCore.Database.Command) Executed DbCommand (4ms) [Parameters=[@__p_0='0', @__p_1='10'], CommandType='"Text"', CommandTimeout='30']
SELECT [o0].[Id], [o0].[CreatedAtUtc], [o0].[DeliveryMethod], [o0].[InvoiceNumber], [o0].[OrderDate], [o0].[OrderShippingAddressId], [o0].[OrderType], [o0].[PaymentMethod], [o0].[PaymentStatus], [o0].[Status], [o0].[TotalAmount], [o0].[TransactionId], [o0].[UpdatedAtUtc], [o0].[UserId], [u].[Id], [u].[CreatedAtUtc], [u].[Email], [u].[FirstName], [u].[IsActive], [u].[LastName], [u].[PasswordHash], [u].[PhoneNumber], [u].[UpdatedAtUtc], [u].[UserName], [o1].[Id], [o1].[BookId], [o1].[OrderId], [o1].[Quantity], [o1].[UnitPrice]
FROM (
    SELECT [o].[Id], [o].[CreatedAtUtc], [o].[DeliveryMethod], [o].[InvoiceNumber], [o].[OrderDate], [o].[OrderShippingAddressId], [o].[OrderType], [o].[PaymentMethod], [o].[PaymentStatus], [o].[Status], [o].[TotalAmount], [o].[TransactionId], [o].[UpdatedAtUtc], [o].[UserId]
    FROM [Orders] AS [o]
    ORDER BY [o].[OrderDate] DESC
    OFFSET @__p_0 ROWS FETCH NEXT @__p_1 ROWS ONLY
) AS [o0]
LEFT JOIN [Users] AS [u] ON [o0].[UserId] = [u].[Id]
LEFT JOIN [OrderDetails] AS [o1] ON [o0].[Id] = [o1].[OrderId]
ORDER BY [o0].[OrderDate] DESC, [o0].[Id], [u].[Id]
2025-06-10 19:41:48.676 +07:00 [INF] (Microsoft.EntityFrameworkCore.Database.Command) Executed DbCommand (1ms) [Parameters=[@__email_0='Admin' (Size = 450)], CommandType='"Text"', CommandTimeout='30']
SELECT [u1].[Id], [u1].[CreatedAtUtc], [u1].[Email], [u1].[FirstName], [u1].[IsActive], [u1].[LastName], [u1].[PasswordHash], [u1].[PhoneNumber], [u1].[UpdatedAtUtc], [u1].[UserName], [s].[UserId], [s].[RoleId], [s].[Id], [s].[CreatedAtUtc], [s].[Name], [s].[UpdatedAtUtc]
FROM (
    SELECT TOP(1) [u].[Id], [u].[CreatedAtUtc], [u].[Email], [u].[FirstName], [u].[IsActive], [u].[LastName], [u].[PasswordHash], [u].[PhoneNumber], [u].[UpdatedAtUtc], [u].[UserName]
    FROM [Users] AS [u]
    WHERE [u].[Email] = @__email_0
) AS [u1]
LEFT JOIN (
    SELECT [u0].[UserId], [u0].[RoleId], [r].[Id], [r].[CreatedAtUtc], [r].[Name], [r].[UpdatedAtUtc]
    FROM [UserRoles] AS [u0]
    INNER JOIN [Roles] AS [r] ON [u0].[RoleId] = [r].[Id]
) AS [s] ON [u1].[Id] = [s].[UserId]
ORDER BY [u1].[Id], [s].[UserId], [s].[RoleId]
2025-06-10 19:41:48.681 +07:00 [INF] (Microsoft.EntityFrameworkCore.Database.Command) Executed DbCommand (0ms) [Parameters=[@__username_0='Admin' (Size = 450)], CommandType='"Text"', CommandTimeout='30']
SELECT [u1].[Id], [u1].[CreatedAtUtc], [u1].[Email], [u1].[FirstName], [u1].[IsActive], [u1].[LastName], [u1].[PasswordHash], [u1].[PhoneNumber], [u1].[UpdatedAtUtc], [u1].[UserName], [s].[UserId], [s].[RoleId], [s].[Id], [s].[CreatedAtUtc], [s].[Name], [s].[UpdatedAtUtc]
FROM (
    SELECT TOP(1) [u].[Id], [u].[CreatedAtUtc], [u].[Email], [u].[FirstName], [u].[IsActive], [u].[LastName], [u].[PasswordHash], [u].[PhoneNumber], [u].[UpdatedAtUtc], [u].[UserName]
    FROM [Users] AS [u]
    WHERE [u].[UserName] = @__username_0
) AS [u1]
LEFT JOIN (
    SELECT [u0].[UserId], [u0].[RoleId], [r].[Id], [r].[CreatedAtUtc], [r].[Name], [r].[UpdatedAtUtc]
    FROM [UserRoles] AS [u0]
    INNER JOIN [Roles] AS [r] ON [u0].[RoleId] = [r].[Id]
) AS [s] ON [u1].[Id] = [s].[UserId]
ORDER BY [u1].[Id], [s].[UserId], [s].[RoleId]
2025-06-10 19:41:48.944 +07:00 [INF] (Microsoft.EntityFrameworkCore.Database.Command) Executed DbCommand (0ms) [Parameters=[@__userId_0='f54527eb-f806-40db-bf76-c7b0e5fa6d39'], CommandType='"Text"', CommandTimeout='30']
SELECT [r].[Name]
FROM [UserRoles] AS [u]
INNER JOIN [Roles] AS [r] ON [u].[RoleId] = [r].[Id]
WHERE [u].[UserId] = @__userId_0
2025-06-10 19:41:48.973 +07:00 [INF] (Bookstore.Application.Services.OrderService) Fetching order details "996ec456-b2e1-4683-b79f-7b3580d67d57" for Admin
2025-06-10 19:41:48.983 +07:00 [INF] (Microsoft.EntityFrameworkCore.Database.Command) Executed DbCommand (8ms) [Parameters=[@__orderId_0='996ec456-b2e1-4683-b79f-7b3580d67d57'], CommandType='"Text"', CommandTimeout='30']
SELECT [s].[Id], [s].[CreatedAtUtc], [s].[DeliveryMethod], [s].[InvoiceNumber], [s].[OrderDate], [s].[OrderShippingAddressId], [s].[OrderType], [s].[PaymentMethod], [s].[PaymentStatus], [s].[Status], [s].[TotalAmount], [s].[TransactionId], [s].[UpdatedAtUtc], [s].[UserId], [s].[Id0], [s].[CreatedAtUtc0], [s].[Email], [s].[FirstName], [s].[IsActive], [s].[LastName], [s].[PasswordHash], [s].[PhoneNumber], [s].[UpdatedAtUtc0], [s].[UserName], [s].[Id1], [s].[City], [s].[District], [s].[PhoneNumber0], [s].[RecipientName], [s].[Street], [s].[Village], [s0].[Id], [s0].[BookId], [s0].[OrderId], [s0].[Quantity], [s0].[UnitPrice], [s0].[Id0], [s0].[AuthorId], [s0].[CategoryId], [s0].[CoverImageUrl], [s0].[CreatedAtUtc], [s0].[Description], [s0].[ISBN], [s0].[IsDeleted], [s0].[Price], [s0].[PublicationYear], [s0].[Publisher], [s0].[StockQuantity], [s0].[Title], [s0].[UpdatedAtUtc], [s0].[Id1], [s0].[Biography], [s0].[CreatedAtUtc0], [s0].[Name], [s0].[UpdatedAtUtc0]
FROM (
    SELECT TOP(1) [o].[Id], [o].[CreatedAtUtc], [o].[DeliveryMethod], [o].[InvoiceNumber], [o].[OrderDate], [o].[OrderShippingAddressId], [o].[OrderType], [o].[PaymentMethod], [o].[PaymentStatus], [o].[Status], [o].[TotalAmount], [o].[TransactionId], [o].[UpdatedAtUtc], [o].[UserId], [u].[Id] AS [Id0], [u].[CreatedAtUtc] AS [CreatedAtUtc0], [u].[Email], [u].[FirstName], [u].[IsActive], [u].[LastName], [u].[PasswordHash], [u].[PhoneNumber], [u].[UpdatedAtUtc] AS [UpdatedAtUtc0], [u].[UserName], [o0].[Id] AS [Id1], [o0].[City], [o0].[District], [o0].[PhoneNumber] AS [PhoneNumber0], [o0].[RecipientName], [o0].[Street], [o0].[Village]
    FROM [Orders] AS [o]
    LEFT JOIN [Users] AS [u] ON [o].[UserId] = [u].[Id]
    LEFT JOIN [OrderShippingAddresses] AS [o0] ON [o].[OrderShippingAddressId] = [o0].[Id]
    WHERE [o].[Id] = @__orderId_0
) AS [s]
LEFT JOIN (
    SELECT [o1].[Id], [o1].[BookId], [o1].[OrderId], [o1].[Quantity], [o1].[UnitPrice], [b0].[Id] AS [Id0], [b0].[AuthorId], [b0].[CategoryId], [b0].[CoverImageUrl], [b0].[CreatedAtUtc], [b0].[Description], [b0].[ISBN], [b0].[IsDeleted], [b0].[Price], [b0].[PublicationYear], [b0].[Publisher], [b0].[StockQuantity], [b0].[Title], [b0].[UpdatedAtUtc], [a].[Id] AS [Id1], [a].[Biography], [a].[CreatedAtUtc] AS [CreatedAtUtc0], [a].[Name], [a].[UpdatedAtUtc] AS [UpdatedAtUtc0]
    FROM [OrderDetails] AS [o1]
    INNER JOIN (
        SELECT [b].[Id], [b].[AuthorId], [b].[CategoryId], [b].[CoverImageUrl], [b].[CreatedAtUtc], [b].[Description], [b].[ISBN], [b].[IsDeleted], [b].[Price], [b].[PublicationYear], [b].[Publisher], [b].[StockQuantity], [b].[Title], [b].[UpdatedAtUtc]
        FROM [Books] AS [b]
        WHERE [b].[IsDeleted] = CAST(0 AS bit)
    ) AS [b0] ON [o1].[BookId] = [b0].[Id]
    LEFT JOIN [Authors] AS [a] ON [b0].[AuthorId] = [a].[Id]
) AS [s0] ON [s].[Id] = [s0].[OrderId]
ORDER BY [s].[Id], [s].[Id0], [s].[Id1], [s0].[Id], [s0].[Id0]
2025-06-10 19:41:49.050 +07:00 [INF] (Bookstore.Application.Services.OrderService) Admin "f54527eb-f806-40db-bf76-c7b0e5fa6d39" attempting to update status for Order "996ec456-b2e1-4683-b79f-7b3580d67d57" to "Completed"
2025-06-10 19:41:49.075 +07:00 [INF] (Microsoft.EntityFrameworkCore.Database.Command) Executed DbCommand (5ms) [Parameters=[@__orderId_0='996ec456-b2e1-4683-b79f-7b3580d67d57'], CommandType='"Text"', CommandTimeout='30']
SELECT [o].[Id], [o].[CreatedAtUtc], [o].[DeliveryMethod], [o].[InvoiceNumber], [o].[OrderDate], [o].[OrderShippingAddressId], [o].[OrderType], [o].[PaymentMethod], [o].[PaymentStatus], [o].[Status], [o].[TotalAmount], [o].[TransactionId], [o].[UpdatedAtUtc], [o].[UserId], [s].[Id], [s].[BookId], [s].[OrderId], [s].[Quantity], [s].[UnitPrice], [s].[Id0], [s].[AuthorId], [s].[CategoryId], [s].[CoverImageUrl], [s].[CreatedAtUtc], [s].[Description], [s].[ISBN], [s].[IsDeleted], [s].[Price], [s].[PublicationYear], [s].[Publisher], [s].[StockQuantity], [s].[Title], [s].[UpdatedAtUtc]
FROM [Orders] AS [o]
LEFT JOIN (
    SELECT [o0].[Id], [o0].[BookId], [o0].[OrderId], [o0].[Quantity], [o0].[UnitPrice], [b0].[Id] AS [Id0], [b0].[AuthorId], [b0].[CategoryId], [b0].[CoverImageUrl], [b0].[CreatedAtUtc], [b0].[Description], [b0].[ISBN], [b0].[IsDeleted], [b0].[Price], [b0].[PublicationYear], [b0].[Publisher], [b0].[StockQuantity], [b0].[Title], [b0].[UpdatedAtUtc]
    FROM [OrderDetails] AS [o0]
    INNER JOIN (
        SELECT [b].[Id], [b].[AuthorId], [b].[CategoryId], [b].[CoverImageUrl], [b].[CreatedAtUtc], [b].[Description], [b].[ISBN], [b].[IsDeleted], [b].[Price], [b].[PublicationYear], [b].[Publisher], [b].[StockQuantity], [b].[Title], [b].[UpdatedAtUtc]
        FROM [Books] AS [b]
        WHERE [b].[IsDeleted] = CAST(0 AS bit)
    ) AS [b0] ON [o0].[BookId] = [b0].[Id]
) AS [s] ON [o].[Id] = [s].[OrderId]
WHERE [o].[Id] = @__orderId_0
ORDER BY [o].[Id], [s].[Id]
2025-06-10 19:41:49.085 +07:00 [INF] (Bookstore.Application.Services.OrderService) Successfully updated status for Order "996ec456-b2e1-4683-b79f-7b3580d67d57" to "Completed" by Admin "f54527eb-f806-40db-bf76-c7b0e5fa6d39"
2025-06-10 19:41:49.153 +07:00 [INF] (Microsoft.EntityFrameworkCore.Database.Command) Executed DbCommand (1ms) [Parameters=[@__email_0='Admin' (Size = 450)], CommandType='"Text"', CommandTimeout='30']
SELECT [u1].[Id], [u1].[CreatedAtUtc], [u1].[Email], [u1].[FirstName], [u1].[IsActive], [u1].[LastName], [u1].[PasswordHash], [u1].[PhoneNumber], [u1].[UpdatedAtUtc], [u1].[UserName], [s].[UserId], [s].[RoleId], [s].[Id], [s].[CreatedAtUtc], [s].[Name], [s].[UpdatedAtUtc]
FROM (
    SELECT TOP(1) [u].[Id], [u].[CreatedAtUtc], [u].[Email], [u].[FirstName], [u].[IsActive], [u].[LastName], [u].[PasswordHash], [u].[PhoneNumber], [u].[UpdatedAtUtc], [u].[UserName]
    FROM [Users] AS [u]
    WHERE [u].[Email] = @__email_0
) AS [u1]
LEFT JOIN (
    SELECT [u0].[UserId], [u0].[RoleId], [r].[Id], [r].[CreatedAtUtc], [r].[Name], [r].[UpdatedAtUtc]
    FROM [UserRoles] AS [u0]
    INNER JOIN [Roles] AS [r] ON [u0].[RoleId] = [r].[Id]
) AS [s] ON [u1].[Id] = [s].[UserId]
ORDER BY [u1].[Id], [s].[UserId], [s].[RoleId]
2025-06-10 19:41:49.159 +07:00 [INF] (Microsoft.EntityFrameworkCore.Database.Command) Executed DbCommand (0ms) [Parameters=[@__username_0='Admin' (Size = 450)], CommandType='"Text"', CommandTimeout='30']
SELECT [u1].[Id], [u1].[CreatedAtUtc], [u1].[Email], [u1].[FirstName], [u1].[IsActive], [u1].[LastName], [u1].[PasswordHash], [u1].[PhoneNumber], [u1].[UpdatedAtUtc], [u1].[UserName], [s].[UserId], [s].[RoleId], [s].[Id], [s].[CreatedAtUtc], [s].[Name], [s].[UpdatedAtUtc]
FROM (
    SELECT TOP(1) [u].[Id], [u].[CreatedAtUtc], [u].[Email], [u].[FirstName], [u].[IsActive], [u].[LastName], [u].[PasswordHash], [u].[PhoneNumber], [u].[UpdatedAtUtc], [u].[UserName]
    FROM [Users] AS [u]
    WHERE [u].[UserName] = @__username_0
) AS [u1]
LEFT JOIN (
    SELECT [u0].[UserId], [u0].[RoleId], [r].[Id], [r].[CreatedAtUtc], [r].[Name], [r].[UpdatedAtUtc]
    FROM [UserRoles] AS [u0]
    INNER JOIN [Roles] AS [r] ON [u0].[RoleId] = [r].[Id]
) AS [s] ON [u1].[Id] = [s].[UserId]
ORDER BY [u1].[Id], [s].[UserId], [s].[RoleId]
2025-06-10 19:41:49.420 +07:00 [INF] (Microsoft.EntityFrameworkCore.Database.Command) Executed DbCommand (1ms) [Parameters=[@__userId_0='f54527eb-f806-40db-bf76-c7b0e5fa6d39'], CommandType='"Text"', CommandTimeout='30']
SELECT [r].[Name]
FROM [UserRoles] AS [u]
INNER JOIN [Roles] AS [r] ON [u].[RoleId] = [r].[Id]
WHERE [u].[UserId] = @__userId_0
2025-06-10 19:41:49.441 +07:00 [INF] (Bookstore.Application.Services.ReportService) Generating revenue report from "2025-01-04T00:00:00.0000000" to "2025-10-04T00:00:00.0000000"
2025-06-10 19:41:49.451 +07:00 [INF] (Microsoft.EntityFrameworkCore.Database.Command) Executed DbCommand (2ms) [Parameters=[@__inclusiveStartDate_0='2025-01-04T00:00:00.0000000', @__inclusiveEndDate_1='2025-10-05T00:00:00.0000000'], CommandType='"Text"', CommandTimeout='30']
SELECT [o].[Id], [o].[CreatedAtUtc], [o].[DeliveryMethod], [o].[InvoiceNumber], [o].[OrderDate], [o].[OrderShippingAddressId], [o].[OrderType], [o].[PaymentMethod], [o].[PaymentStatus], [o].[Status], [o].[TotalAmount], [o].[TransactionId], [o].[UpdatedAtUtc], [o].[UserId]
FROM [Orders] AS [o]
WHERE [o].[Status] = CAST(3 AS tinyint) AND [o].[OrderDate] >= @__inclusiveStartDate_0 AND [o].[OrderDate] < @__inclusiveEndDate_1
2025-06-10 19:41:49.459 +07:00 [INF] (Bookstore.Application.Services.ReportService) Revenue report generated successfully.
2025-06-10 19:41:49.511 +07:00 [INF] (Microsoft.EntityFrameworkCore.Database.Command) Executed DbCommand (0ms) [Parameters=[@__email_0='Admin' (Size = 450)], CommandType='"Text"', CommandTimeout='30']
SELECT [u1].[Id], [u1].[CreatedAtUtc], [u1].[Email], [u1].[FirstName], [u1].[IsActive], [u1].[LastName], [u1].[PasswordHash], [u1].[PhoneNumber], [u1].[UpdatedAtUtc], [u1].[UserName], [s].[UserId], [s].[RoleId], [s].[Id], [s].[CreatedAtUtc], [s].[Name], [s].[UpdatedAtUtc]
FROM (
    SELECT TOP(1) [u].[Id], [u].[CreatedAtUtc], [u].[Email], [u].[FirstName], [u].[IsActive], [u].[LastName], [u].[PasswordHash], [u].[PhoneNumber], [u].[UpdatedAtUtc], [u].[UserName]
    FROM [Users] AS [u]
    WHERE [u].[Email] = @__email_0
) AS [u1]
LEFT JOIN (
    SELECT [u0].[UserId], [u0].[RoleId], [r].[Id], [r].[CreatedAtUtc], [r].[Name], [r].[UpdatedAtUtc]
    FROM [UserRoles] AS [u0]
    INNER JOIN [Roles] AS [r] ON [u0].[RoleId] = [r].[Id]
) AS [s] ON [u1].[Id] = [s].[UserId]
ORDER BY [u1].[Id], [s].[UserId], [s].[RoleId]
2025-06-10 19:41:49.515 +07:00 [INF] (Microsoft.EntityFrameworkCore.Database.Command) Executed DbCommand (0ms) [Parameters=[@__username_0='Admin' (Size = 450)], CommandType='"Text"', CommandTimeout='30']
SELECT [u1].[Id], [u1].[CreatedAtUtc], [u1].[Email], [u1].[FirstName], [u1].[IsActive], [u1].[LastName], [u1].[PasswordHash], [u1].[PhoneNumber], [u1].[UpdatedAtUtc], [u1].[UserName], [s].[UserId], [s].[RoleId], [s].[Id], [s].[CreatedAtUtc], [s].[Name], [s].[UpdatedAtUtc]
FROM (
    SELECT TOP(1) [u].[Id], [u].[CreatedAtUtc], [u].[Email], [u].[FirstName], [u].[IsActive], [u].[LastName], [u].[PasswordHash], [u].[PhoneNumber], [u].[UpdatedAtUtc], [u].[UserName]
    FROM [Users] AS [u]
    WHERE [u].[UserName] = @__username_0
) AS [u1]
LEFT JOIN (
    SELECT [u0].[UserId], [u0].[RoleId], [r].[Id], [r].[CreatedAtUtc], [r].[Name], [r].[UpdatedAtUtc]
    FROM [UserRoles] AS [u0]
    INNER JOIN [Roles] AS [r] ON [u0].[RoleId] = [r].[Id]
) AS [s] ON [u1].[Id] = [s].[UserId]
ORDER BY [u1].[Id], [s].[UserId], [s].[RoleId]
2025-06-10 19:41:49.777 +07:00 [INF] (Microsoft.EntityFrameworkCore.Database.Command) Executed DbCommand (0ms) [Parameters=[@__userId_0='f54527eb-f806-40db-bf76-c7b0e5fa6d39'], CommandType='"Text"', CommandTimeout='30']
SELECT [r].[Name]
FROM [UserRoles] AS [u]
INNER JOIN [Roles] AS [r] ON [u].[RoleId] = [r].[Id]
WHERE [u].[UserId] = @__userId_0
2025-06-10 19:41:49.806 +07:00 [INF] (Bookstore.Application.Services.ReportService) Generating bestsellers report from "2025-04-01T00:00:00.0000000" to "2025-04-30T00:00:00.0000000", top 5
2025-06-10 19:41:49.854 +07:00 [INF] (Microsoft.EntityFrameworkCore.Database.Command) Executed DbCommand (6ms) [Parameters=[@__p_2='5', @__inclusiveStartDate_0='2025-04-01T00:00:00.0000000', @__inclusiveEndDate_1='2025-05-01T00:00:00.0000000'], CommandType='"Text"', CommandTimeout='30']
SELECT [s].[BookId], [b2].[Title] AS [BookTitle], [s].[TotalQuantitySold]
FROM (
    SELECT TOP(@__p_2) [o].[BookId], COALESCE(SUM([o].[Quantity]), 0) AS [TotalQuantitySold]
    FROM [OrderDetails] AS [o]
    INNER JOIN [Orders] AS [o0] ON [o].[OrderId] = [o0].[Id]
    INNER JOIN (
        SELECT [b].[Id], [b].[IsDeleted]
        FROM [Books] AS [b]
        WHERE [b].[IsDeleted] = CAST(0 AS bit)
    ) AS [b0] ON [o].[BookId] = [b0].[Id]
    WHERE [o0].[Status] = CAST(3 AS tinyint) AND [o0].[OrderDate] >= @__inclusiveStartDate_0 AND [o0].[OrderDate] < @__inclusiveEndDate_1 AND [b0].[IsDeleted] = CAST(0 AS bit)
    GROUP BY [o].[BookId]
    ORDER BY COALESCE(SUM([o].[Quantity]), 0) DESC
) AS [s]
INNER JOIN (
    SELECT [b1].[Id], [b1].[Title]
    FROM [Books] AS [b1]
    WHERE [b1].[IsDeleted] = CAST(0 AS bit)
) AS [b2] ON [s].[BookId] = [b2].[Id]
ORDER BY [s].[TotalQuantitySold] DESC
2025-06-10 19:41:49.861 +07:00 [INF] (Bookstore.Application.Services.ReportService) Bestsellers report generated successfully.
2025-06-10 19:41:49.926 +07:00 [INF] (Microsoft.EntityFrameworkCore.Database.Command) Executed DbCommand (0ms) [Parameters=[@__email_0='Admin' (Size = 450)], CommandType='"Text"', CommandTimeout='30']
SELECT [u1].[Id], [u1].[CreatedAtUtc], [u1].[Email], [u1].[FirstName], [u1].[IsActive], [u1].[LastName], [u1].[PasswordHash], [u1].[PhoneNumber], [u1].[UpdatedAtUtc], [u1].[UserName], [s].[UserId], [s].[RoleId], [s].[Id], [s].[CreatedAtUtc], [s].[Name], [s].[UpdatedAtUtc]
FROM (
    SELECT TOP(1) [u].[Id], [u].[CreatedAtUtc], [u].[Email], [u].[FirstName], [u].[IsActive], [u].[LastName], [u].[PasswordHash], [u].[PhoneNumber], [u].[UpdatedAtUtc], [u].[UserName]
    FROM [Users] AS [u]
    WHERE [u].[Email] = @__email_0
) AS [u1]
LEFT JOIN (
    SELECT [u0].[UserId], [u0].[RoleId], [r].[Id], [r].[CreatedAtUtc], [r].[Name], [r].[UpdatedAtUtc]
    FROM [UserRoles] AS [u0]
    INNER JOIN [Roles] AS [r] ON [u0].[RoleId] = [r].[Id]
) AS [s] ON [u1].[Id] = [s].[UserId]
ORDER BY [u1].[Id], [s].[UserId], [s].[RoleId]
2025-06-10 19:41:49.931 +07:00 [INF] (Microsoft.EntityFrameworkCore.Database.Command) Executed DbCommand (1ms) [Parameters=[@__username_0='Admin' (Size = 450)], CommandType='"Text"', CommandTimeout='30']
SELECT [u1].[Id], [u1].[CreatedAtUtc], [u1].[Email], [u1].[FirstName], [u1].[IsActive], [u1].[LastName], [u1].[PasswordHash], [u1].[PhoneNumber], [u1].[UpdatedAtUtc], [u1].[UserName], [s].[UserId], [s].[RoleId], [s].[Id], [s].[CreatedAtUtc], [s].[Name], [s].[UpdatedAtUtc]
FROM (
    SELECT TOP(1) [u].[Id], [u].[CreatedAtUtc], [u].[Email], [u].[FirstName], [u].[IsActive], [u].[LastName], [u].[PasswordHash], [u].[PhoneNumber], [u].[UpdatedAtUtc], [u].[UserName]
    FROM [Users] AS [u]
    WHERE [u].[UserName] = @__username_0
) AS [u1]
LEFT JOIN (
    SELECT [u0].[UserId], [u0].[RoleId], [r].[Id], [r].[CreatedAtUtc], [r].[Name], [r].[UpdatedAtUtc]
    FROM [UserRoles] AS [u0]
    INNER JOIN [Roles] AS [r] ON [u0].[RoleId] = [r].[Id]
) AS [s] ON [u1].[Id] = [s].[UserId]
ORDER BY [u1].[Id], [s].[UserId], [s].[RoleId]
2025-06-10 19:41:50.193 +07:00 [INF] (Microsoft.EntityFrameworkCore.Database.Command) Executed DbCommand (0ms) [Parameters=[@__userId_0='f54527eb-f806-40db-bf76-c7b0e5fa6d39'], CommandType='"Text"', CommandTimeout='30']
SELECT [r].[Name]
FROM [UserRoles] AS [u]
INNER JOIN [Roles] AS [r] ON [u].[RoleId] = [r].[Id]
WHERE [u].[UserId] = @__userId_0
2025-06-10 19:41:50.223 +07:00 [INF] (Bookstore.Application.Services.ReportService) Generating low stock report with threshold 5
2025-06-10 19:41:50.236 +07:00 [INF] (Microsoft.EntityFrameworkCore.Database.Command) Executed DbCommand (3ms) [Parameters=[@__lowStockThreshold_0='5'], CommandType='"Text"', CommandTimeout='30']
SELECT [b].[Id], [b].[AuthorId], [b].[CategoryId], [b].[CoverImageUrl], [b].[CreatedAtUtc], [b].[Description], [b].[ISBN], [b].[IsDeleted], [b].[Price], [b].[PublicationYear], [b].[Publisher], [b].[StockQuantity], [b].[Title], [b].[UpdatedAtUtc], [a].[Id], [a].[Biography], [a].[CreatedAtUtc], [a].[Name], [a].[UpdatedAtUtc]
FROM [Books] AS [b]
LEFT JOIN [Authors] AS [a] ON [b].[AuthorId] = [a].[Id]
WHERE [b].[IsDeleted] = CAST(0 AS bit) AND [b].[StockQuantity] > 0 AND [b].[StockQuantity] <= @__lowStockThreshold_0
ORDER BY [b].[StockQuantity]
2025-06-10 19:41:50.300 +07:00 [INF] (Microsoft.EntityFrameworkCore.Database.Command) Executed DbCommand (0ms) [Parameters=[@__email_0='Admin' (Size = 450)], CommandType='"Text"', CommandTimeout='30']
SELECT [u1].[Id], [u1].[CreatedAtUtc], [u1].[Email], [u1].[FirstName], [u1].[IsActive], [u1].[LastName], [u1].[PasswordHash], [u1].[PhoneNumber], [u1].[UpdatedAtUtc], [u1].[UserName], [s].[UserId], [s].[RoleId], [s].[Id], [s].[CreatedAtUtc], [s].[Name], [s].[UpdatedAtUtc]
FROM (
    SELECT TOP(1) [u].[Id], [u].[CreatedAtUtc], [u].[Email], [u].[FirstName], [u].[IsActive], [u].[LastName], [u].[PasswordHash], [u].[PhoneNumber], [u].[UpdatedAtUtc], [u].[UserName]
    FROM [Users] AS [u]
    WHERE [u].[Email] = @__email_0
) AS [u1]
LEFT JOIN (
    SELECT [u0].[UserId], [u0].[RoleId], [r].[Id], [r].[CreatedAtUtc], [r].[Name], [r].[UpdatedAtUtc]
    FROM [UserRoles] AS [u0]
    INNER JOIN [Roles] AS [r] ON [u0].[RoleId] = [r].[Id]
) AS [s] ON [u1].[Id] = [s].[UserId]
ORDER BY [u1].[Id], [s].[UserId], [s].[RoleId]
2025-06-10 19:41:50.305 +07:00 [INF] (Microsoft.EntityFrameworkCore.Database.Command) Executed DbCommand (0ms) [Parameters=[@__username_0='Admin' (Size = 450)], CommandType='"Text"', CommandTimeout='30']
SELECT [u1].[Id], [u1].[CreatedAtUtc], [u1].[Email], [u1].[FirstName], [u1].[IsActive], [u1].[LastName], [u1].[PasswordHash], [u1].[PhoneNumber], [u1].[UpdatedAtUtc], [u1].[UserName], [s].[UserId], [s].[RoleId], [s].[Id], [s].[CreatedAtUtc], [s].[Name], [s].[UpdatedAtUtc]
FROM (
    SELECT TOP(1) [u].[Id], [u].[CreatedAtUtc], [u].[Email], [u].[FirstName], [u].[IsActive], [u].[LastName], [u].[PasswordHash], [u].[PhoneNumber], [u].[UpdatedAtUtc], [u].[UserName]
    FROM [Users] AS [u]
    WHERE [u].[UserName] = @__username_0
) AS [u1]
LEFT JOIN (
    SELECT [u0].[UserId], [u0].[RoleId], [r].[Id], [r].[CreatedAtUtc], [r].[Name], [r].[UpdatedAtUtc]
    FROM [UserRoles] AS [u0]
    INNER JOIN [Roles] AS [r] ON [u0].[RoleId] = [r].[Id]
) AS [s] ON [u1].[Id] = [s].[UserId]
ORDER BY [u1].[Id], [s].[UserId], [s].[RoleId]
2025-06-10 19:41:50.570 +07:00 [INF] (Microsoft.EntityFrameworkCore.Database.Command) Executed DbCommand (1ms) [Parameters=[@__userId_0='f54527eb-f806-40db-bf76-c7b0e5fa6d39'], CommandType='"Text"', CommandTimeout='30']
SELECT [r].[Name]
FROM [UserRoles] AS [u]
INNER JOIN [Roles] AS [r] ON [u].[RoleId] = [r].[Id]
WHERE [u].[UserId] = @__userId_0
2025-06-10 19:41:50.638 +07:00 [INF] (Microsoft.EntityFrameworkCore.Database.Command) Executed DbCommand (3ms) [Parameters=[], CommandType='"Text"', CommandTimeout='30']
SELECT [p].[Id], [p].[Code], [p].[CreatedAtUtc], [p].[CurrentUsage], [p].[Description], [p].[DiscountAmount], [p].[DiscountPercentage], [p].[EndDate], [p].[IsActive], [p].[MaxUsage], [p].[StartDate], [p].[UpdatedAtUtc]
FROM [Promotions] AS [p]
ORDER BY [p].[CreatedAtUtc] DESC
2025-06-10 19:41:50.704 +07:00 [INF] (Microsoft.EntityFrameworkCore.Database.Command) Executed DbCommand (0ms) [Parameters=[@__email_0='Admin' (Size = 450)], CommandType='"Text"', CommandTimeout='30']
SELECT [u1].[Id], [u1].[CreatedAtUtc], [u1].[Email], [u1].[FirstName], [u1].[IsActive], [u1].[LastName], [u1].[PasswordHash], [u1].[PhoneNumber], [u1].[UpdatedAtUtc], [u1].[UserName], [s].[UserId], [s].[RoleId], [s].[Id], [s].[CreatedAtUtc], [s].[Name], [s].[UpdatedAtUtc]
FROM (
    SELECT TOP(1) [u].[Id], [u].[CreatedAtUtc], [u].[Email], [u].[FirstName], [u].[IsActive], [u].[LastName], [u].[PasswordHash], [u].[PhoneNumber], [u].[UpdatedAtUtc], [u].[UserName]
    FROM [Users] AS [u]
    WHERE [u].[Email] = @__email_0
) AS [u1]
LEFT JOIN (
    SELECT [u0].[UserId], [u0].[RoleId], [r].[Id], [r].[CreatedAtUtc], [r].[Name], [r].[UpdatedAtUtc]
    FROM [UserRoles] AS [u0]
    INNER JOIN [Roles] AS [r] ON [u0].[RoleId] = [r].[Id]
) AS [s] ON [u1].[Id] = [s].[UserId]
ORDER BY [u1].[Id], [s].[UserId], [s].[RoleId]
2025-06-10 19:41:50.710 +07:00 [INF] (Microsoft.EntityFrameworkCore.Database.Command) Executed DbCommand (0ms) [Parameters=[@__username_0='Admin' (Size = 450)], CommandType='"Text"', CommandTimeout='30']
SELECT [u1].[Id], [u1].[CreatedAtUtc], [u1].[Email], [u1].[FirstName], [u1].[IsActive], [u1].[LastName], [u1].[PasswordHash], [u1].[PhoneNumber], [u1].[UpdatedAtUtc], [u1].[UserName], [s].[UserId], [s].[RoleId], [s].[Id], [s].[CreatedAtUtc], [s].[Name], [s].[UpdatedAtUtc]
FROM (
    SELECT TOP(1) [u].[Id], [u].[CreatedAtUtc], [u].[Email], [u].[FirstName], [u].[IsActive], [u].[LastName], [u].[PasswordHash], [u].[PhoneNumber], [u].[UpdatedAtUtc], [u].[UserName]
    FROM [Users] AS [u]
    WHERE [u].[UserName] = @__username_0
) AS [u1]
LEFT JOIN (
    SELECT [u0].[UserId], [u0].[RoleId], [r].[Id], [r].[CreatedAtUtc], [r].[Name], [r].[UpdatedAtUtc]
    FROM [UserRoles] AS [u0]
    INNER JOIN [Roles] AS [r] ON [u0].[RoleId] = [r].[Id]
) AS [s] ON [u1].[Id] = [s].[UserId]
ORDER BY [u1].[Id], [s].[UserId], [s].[RoleId]
2025-06-10 19:41:50.971 +07:00 [INF] (Microsoft.EntityFrameworkCore.Database.Command) Executed DbCommand (1ms) [Parameters=[@__userId_0='f54527eb-f806-40db-bf76-c7b0e5fa6d39'], CommandType='"Text"', CommandTimeout='30']
SELECT [r].[Name]
FROM [UserRoles] AS [u]
INNER JOIN [Roles] AS [r] ON [u].[RoleId] = [r].[Id]
WHERE [u].[UserId] = @__userId_0
2025-06-10 19:41:51.003 +07:00 [INF] (Microsoft.EntityFrameworkCore.Database.Command) Executed DbCommand (2ms) [Parameters=[@__ToLower_0='xuan25' (Size = 50)], CommandType='"Text"', CommandTimeout='30']
SELECT TOP(1) [p].[Id], [p].[Code], [p].[CreatedAtUtc], [p].[CurrentUsage], [p].[Description], [p].[DiscountAmount], [p].[DiscountPercentage], [p].[EndDate], [p].[IsActive], [p].[MaxUsage], [p].[StartDate], [p].[UpdatedAtUtc]
FROM [Promotions] AS [p]
WHERE LOWER([p].[Code]) = @__ToLower_0
2025-06-10 19:41:51.249 +07:00 [INF] (Microsoft.EntityFrameworkCore.Database.Command) Executed DbCommand (0ms) [Parameters=[@__email_0='Admin' (Size = 450)], CommandType='"Text"', CommandTimeout='30']
SELECT [u1].[Id], [u1].[CreatedAtUtc], [u1].[Email], [u1].[FirstName], [u1].[IsActive], [u1].[LastName], [u1].[PasswordHash], [u1].[PhoneNumber], [u1].[UpdatedAtUtc], [u1].[UserName], [s].[UserId], [s].[RoleId], [s].[Id], [s].[CreatedAtUtc], [s].[Name], [s].[UpdatedAtUtc]
FROM (
    SELECT TOP(1) [u].[Id], [u].[CreatedAtUtc], [u].[Email], [u].[FirstName], [u].[IsActive], [u].[LastName], [u].[PasswordHash], [u].[PhoneNumber], [u].[UpdatedAtUtc], [u].[UserName]
    FROM [Users] AS [u]
    WHERE [u].[Email] = @__email_0
) AS [u1]
LEFT JOIN (
    SELECT [u0].[UserId], [u0].[RoleId], [r].[Id], [r].[CreatedAtUtc], [r].[Name], [r].[UpdatedAtUtc]
    FROM [UserRoles] AS [u0]
    INNER JOIN [Roles] AS [r] ON [u0].[RoleId] = [r].[Id]
) AS [s] ON [u1].[Id] = [s].[UserId]
ORDER BY [u1].[Id], [s].[UserId], [s].[RoleId]
2025-06-10 19:41:51.254 +07:00 [INF] (Microsoft.EntityFrameworkCore.Database.Command) Executed DbCommand (0ms) [Parameters=[@__username_0='Admin' (Size = 450)], CommandType='"Text"', CommandTimeout='30']
SELECT [u1].[Id], [u1].[CreatedAtUtc], [u1].[Email], [u1].[FirstName], [u1].[IsActive], [u1].[LastName], [u1].[PasswordHash], [u1].[PhoneNumber], [u1].[UpdatedAtUtc], [u1].[UserName], [s].[UserId], [s].[RoleId], [s].[Id], [s].[CreatedAtUtc], [s].[Name], [s].[UpdatedAtUtc]
FROM (
    SELECT TOP(1) [u].[Id], [u].[CreatedAtUtc], [u].[Email], [u].[FirstName], [u].[IsActive], [u].[LastName], [u].[PasswordHash], [u].[PhoneNumber], [u].[UpdatedAtUtc], [u].[UserName]
    FROM [Users] AS [u]
    WHERE [u].[UserName] = @__username_0
) AS [u1]
LEFT JOIN (
    SELECT [u0].[UserId], [u0].[RoleId], [r].[Id], [r].[CreatedAtUtc], [r].[Name], [r].[UpdatedAtUtc]
    FROM [UserRoles] AS [u0]
    INNER JOIN [Roles] AS [r] ON [u0].[RoleId] = [r].[Id]
) AS [s] ON [u1].[Id] = [s].[UserId]
ORDER BY [u1].[Id], [s].[UserId], [s].[RoleId]
2025-06-10 19:41:51.516 +07:00 [INF] (Microsoft.EntityFrameworkCore.Database.Command) Executed DbCommand (0ms) [Parameters=[@__userId_0='f54527eb-f806-40db-bf76-c7b0e5fa6d39'], CommandType='"Text"', CommandTimeout='30']
SELECT [r].[Name]
FROM [UserRoles] AS [u]
INNER JOIN [Roles] AS [r] ON [u].[RoleId] = [r].[Id]
WHERE [u].[UserId] = @__userId_0
2025-06-10 19:41:51.546 +07:00 [INF] (Microsoft.EntityFrameworkCore.Database.Command) Executed DbCommand (1ms) [Parameters=[@__p_0='dddd1111-eeee-ffff-000d-3333eeeeffff' (Nullable = true)], CommandType='"Text"', CommandTimeout='30']
SELECT TOP(1) [p].[Id], [p].[Code], [p].[CreatedAtUtc], [p].[CurrentUsage], [p].[Description], [p].[DiscountAmount], [p].[DiscountPercentage], [p].[EndDate], [p].[IsActive], [p].[MaxUsage], [p].[StartDate], [p].[UpdatedAtUtc]
FROM [Promotions] AS [p]
WHERE [p].[Id] = @__p_0
2025-06-10 19:41:51.568 +07:00 [INF] (Microsoft.EntityFrameworkCore.Database.Command) Executed DbCommand (1ms) [Parameters=[@__email_0='Admin' (Size = 450)], CommandType='"Text"', CommandTimeout='30']
SELECT [u1].[Id], [u1].[CreatedAtUtc], [u1].[Email], [u1].[FirstName], [u1].[IsActive], [u1].[LastName], [u1].[PasswordHash], [u1].[PhoneNumber], [u1].[UpdatedAtUtc], [u1].[UserName], [s].[UserId], [s].[RoleId], [s].[Id], [s].[CreatedAtUtc], [s].[Name], [s].[UpdatedAtUtc]
FROM (
    SELECT TOP(1) [u].[Id], [u].[CreatedAtUtc], [u].[Email], [u].[FirstName], [u].[IsActive], [u].[LastName], [u].[PasswordHash], [u].[PhoneNumber], [u].[UpdatedAtUtc], [u].[UserName]
    FROM [Users] AS [u]
    WHERE [u].[Email] = @__email_0
) AS [u1]
LEFT JOIN (
    SELECT [u0].[UserId], [u0].[RoleId], [r].[Id], [r].[CreatedAtUtc], [r].[Name], [r].[UpdatedAtUtc]
    FROM [UserRoles] AS [u0]
    INNER JOIN [Roles] AS [r] ON [u0].[RoleId] = [r].[Id]
) AS [s] ON [u1].[Id] = [s].[UserId]
ORDER BY [u1].[Id], [s].[UserId], [s].[RoleId]
2025-06-10 19:41:51.584 +07:00 [INF] (Microsoft.EntityFrameworkCore.Database.Command) Executed DbCommand (11ms) [Parameters=[@__username_0='Admin' (Size = 450)], CommandType='"Text"', CommandTimeout='30']
SELECT [u1].[Id], [u1].[CreatedAtUtc], [u1].[Email], [u1].[FirstName], [u1].[IsActive], [u1].[LastName], [u1].[PasswordHash], [u1].[PhoneNumber], [u1].[UpdatedAtUtc], [u1].[UserName], [s].[UserId], [s].[RoleId], [s].[Id], [s].[CreatedAtUtc], [s].[Name], [s].[UpdatedAtUtc]
FROM (
    SELECT TOP(1) [u].[Id], [u].[CreatedAtUtc], [u].[Email], [u].[FirstName], [u].[IsActive], [u].[LastName], [u].[PasswordHash], [u].[PhoneNumber], [u].[UpdatedAtUtc], [u].[UserName]
    FROM [Users] AS [u]
    WHERE [u].[UserName] = @__username_0
) AS [u1]
LEFT JOIN (
    SELECT [u0].[UserId], [u0].[RoleId], [r].[Id], [r].[CreatedAtUtc], [r].[Name], [r].[UpdatedAtUtc]
    FROM [UserRoles] AS [u0]
    INNER JOIN [Roles] AS [r] ON [u0].[RoleId] = [r].[Id]
) AS [s] ON [u1].[Id] = [s].[UserId]
ORDER BY [u1].[Id], [s].[UserId], [s].[RoleId]
2025-06-10 19:41:51.846 +07:00 [INF] (Microsoft.EntityFrameworkCore.Database.Command) Executed DbCommand (1ms) [Parameters=[@__userId_0='f54527eb-f806-40db-bf76-c7b0e5fa6d39'], CommandType='"Text"', CommandTimeout='30']
SELECT [r].[Name]
FROM [UserRoles] AS [u]
INNER JOIN [Roles] AS [r] ON [u].[RoleId] = [r].[Id]
WHERE [u].[UserId] = @__userId_0
2025-06-10 19:41:51.879 +07:00 [INF] (Microsoft.EntityFrameworkCore.Database.Command) Executed DbCommand (1ms) [Parameters=[@__p_0='eea2d334-19ad-4b79-ae66-ec801fc8b50c' (Nullable = true)], CommandType='"Text"', CommandTimeout='30']
SELECT TOP(1) [p].[Id], [p].[Code], [p].[CreatedAtUtc], [p].[CurrentUsage], [p].[Description], [p].[DiscountAmount], [p].[DiscountPercentage], [p].[EndDate], [p].[IsActive], [p].[MaxUsage], [p].[StartDate], [p].[UpdatedAtUtc]
FROM [Promotions] AS [p]
WHERE [p].[Id] = @__p_0
2025-06-10 19:41:51.905 +07:00 [INF] (Microsoft.EntityFrameworkCore.Database.Command) Executed DbCommand (7ms) [Parameters=[@p11='eea2d334-19ad-4b79-ae66-ec801fc8b50c', @p0='XUAN25' (Nullable = false) (Size = 50), @p1='2025-04-17T10:37:45.7575853', @p2='0', @p3='Mừng xuân 2026 26%' (Size = 256), @p4=NULL (Precision = 18) (Scale = 2) (DbType = Decimal), @p5='26' (Nullable = true) (Precision = 5) (Scale = 2), @p6='2025-04-17T10:37:04.5300000Z' (Nullable = true), @p7='True', @p8='0' (Nullable = true), @p9='2025-04-17T10:37:04.5300000Z', @p10='2025-06-10T12:41:51.8962275Z'], CommandType='"Text"', CommandTimeout='30']
SET IMPLICIT_TRANSACTIONS OFF;
SET NOCOUNT ON;
UPDATE [Promotions] SET [Code] = @p0, [CreatedAtUtc] = @p1, [CurrentUsage] = @p2, [Description] = @p3, [DiscountAmount] = @p4, [DiscountPercentage] = @p5, [EndDate] = @p6, [IsActive] = @p7, [MaxUsage] = @p8, [StartDate] = @p9, [UpdatedAtUtc] = @p10
OUTPUT 1
WHERE [Id] = @p11;
2025-06-10 19:41:51.964 +07:00 [INF] (Microsoft.EntityFrameworkCore.Database.Command) Executed DbCommand (1ms) [Parameters=[@__email_0='Admin' (Size = 450)], CommandType='"Text"', CommandTimeout='30']
SELECT [u1].[Id], [u1].[CreatedAtUtc], [u1].[Email], [u1].[FirstName], [u1].[IsActive], [u1].[LastName], [u1].[PasswordHash], [u1].[PhoneNumber], [u1].[UpdatedAtUtc], [u1].[UserName], [s].[UserId], [s].[RoleId], [s].[Id], [s].[CreatedAtUtc], [s].[Name], [s].[UpdatedAtUtc]
FROM (
    SELECT TOP(1) [u].[Id], [u].[CreatedAtUtc], [u].[Email], [u].[FirstName], [u].[IsActive], [u].[LastName], [u].[PasswordHash], [u].[PhoneNumber], [u].[UpdatedAtUtc], [u].[UserName]
    FROM [Users] AS [u]
    WHERE [u].[Email] = @__email_0
) AS [u1]
LEFT JOIN (
    SELECT [u0].[UserId], [u0].[RoleId], [r].[Id], [r].[CreatedAtUtc], [r].[Name], [r].[UpdatedAtUtc]
    FROM [UserRoles] AS [u0]
    INNER JOIN [Roles] AS [r] ON [u0].[RoleId] = [r].[Id]
) AS [s] ON [u1].[Id] = [s].[UserId]
ORDER BY [u1].[Id], [s].[UserId], [s].[RoleId]
2025-06-10 19:41:51.969 +07:00 [INF] (Microsoft.EntityFrameworkCore.Database.Command) Executed DbCommand (0ms) [Parameters=[@__username_0='Admin' (Size = 450)], CommandType='"Text"', CommandTimeout='30']
SELECT [u1].[Id], [u1].[CreatedAtUtc], [u1].[Email], [u1].[FirstName], [u1].[IsActive], [u1].[LastName], [u1].[PasswordHash], [u1].[PhoneNumber], [u1].[UpdatedAtUtc], [u1].[UserName], [s].[UserId], [s].[RoleId], [s].[Id], [s].[CreatedAtUtc], [s].[Name], [s].[UpdatedAtUtc]
FROM (
    SELECT TOP(1) [u].[Id], [u].[CreatedAtUtc], [u].[Email], [u].[FirstName], [u].[IsActive], [u].[LastName], [u].[PasswordHash], [u].[PhoneNumber], [u].[UpdatedAtUtc], [u].[UserName]
    FROM [Users] AS [u]
    WHERE [u].[UserName] = @__username_0
) AS [u1]
LEFT JOIN (
    SELECT [u0].[UserId], [u0].[RoleId], [r].[Id], [r].[CreatedAtUtc], [r].[Name], [r].[UpdatedAtUtc]
    FROM [UserRoles] AS [u0]
    INNER JOIN [Roles] AS [r] ON [u0].[RoleId] = [r].[Id]
) AS [s] ON [u1].[Id] = [s].[UserId]
ORDER BY [u1].[Id], [s].[UserId], [s].[RoleId]
2025-06-10 19:41:52.238 +07:00 [INF] (Microsoft.EntityFrameworkCore.Database.Command) Executed DbCommand (1ms) [Parameters=[@__userId_0='f54527eb-f806-40db-bf76-c7b0e5fa6d39'], CommandType='"Text"', CommandTimeout='30']
SELECT [r].[Name]
FROM [UserRoles] AS [u]
INNER JOIN [Roles] AS [r] ON [u].[RoleId] = [r].[Id]
WHERE [u].[UserId] = @__userId_0
2025-06-10 19:41:52.280 +07:00 [INF] (Microsoft.EntityFrameworkCore.Database.Command) Executed DbCommand (1ms) [Parameters=[@__p_0='dddd1111-eeee-ffff-000d-2222eeeeffff' (Nullable = true)], CommandType='"Text"', CommandTimeout='30']
SELECT TOP(1) [p].[Id], [p].[Code], [p].[CreatedAtUtc], [p].[CurrentUsage], [p].[Description], [p].[DiscountAmount], [p].[DiscountPercentage], [p].[EndDate], [p].[IsActive], [p].[MaxUsage], [p].[StartDate], [p].[UpdatedAtUtc]
FROM [Promotions] AS [p]
WHERE [p].[Id] = @__p_0
2025-06-10 19:41:52.383 +07:00 [INF] (Microsoft.EntityFrameworkCore.Database.Command) Executed DbCommand (3ms) [Parameters=[@__p_0='0', @__p_1='10'], CommandType='"Text"', CommandTimeout='30']
SELECT [c].[Id], [c].[CreatedAtUtc], [c].[Description], [c].[IsDeleted], [c].[Name], [c].[ParentCategoryId], [c].[UpdatedAtUtc]
FROM [Categories] AS [c]
WHERE [c].[IsDeleted] = CAST(0 AS bit)
ORDER BY [c].[Name]
OFFSET @__p_0 ROWS FETCH NEXT @__p_1 ROWS ONLY
2025-06-10 19:41:52.430 +07:00 [INF] (Microsoft.EntityFrameworkCore.Database.Command) Executed DbCommand (0ms) [Parameters=[@__email_0='Admin' (Size = 450)], CommandType='"Text"', CommandTimeout='30']
SELECT [u1].[Id], [u1].[CreatedAtUtc], [u1].[Email], [u1].[FirstName], [u1].[IsActive], [u1].[LastName], [u1].[PasswordHash], [u1].[PhoneNumber], [u1].[UpdatedAtUtc], [u1].[UserName], [s].[UserId], [s].[RoleId], [s].[Id], [s].[CreatedAtUtc], [s].[Name], [s].[UpdatedAtUtc]
FROM (
    SELECT TOP(1) [u].[Id], [u].[CreatedAtUtc], [u].[Email], [u].[FirstName], [u].[IsActive], [u].[LastName], [u].[PasswordHash], [u].[PhoneNumber], [u].[UpdatedAtUtc], [u].[UserName]
    FROM [Users] AS [u]
    WHERE [u].[Email] = @__email_0
) AS [u1]
LEFT JOIN (
    SELECT [u0].[UserId], [u0].[RoleId], [r].[Id], [r].[CreatedAtUtc], [r].[Name], [r].[UpdatedAtUtc]
    FROM [UserRoles] AS [u0]
    INNER JOIN [Roles] AS [r] ON [u0].[RoleId] = [r].[Id]
) AS [s] ON [u1].[Id] = [s].[UserId]
ORDER BY [u1].[Id], [s].[UserId], [s].[RoleId]
2025-06-10 19:41:52.434 +07:00 [INF] (Microsoft.EntityFrameworkCore.Database.Command) Executed DbCommand (0ms) [Parameters=[@__username_0='Admin' (Size = 450)], CommandType='"Text"', CommandTimeout='30']
SELECT [u1].[Id], [u1].[CreatedAtUtc], [u1].[Email], [u1].[FirstName], [u1].[IsActive], [u1].[LastName], [u1].[PasswordHash], [u1].[PhoneNumber], [u1].[UpdatedAtUtc], [u1].[UserName], [s].[UserId], [s].[RoleId], [s].[Id], [s].[CreatedAtUtc], [s].[Name], [s].[UpdatedAtUtc]
FROM (
    SELECT TOP(1) [u].[Id], [u].[CreatedAtUtc], [u].[Email], [u].[FirstName], [u].[IsActive], [u].[LastName], [u].[PasswordHash], [u].[PhoneNumber], [u].[UpdatedAtUtc], [u].[UserName]
    FROM [Users] AS [u]
    WHERE [u].[UserName] = @__username_0
) AS [u1]
LEFT JOIN (
    SELECT [u0].[UserId], [u0].[RoleId], [r].[Id], [r].[CreatedAtUtc], [r].[Name], [r].[UpdatedAtUtc]
    FROM [UserRoles] AS [u0]
    INNER JOIN [Roles] AS [r] ON [u0].[RoleId] = [r].[Id]
) AS [s] ON [u1].[Id] = [s].[UserId]
ORDER BY [u1].[Id], [s].[UserId], [s].[RoleId]
2025-06-10 19:41:52.704 +07:00 [INF] (Microsoft.EntityFrameworkCore.Database.Command) Executed DbCommand (0ms) [Parameters=[@__userId_0='f54527eb-f806-40db-bf76-c7b0e5fa6d39'], CommandType='"Text"', CommandTimeout='30']
SELECT [r].[Name]
FROM [UserRoles] AS [u]
INNER JOIN [Roles] AS [r] ON [u].[RoleId] = [r].[Id]
WHERE [u].[UserId] = @__userId_0
2025-06-10 19:41:52.817 +07:00 [INF] (Microsoft.EntityFrameworkCore.Database.Command) Executed DbCommand (1ms) [Parameters=[@__email_0='Admin' (Size = 450)], CommandType='"Text"', CommandTimeout='30']
SELECT [u1].[Id], [u1].[CreatedAtUtc], [u1].[Email], [u1].[FirstName], [u1].[IsActive], [u1].[LastName], [u1].[PasswordHash], [u1].[PhoneNumber], [u1].[UpdatedAtUtc], [u1].[UserName], [s].[UserId], [s].[RoleId], [s].[Id], [s].[CreatedAtUtc], [s].[Name], [s].[UpdatedAtUtc]
FROM (
    SELECT TOP(1) [u].[Id], [u].[CreatedAtUtc], [u].[Email], [u].[FirstName], [u].[IsActive], [u].[LastName], [u].[PasswordHash], [u].[PhoneNumber], [u].[UpdatedAtUtc], [u].[UserName]
    FROM [Users] AS [u]
    WHERE [u].[Email] = @__email_0
) AS [u1]
LEFT JOIN (
    SELECT [u0].[UserId], [u0].[RoleId], [r].[Id], [r].[CreatedAtUtc], [r].[Name], [r].[UpdatedAtUtc]
    FROM [UserRoles] AS [u0]
    INNER JOIN [Roles] AS [r] ON [u0].[RoleId] = [r].[Id]
) AS [s] ON [u1].[Id] = [s].[UserId]
ORDER BY [u1].[Id], [s].[UserId], [s].[RoleId]
2025-06-10 19:41:52.822 +07:00 [INF] (Microsoft.EntityFrameworkCore.Database.Command) Executed DbCommand (0ms) [Parameters=[@__username_0='Admin' (Size = 450)], CommandType='"Text"', CommandTimeout='30']
SELECT [u1].[Id], [u1].[CreatedAtUtc], [u1].[Email], [u1].[FirstName], [u1].[IsActive], [u1].[LastName], [u1].[PasswordHash], [u1].[PhoneNumber], [u1].[UpdatedAtUtc], [u1].[UserName], [s].[UserId], [s].[RoleId], [s].[Id], [s].[CreatedAtUtc], [s].[Name], [s].[UpdatedAtUtc]
FROM (
    SELECT TOP(1) [u].[Id], [u].[CreatedAtUtc], [u].[Email], [u].[FirstName], [u].[IsActive], [u].[LastName], [u].[PasswordHash], [u].[PhoneNumber], [u].[UpdatedAtUtc], [u].[UserName]
    FROM [Users] AS [u]
    WHERE [u].[UserName] = @__username_0
) AS [u1]
LEFT JOIN (
    SELECT [u0].[UserId], [u0].[RoleId], [r].[Id], [r].[CreatedAtUtc], [r].[Name], [r].[UpdatedAtUtc]
    FROM [UserRoles] AS [u0]
    INNER JOIN [Roles] AS [r] ON [u0].[RoleId] = [r].[Id]
) AS [s] ON [u1].[Id] = [s].[UserId]
ORDER BY [u1].[Id], [s].[UserId], [s].[RoleId]
2025-06-10 19:41:53.089 +07:00 [INF] (Microsoft.EntityFrameworkCore.Database.Command) Executed DbCommand (0ms) [Parameters=[@__userId_0='f54527eb-f806-40db-bf76-c7b0e5fa6d39'], CommandType='"Text"', CommandTimeout='30']
SELECT [r].[Name]
FROM [UserRoles] AS [u]
INNER JOIN [Roles] AS [r] ON [u].[RoleId] = [r].[Id]
WHERE [u].[UserId] = @__userId_0
2025-06-10 19:41:53.163 +07:00 [INF] (Microsoft.EntityFrameworkCore.Database.Command) Executed DbCommand (0ms) [Parameters=[@__email_0='Admin' (Size = 450)], CommandType='"Text"', CommandTimeout='30']
SELECT [u1].[Id], [u1].[CreatedAtUtc], [u1].[Email], [u1].[FirstName], [u1].[IsActive], [u1].[LastName], [u1].[PasswordHash], [u1].[PhoneNumber], [u1].[UpdatedAtUtc], [u1].[UserName], [s].[UserId], [s].[RoleId], [s].[Id], [s].[CreatedAtUtc], [s].[Name], [s].[UpdatedAtUtc]
FROM (
    SELECT TOP(1) [u].[Id], [u].[CreatedAtUtc], [u].[Email], [u].[FirstName], [u].[IsActive], [u].[LastName], [u].[PasswordHash], [u].[PhoneNumber], [u].[UpdatedAtUtc], [u].[UserName]
    FROM [Users] AS [u]
    WHERE [u].[Email] = @__email_0
) AS [u1]
LEFT JOIN (
    SELECT [u0].[UserId], [u0].[RoleId], [r].[Id], [r].[CreatedAtUtc], [r].[Name], [r].[UpdatedAtUtc]
    FROM [UserRoles] AS [u0]
    INNER JOIN [Roles] AS [r] ON [u0].[RoleId] = [r].[Id]
) AS [s] ON [u1].[Id] = [s].[UserId]
ORDER BY [u1].[Id], [s].[UserId], [s].[RoleId]
2025-06-10 19:41:53.168 +07:00 [INF] (Microsoft.EntityFrameworkCore.Database.Command) Executed DbCommand (0ms) [Parameters=[@__username_0='Admin' (Size = 450)], CommandType='"Text"', CommandTimeout='30']
SELECT [u1].[Id], [u1].[CreatedAtUtc], [u1].[Email], [u1].[FirstName], [u1].[IsActive], [u1].[LastName], [u1].[PasswordHash], [u1].[PhoneNumber], [u1].[UpdatedAtUtc], [u1].[UserName], [s].[UserId], [s].[RoleId], [s].[Id], [s].[CreatedAtUtc], [s].[Name], [s].[UpdatedAtUtc]
FROM (
    SELECT TOP(1) [u].[Id], [u].[CreatedAtUtc], [u].[Email], [u].[FirstName], [u].[IsActive], [u].[LastName], [u].[PasswordHash], [u].[PhoneNumber], [u].[UpdatedAtUtc], [u].[UserName]
    FROM [Users] AS [u]
    WHERE [u].[UserName] = @__username_0
) AS [u1]
LEFT JOIN (
    SELECT [u0].[UserId], [u0].[RoleId], [r].[Id], [r].[CreatedAtUtc], [r].[Name], [r].[UpdatedAtUtc]
    FROM [UserRoles] AS [u0]
    INNER JOIN [Roles] AS [r] ON [u0].[RoleId] = [r].[Id]
) AS [s] ON [u1].[Id] = [s].[UserId]
ORDER BY [u1].[Id], [s].[UserId], [s].[RoleId]
2025-06-10 19:41:53.429 +07:00 [INF] (Microsoft.EntityFrameworkCore.Database.Command) Executed DbCommand (1ms) [Parameters=[@__userId_0='f54527eb-f806-40db-bf76-c7b0e5fa6d39'], CommandType='"Text"', CommandTimeout='30']
SELECT [r].[Name]
FROM [UserRoles] AS [u]
INNER JOIN [Roles] AS [r] ON [u].[RoleId] = [r].[Id]
WHERE [u].[UserId] = @__userId_0
2025-06-10 19:41:53.528 +07:00 [INF] (Microsoft.EntityFrameworkCore.Database.Command) Executed DbCommand (1ms) [Parameters=[@__p_0='e0f9e6a2-7c5a-4e7e-8a3f-7c3f5a7b9d2c' (Nullable = true)], CommandType='"Text"', CommandTimeout='30']
SELECT TOP(1) [c].[Id], [c].[CreatedAtUtc], [c].[Description], [c].[IsDeleted], [c].[Name], [c].[ParentCategoryId], [c].[UpdatedAtUtc]
FROM [Categories] AS [c]
WHERE [c].[IsDeleted] = CAST(0 AS bit) AND [c].[Id] = @__p_0
2025-06-10 19:41:53.706 +07:00 [WRN] (Bookstore.Infrastructure.Services.GoogleCloudStorageService) DEBUG: GOOGLE_APPLICATION_CREDENTIALS value read: 'D:\imagekey\gcs_service_account_key.json'
2025-06-10 19:41:53.708 +07:00 [WRN] (Bookstore.Infrastructure.Services.GoogleCloudStorageService) DEBUG: Checking if file exists at path: 'true'
2025-06-10 19:41:53.710 +07:00 [WRN] (Bookstore.Infrastructure.Services.GoogleCloudStorageService) DEBUG: Parsed Path as URI successfully: D:\imagekey\gcs_service_account_key.json
2025-06-10 19:41:53.722 +07:00 [WRN] (Bookstore.Infrastructure.Services.GoogleCloudStorageService) DEBUG: Successfully read content from credential file.
2025-06-10 19:41:54.256 +07:00 [INF] (Bookstore.Infrastructure.Services.GoogleCloudStorageService) Google Cloud Storage client created successfully using Application Default Credentials or Environment Variable.
2025-06-10 19:41:54.290 +07:00 [INF] (Microsoft.EntityFrameworkCore.Database.Command) Executed DbCommand (6ms) [Parameters=[@__catId_0='a91a6327-bf73-411c-a18a-4b92b3085d9e', @__searchTerm_1_contains='%sapiens%' (Size = 4000), @__p_2='0', @__p_3='10'], CommandType='"Text"', CommandTimeout='30']
SELECT [s].[Id], [s].[AuthorId], [s].[CategoryId], [s].[CoverImageUrl], [s].[CreatedAtUtc], [s].[Description], [s].[ISBN], [s].[IsDeleted], [s].[Price], [s].[PublicationYear], [s].[Publisher], [s].[StockQuantity], [s].[Title], [s].[UpdatedAtUtc], [s].[Id0], [s].[Biography], [s].[CreatedAtUtc0], [s].[Name], [s].[UpdatedAtUtc0], [c0].[Id], [c0].[CreatedAtUtc], [c0].[Description], [c0].[IsDeleted], [c0].[Name], [c0].[ParentCategoryId], [c0].[UpdatedAtUtc]
FROM (
    SELECT [b].[Id], [b].[AuthorId], [b].[CategoryId], [b].[CoverImageUrl], [b].[CreatedAtUtc], [b].[Description], [b].[ISBN], [b].[IsDeleted], [b].[Price], [b].[PublicationYear], [b].[Publisher], [b].[StockQuantity], [b].[Title], [b].[UpdatedAtUtc], [a].[Id] AS [Id0], [a].[Biography], [a].[CreatedAtUtc] AS [CreatedAtUtc0], [a].[Name], [a].[UpdatedAtUtc] AS [UpdatedAtUtc0]
    FROM [Books] AS [b]
    LEFT JOIN [Authors] AS [a] ON [b].[AuthorId] = [a].[Id]
    WHERE [b].[IsDeleted] = CAST(0 AS bit) AND [b].[CategoryId] = @__catId_0 AND (LOWER([b].[Title]) LIKE @__searchTerm_1_contains ESCAPE N'\' OR ([a].[Id] IS NOT NULL AND [a].[Name] IS NOT NULL AND LOWER([a].[Name]) LIKE @__searchTerm_1_contains ESCAPE N'\') OR ([b].[ISBN] IS NOT NULL AND LOWER([b].[ISBN]) LIKE @__searchTerm_1_contains ESCAPE N'\'))
    ORDER BY [b].[CreatedAtUtc] DESC
    OFFSET @__p_2 ROWS FETCH NEXT @__p_3 ROWS ONLY
) AS [s]
INNER JOIN (
    SELECT [c].[Id], [c].[CreatedAtUtc], [c].[Description], [c].[IsDeleted], [c].[Name], [c].[ParentCategoryId], [c].[UpdatedAtUtc]
    FROM [Categories] AS [c]
    WHERE [c].[IsDeleted] = CAST(0 AS bit)
) AS [c0] ON [s].[CategoryId] = [c0].[Id]
ORDER BY [s].[CreatedAtUtc] DESC
2025-06-10 19:41:54.397 +07:00 [INF] (Microsoft.EntityFrameworkCore.Database.Command) Executed DbCommand (4ms) [Parameters=[@__p_0='0', @__p_1='10'], CommandType='"Text"', CommandTimeout='30']
SELECT [b0].[Id], [b0].[AuthorId], [b0].[CategoryId], [b0].[CoverImageUrl], [b0].[CreatedAtUtc], [b0].[Description], [b0].[ISBN], [b0].[IsDeleted], [b0].[Price], [b0].[PublicationYear], [b0].[Publisher], [b0].[StockQuantity], [b0].[Title], [b0].[UpdatedAtUtc], [a].[Id], [a].[Biography], [a].[CreatedAtUtc], [a].[Name], [a].[UpdatedAtUtc], [c0].[Id], [c0].[CreatedAtUtc], [c0].[Description], [c0].[IsDeleted], [c0].[Name], [c0].[ParentCategoryId], [c0].[UpdatedAtUtc]
FROM (
    SELECT [b].[Id], [b].[AuthorId], [b].[CategoryId], [b].[CoverImageUrl], [b].[CreatedAtUtc], [b].[Description], [b].[ISBN], [b].[IsDeleted], [b].[Price], [b].[PublicationYear], [b].[Publisher], [b].[StockQuantity], [b].[Title], [b].[UpdatedAtUtc]
    FROM [Books] AS [b]
    WHERE [b].[IsDeleted] = CAST(0 AS bit)
    ORDER BY [b].[CreatedAtUtc] DESC
    OFFSET @__p_0 ROWS FETCH NEXT @__p_1 ROWS ONLY
) AS [b0]
LEFT JOIN [Authors] AS [a] ON [b0].[AuthorId] = [a].[Id]
INNER JOIN (
    SELECT [c].[Id], [c].[CreatedAtUtc], [c].[Description], [c].[IsDeleted], [c].[Name], [c].[ParentCategoryId], [c].[UpdatedAtUtc]
    FROM [Categories] AS [c]
    WHERE [c].[IsDeleted] = CAST(0 AS bit)
) AS [c0] ON [b0].[CategoryId] = [c0].[Id]
ORDER BY [b0].[CreatedAtUtc] DESC
2025-06-10 19:41:54.453 +07:00 [INF] (Microsoft.EntityFrameworkCore.Database.Command) Executed DbCommand (1ms) [Parameters=[@__email_0='Admin' (Size = 450)], CommandType='"Text"', CommandTimeout='30']
SELECT [u1].[Id], [u1].[CreatedAtUtc], [u1].[Email], [u1].[FirstName], [u1].[IsActive], [u1].[LastName], [u1].[PasswordHash], [u1].[PhoneNumber], [u1].[UpdatedAtUtc], [u1].[UserName], [s].[UserId], [s].[RoleId], [s].[Id], [s].[CreatedAtUtc], [s].[Name], [s].[UpdatedAtUtc]
FROM (
    SELECT TOP(1) [u].[Id], [u].[CreatedAtUtc], [u].[Email], [u].[FirstName], [u].[IsActive], [u].[LastName], [u].[PasswordHash], [u].[PhoneNumber], [u].[UpdatedAtUtc], [u].[UserName]
    FROM [Users] AS [u]
    WHERE [u].[Email] = @__email_0
) AS [u1]
LEFT JOIN (
    SELECT [u0].[UserId], [u0].[RoleId], [r].[Id], [r].[CreatedAtUtc], [r].[Name], [r].[UpdatedAtUtc]
    FROM [UserRoles] AS [u0]
    INNER JOIN [Roles] AS [r] ON [u0].[RoleId] = [r].[Id]
) AS [s] ON [u1].[Id] = [s].[UserId]
ORDER BY [u1].[Id], [s].[UserId], [s].[RoleId]
2025-06-10 19:41:54.457 +07:00 [INF] (Microsoft.EntityFrameworkCore.Database.Command) Executed DbCommand (1ms) [Parameters=[@__username_0='Admin' (Size = 450)], CommandType='"Text"', CommandTimeout='30']
SELECT [u1].[Id], [u1].[CreatedAtUtc], [u1].[Email], [u1].[FirstName], [u1].[IsActive], [u1].[LastName], [u1].[PasswordHash], [u1].[PhoneNumber], [u1].[UpdatedAtUtc], [u1].[UserName], [s].[UserId], [s].[RoleId], [s].[Id], [s].[CreatedAtUtc], [s].[Name], [s].[UpdatedAtUtc]
FROM (
    SELECT TOP(1) [u].[Id], [u].[CreatedAtUtc], [u].[Email], [u].[FirstName], [u].[IsActive], [u].[LastName], [u].[PasswordHash], [u].[PhoneNumber], [u].[UpdatedAtUtc], [u].[UserName]
    FROM [Users] AS [u]
    WHERE [u].[UserName] = @__username_0
) AS [u1]
LEFT JOIN (
    SELECT [u0].[UserId], [u0].[RoleId], [r].[Id], [r].[CreatedAtUtc], [r].[Name], [r].[UpdatedAtUtc]
    FROM [UserRoles] AS [u0]
    INNER JOIN [Roles] AS [r] ON [u0].[RoleId] = [r].[Id]
) AS [s] ON [u1].[Id] = [s].[UserId]
ORDER BY [u1].[Id], [s].[UserId], [s].[RoleId]
2025-06-10 19:41:54.721 +07:00 [INF] (Microsoft.EntityFrameworkCore.Database.Command) Executed DbCommand (0ms) [Parameters=[@__userId_0='f54527eb-f806-40db-bf76-c7b0e5fa6d39'], CommandType='"Text"', CommandTimeout='30']
SELECT [r].[Name]
FROM [UserRoles] AS [u]
INNER JOIN [Roles] AS [r] ON [u].[RoleId] = [r].[Id]
WHERE [u].[UserId] = @__userId_0
2025-06-10 19:41:54.753 +07:00 [INF] (Microsoft.EntityFrameworkCore.Database.Command) Executed DbCommand (1ms) [Parameters=[@__p_0='b8d7b4e0-5a3e-4c9c-8e1d-9a1c3f5b7e0a' (Nullable = true)], CommandType='"Text"', CommandTimeout='30']
SELECT TOP(1) [c].[Id], [c].[CreatedAtUtc], [c].[Description], [c].[IsDeleted], [c].[Name], [c].[ParentCategoryId], [c].[UpdatedAtUtc]
FROM [Categories] AS [c]
WHERE [c].[IsDeleted] = CAST(0 AS bit) AND [c].[Id] = @__p_0
2025-06-10 19:41:54.759 +07:00 [INF] (Microsoft.EntityFrameworkCore.Database.Command) Executed DbCommand (1ms) [Parameters=[@__p_0='b2c3d4e5-f6a1-4b2c-9d3e-8f1a2b3c4d5e' (Nullable = true)], CommandType='"Text"', CommandTimeout='30']
SELECT TOP(1) [a].[Id], [a].[Biography], [a].[CreatedAtUtc], [a].[Name], [a].[UpdatedAtUtc]
FROM [Authors] AS [a]
WHERE [a].[Id] = @__p_0
2025-06-10 19:41:54.777 +07:00 [INF] (Microsoft.EntityFrameworkCore.Database.Command) Executed DbCommand (5ms) [Parameters=[@p0='1cf348ee-deb2-46ab-aa5c-3815a7969e2d', @p1='b2c3d4e5-f6a1-4b2c-9d3e-8f1a2b3c4d5e' (Nullable = true), @p2='b8d7b4e0-5a3e-4c9c-8e1d-9a1c3f5b7e0a', @p3=NULL (Size = 4000), @p4='2025-06-10T12:41:54.7718231Z', @p5='A landmark science fiction novel set in the distant future amidst a feudal interstellar society.' (Size = 4000), @p6='978-0441172719' (Size = 4000), @p7='False', @p8='15.99' (Precision = 18) (Scale = 2), @p9='1965' (Nullable = true), @p10='Ace Books' (Size = 4000), @p11='25', @p12='Dune' (Nullable = false) (Size = 4000), @p13='2025-06-10T12:41:54.7718228Z', @p14='5f711c22-4cfa-4014-9bd1-aea59452a314', @p15='1cf348ee-deb2-46ab-aa5c-3815a7969e2d', @p16='25', @p17=NULL (DbType = Guid), @p18='6' (Size = 1), @p19=NULL (DbType = Guid), @p20='2025-06-10T12:41:54.7660399Z', @p21=NULL (DbType = Guid)], CommandType='"Text"', CommandTimeout='30']
SET NOCOUNT ON;
INSERT INTO [Books] ([Id], [AuthorId], [CategoryId], [CoverImageUrl], [CreatedAtUtc], [Description], [ISBN], [IsDeleted], [Price], [PublicationYear], [Publisher], [StockQuantity], [Title], [UpdatedAtUtc])
VALUES (@p0, @p1, @p2, @p3, @p4, @p5, @p6, @p7, @p8, @p9, @p10, @p11, @p12, @p13);
INSERT INTO [InventoryLogs] ([Id], [BookId], [ChangeQuantity], [OrderId], [Reason], [StockReceiptId], [TimestampUtc], [UserId])
VALUES (@p14, @p15, @p16, @p17, @p18, @p19, @p20, @p21);
2025-06-10 19:41:54.856 +07:00 [INF] (Microsoft.EntityFrameworkCore.Database.Command) Executed DbCommand (4ms) [Parameters=[@__id_0='8861134d-09db-4bd4-8ce7-3d8690d21d09'], CommandType='"Text"', CommandTimeout='30']
SELECT [b].[Id], [b].[AuthorId], [b].[CategoryId], [b].[CoverImageUrl], [b].[CreatedAtUtc], [b].[Description], [b].[ISBN], [b].[IsDeleted], [b].[Price], [b].[PublicationYear], [b].[Publisher], [b].[StockQuantity], [b].[Title], [b].[UpdatedAtUtc], [a].[Id], [a].[Biography], [a].[CreatedAtUtc], [a].[Name], [a].[UpdatedAtUtc], [c0].[Id], [c0].[CreatedAtUtc], [c0].[Description], [c0].[IsDeleted], [c0].[Name], [c0].[ParentCategoryId], [c0].[UpdatedAtUtc]
FROM [Books] AS [b]
LEFT JOIN [Authors] AS [a] ON [b].[AuthorId] = [a].[Id]
INNER JOIN (
    SELECT [c].[Id], [c].[CreatedAtUtc], [c].[Description], [c].[IsDeleted], [c].[Name], [c].[ParentCategoryId], [c].[UpdatedAtUtc]
    FROM [Categories] AS [c]
    WHERE [c].[IsDeleted] = CAST(0 AS bit)
) AS [c0] ON [b].[CategoryId] = [c0].[Id]
WHERE [b].[IsDeleted] = CAST(0 AS bit) AND [b].[Id] = @__id_0
2025-06-10 19:41:54.915 +07:00 [INF] (Microsoft.EntityFrameworkCore.Database.Command) Executed DbCommand (1ms) [Parameters=[@__email_0='Admin' (Size = 450)], CommandType='"Text"', CommandTimeout='30']
SELECT [u1].[Id], [u1].[CreatedAtUtc], [u1].[Email], [u1].[FirstName], [u1].[IsActive], [u1].[LastName], [u1].[PasswordHash], [u1].[PhoneNumber], [u1].[UpdatedAtUtc], [u1].[UserName], [s].[UserId], [s].[RoleId], [s].[Id], [s].[CreatedAtUtc], [s].[Name], [s].[UpdatedAtUtc]
FROM (
    SELECT TOP(1) [u].[Id], [u].[CreatedAtUtc], [u].[Email], [u].[FirstName], [u].[IsActive], [u].[LastName], [u].[PasswordHash], [u].[PhoneNumber], [u].[UpdatedAtUtc], [u].[UserName]
    FROM [Users] AS [u]
    WHERE [u].[Email] = @__email_0
) AS [u1]
LEFT JOIN (
    SELECT [u0].[UserId], [u0].[RoleId], [r].[Id], [r].[CreatedAtUtc], [r].[Name], [r].[UpdatedAtUtc]
    FROM [UserRoles] AS [u0]
    INNER JOIN [Roles] AS [r] ON [u0].[RoleId] = [r].[Id]
) AS [s] ON [u1].[Id] = [s].[UserId]
ORDER BY [u1].[Id], [s].[UserId], [s].[RoleId]
2025-06-10 19:41:54.920 +07:00 [INF] (Microsoft.EntityFrameworkCore.Database.Command) Executed DbCommand (1ms) [Parameters=[@__username_0='Admin' (Size = 450)], CommandType='"Text"', CommandTimeout='30']
SELECT [u1].[Id], [u1].[CreatedAtUtc], [u1].[Email], [u1].[FirstName], [u1].[IsActive], [u1].[LastName], [u1].[PasswordHash], [u1].[PhoneNumber], [u1].[UpdatedAtUtc], [u1].[UserName], [s].[UserId], [s].[RoleId], [s].[Id], [s].[CreatedAtUtc], [s].[Name], [s].[UpdatedAtUtc]
FROM (
    SELECT TOP(1) [u].[Id], [u].[CreatedAtUtc], [u].[Email], [u].[FirstName], [u].[IsActive], [u].[LastName], [u].[PasswordHash], [u].[PhoneNumber], [u].[UpdatedAtUtc], [u].[UserName]
    FROM [Users] AS [u]
    WHERE [u].[UserName] = @__username_0
) AS [u1]
LEFT JOIN (
    SELECT [u0].[UserId], [u0].[RoleId], [r].[Id], [r].[CreatedAtUtc], [r].[Name], [r].[UpdatedAtUtc]
    FROM [UserRoles] AS [u0]
    INNER JOIN [Roles] AS [r] ON [u0].[RoleId] = [r].[Id]
) AS [s] ON [u1].[Id] = [s].[UserId]
ORDER BY [u1].[Id], [s].[UserId], [s].[RoleId]
2025-06-10 19:41:55.183 +07:00 [INF] (Microsoft.EntityFrameworkCore.Database.Command) Executed DbCommand (1ms) [Parameters=[@__userId_0='f54527eb-f806-40db-bf76-c7b0e5fa6d39'], CommandType='"Text"', CommandTimeout='30']
SELECT [r].[Name]
FROM [UserRoles] AS [u]
INNER JOIN [Roles] AS [r] ON [u].[RoleId] = [r].[Id]
WHERE [u].[UserId] = @__userId_0
2025-06-10 19:41:55.281 +07:00 [INF] (Microsoft.EntityFrameworkCore.Database.Command) Executed DbCommand (0ms) [Parameters=[@__email_0='Admin' (Size = 450)], CommandType='"Text"', CommandTimeout='30']
SELECT [u1].[Id], [u1].[CreatedAtUtc], [u1].[Email], [u1].[FirstName], [u1].[IsActive], [u1].[LastName], [u1].[PasswordHash], [u1].[PhoneNumber], [u1].[UpdatedAtUtc], [u1].[UserName], [s].[UserId], [s].[RoleId], [s].[Id], [s].[CreatedAtUtc], [s].[Name], [s].[UpdatedAtUtc]
FROM (
    SELECT TOP(1) [u].[Id], [u].[CreatedAtUtc], [u].[Email], [u].[FirstName], [u].[IsActive], [u].[LastName], [u].[PasswordHash], [u].[PhoneNumber], [u].[UpdatedAtUtc], [u].[UserName]
    FROM [Users] AS [u]
    WHERE [u].[Email] = @__email_0
) AS [u1]
LEFT JOIN (
    SELECT [u0].[UserId], [u0].[RoleId], [r].[Id], [r].[CreatedAtUtc], [r].[Name], [r].[UpdatedAtUtc]
    FROM [UserRoles] AS [u0]
    INNER JOIN [Roles] AS [r] ON [u0].[RoleId] = [r].[Id]
) AS [s] ON [u1].[Id] = [s].[UserId]
ORDER BY [u1].[Id], [s].[UserId], [s].[RoleId]
2025-06-10 19:41:55.286 +07:00 [INF] (Microsoft.EntityFrameworkCore.Database.Command) Executed DbCommand (0ms) [Parameters=[@__username_0='Admin' (Size = 450)], CommandType='"Text"', CommandTimeout='30']
SELECT [u1].[Id], [u1].[CreatedAtUtc], [u1].[Email], [u1].[FirstName], [u1].[IsActive], [u1].[LastName], [u1].[PasswordHash], [u1].[PhoneNumber], [u1].[UpdatedAtUtc], [u1].[UserName], [s].[UserId], [s].[RoleId], [s].[Id], [s].[CreatedAtUtc], [s].[Name], [s].[UpdatedAtUtc]
FROM (
    SELECT TOP(1) [u].[Id], [u].[CreatedAtUtc], [u].[Email], [u].[FirstName], [u].[IsActive], [u].[LastName], [u].[PasswordHash], [u].[PhoneNumber], [u].[UpdatedAtUtc], [u].[UserName]
    FROM [Users] AS [u]
    WHERE [u].[UserName] = @__username_0
) AS [u1]
LEFT JOIN (
    SELECT [u0].[UserId], [u0].[RoleId], [r].[Id], [r].[CreatedAtUtc], [r].[Name], [r].[UpdatedAtUtc]
    FROM [UserRoles] AS [u0]
    INNER JOIN [Roles] AS [r] ON [u0].[RoleId] = [r].[Id]
) AS [s] ON [u1].[Id] = [s].[UserId]
ORDER BY [u1].[Id], [s].[UserId], [s].[RoleId]
2025-06-10 19:41:55.545 +07:00 [INF] (Microsoft.EntityFrameworkCore.Database.Command) Executed DbCommand (1ms) [Parameters=[@__userId_0='f54527eb-f806-40db-bf76-c7b0e5fa6d39'], CommandType='"Text"', CommandTimeout='30']
SELECT [r].[Name]
FROM [UserRoles] AS [u]
INNER JOIN [Roles] AS [r] ON [u].[RoleId] = [r].[Id]
WHERE [u].[UserId] = @__userId_0
2025-06-10 19:41:55.592 +07:00 [INF] (Microsoft.EntityFrameworkCore.Database.Command) Executed DbCommand (3ms) [Parameters=[@__p_0='4767a244-704b-44ef-b959-48759130dab9' (Nullable = true)], CommandType='"Text"', CommandTimeout='30']
SELECT TOP(1) [b].[Id], [b].[AuthorId], [b].[CategoryId], [b].[CoverImageUrl], [b].[CreatedAtUtc], [b].[Description], [b].[ISBN], [b].[IsDeleted], [b].[Price], [b].[PublicationYear], [b].[Publisher], [b].[StockQuantity], [b].[Title], [b].[UpdatedAtUtc]
FROM [Books] AS [b]
WHERE [b].[IsDeleted] = CAST(0 AS bit) AND [b].[Id] = @__p_0
2025-06-10 19:41:55.655 +07:00 [INF] (Microsoft.EntityFrameworkCore.Database.Command) Executed DbCommand (7ms) [Parameters=[@__email_0='Admin' (Size = 450)], CommandType='"Text"', CommandTimeout='30']
SELECT [u1].[Id], [u1].[CreatedAtUtc], [u1].[Email], [u1].[FirstName], [u1].[IsActive], [u1].[LastName], [u1].[PasswordHash], [u1].[PhoneNumber], [u1].[UpdatedAtUtc], [u1].[UserName], [s].[UserId], [s].[RoleId], [s].[Id], [s].[CreatedAtUtc], [s].[Name], [s].[UpdatedAtUtc]
FROM (
    SELECT TOP(1) [u].[Id], [u].[CreatedAtUtc], [u].[Email], [u].[FirstName], [u].[IsActive], [u].[LastName], [u].[PasswordHash], [u].[PhoneNumber], [u].[UpdatedAtUtc], [u].[UserName]
    FROM [Users] AS [u]
    WHERE [u].[Email] = @__email_0
) AS [u1]
LEFT JOIN (
    SELECT [u0].[UserId], [u0].[RoleId], [r].[Id], [r].[CreatedAtUtc], [r].[Name], [r].[UpdatedAtUtc]
    FROM [UserRoles] AS [u0]
    INNER JOIN [Roles] AS [r] ON [u0].[RoleId] = [r].[Id]
) AS [s] ON [u1].[Id] = [s].[UserId]
ORDER BY [u1].[Id], [s].[UserId], [s].[RoleId]
2025-06-10 19:41:55.666 +07:00 [INF] (Microsoft.EntityFrameworkCore.Database.Command) Executed DbCommand (6ms) [Parameters=[@__username_0='Admin' (Size = 450)], CommandType='"Text"', CommandTimeout='30']
SELECT [u1].[Id], [u1].[CreatedAtUtc], [u1].[Email], [u1].[FirstName], [u1].[IsActive], [u1].[LastName], [u1].[PasswordHash], [u1].[PhoneNumber], [u1].[UpdatedAtUtc], [u1].[UserName], [s].[UserId], [s].[RoleId], [s].[Id], [s].[CreatedAtUtc], [s].[Name], [s].[UpdatedAtUtc]
FROM (
    SELECT TOP(1) [u].[Id], [u].[CreatedAtUtc], [u].[Email], [u].[FirstName], [u].[IsActive], [u].[LastName], [u].[PasswordHash], [u].[PhoneNumber], [u].[UpdatedAtUtc], [u].[UserName]
    FROM [Users] AS [u]
    WHERE [u].[UserName] = @__username_0
) AS [u1]
LEFT JOIN (
    SELECT [u0].[UserId], [u0].[RoleId], [r].[Id], [r].[CreatedAtUtc], [r].[Name], [r].[UpdatedAtUtc]
    FROM [UserRoles] AS [u0]
    INNER JOIN [Roles] AS [r] ON [u0].[RoleId] = [r].[Id]
) AS [s] ON [u1].[Id] = [s].[UserId]
ORDER BY [u1].[Id], [s].[UserId], [s].[RoleId]
2025-06-10 19:41:55.932 +07:00 [INF] (Microsoft.EntityFrameworkCore.Database.Command) Executed DbCommand (3ms) [Parameters=[@__userId_0='f54527eb-f806-40db-bf76-c7b0e5fa6d39'], CommandType='"Text"', CommandTimeout='30']
SELECT [r].[Name]
FROM [UserRoles] AS [u]
INNER JOIN [Roles] AS [r] ON [u].[RoleId] = [r].[Id]
WHERE [u].[UserId] = @__userId_0
2025-06-10 19:41:56.022 +07:00 [INF] (Microsoft.EntityFrameworkCore.Database.Command) Executed DbCommand (6ms) [Parameters=[@__email_0='Admin' (Size = 450)], CommandType='"Text"', CommandTimeout='30']
SELECT [u1].[Id], [u1].[CreatedAtUtc], [u1].[Email], [u1].[FirstName], [u1].[IsActive], [u1].[LastName], [u1].[PasswordHash], [u1].[PhoneNumber], [u1].[UpdatedAtUtc], [u1].[UserName], [s].[UserId], [s].[RoleId], [s].[Id], [s].[CreatedAtUtc], [s].[Name], [s].[UpdatedAtUtc]
FROM (
    SELECT TOP(1) [u].[Id], [u].[CreatedAtUtc], [u].[Email], [u].[FirstName], [u].[IsActive], [u].[LastName], [u].[PasswordHash], [u].[PhoneNumber], [u].[UpdatedAtUtc], [u].[UserName]
    FROM [Users] AS [u]
    WHERE [u].[Email] = @__email_0
) AS [u1]
LEFT JOIN (
    SELECT [u0].[UserId], [u0].[RoleId], [r].[Id], [r].[CreatedAtUtc], [r].[Name], [r].[UpdatedAtUtc]
    FROM [UserRoles] AS [u0]
    INNER JOIN [Roles] AS [r] ON [u0].[RoleId] = [r].[Id]
) AS [s] ON [u1].[Id] = [s].[UserId]
ORDER BY [u1].[Id], [s].[UserId], [s].[RoleId]
2025-06-10 19:41:56.031 +07:00 [INF] (Microsoft.EntityFrameworkCore.Database.Command) Executed DbCommand (5ms) [Parameters=[@__username_0='Admin' (Size = 450)], CommandType='"Text"', CommandTimeout='30']
SELECT [u1].[Id], [u1].[CreatedAtUtc], [u1].[Email], [u1].[FirstName], [u1].[IsActive], [u1].[LastName], [u1].[PasswordHash], [u1].[PhoneNumber], [u1].[UpdatedAtUtc], [u1].[UserName], [s].[UserId], [s].[RoleId], [s].[Id], [s].[CreatedAtUtc], [s].[Name], [s].[UpdatedAtUtc]
FROM (
    SELECT TOP(1) [u].[Id], [u].[CreatedAtUtc], [u].[Email], [u].[FirstName], [u].[IsActive], [u].[LastName], [u].[PasswordHash], [u].[PhoneNumber], [u].[UpdatedAtUtc], [u].[UserName]
    FROM [Users] AS [u]
    WHERE [u].[UserName] = @__username_0
) AS [u1]
LEFT JOIN (
    SELECT [u0].[UserId], [u0].[RoleId], [r].[Id], [r].[CreatedAtUtc], [r].[Name], [r].[UpdatedAtUtc]
    FROM [UserRoles] AS [u0]
    INNER JOIN [Roles] AS [r] ON [u0].[RoleId] = [r].[Id]
) AS [s] ON [u1].[Id] = [s].[UserId]
ORDER BY [u1].[Id], [s].[UserId], [s].[RoleId]
2025-06-10 19:41:56.302 +07:00 [INF] (Microsoft.EntityFrameworkCore.Database.Command) Executed DbCommand (2ms) [Parameters=[@__userId_0='f54527eb-f806-40db-bf76-c7b0e5fa6d39'], CommandType='"Text"', CommandTimeout='30']
SELECT [r].[Name]
FROM [UserRoles] AS [u]
INNER JOIN [Roles] AS [r] ON [u].[RoleId] = [r].[Id]
WHERE [u].[UserId] = @__userId_0
2025-06-10 19:41:56.347 +07:00 [INF] (Microsoft.EntityFrameworkCore.Database.Command) Executed DbCommand (1ms) [Parameters=[], CommandType='"Text"', CommandTimeout='30']
SELECT [u].[Id], [u].[CreatedAtUtc], [u].[Email], [u].[FirstName], [u].[IsActive], [u].[LastName], [u].[PasswordHash], [u].[PhoneNumber], [u].[UpdatedAtUtc], [u].[UserName]
FROM [Users] AS [u]
2025-06-10 19:41:56.389 +07:00 [INF] (Microsoft.EntityFrameworkCore.Database.Command) Executed DbCommand (4ms) [Parameters=[@__email_0='Admin' (Size = 450)], CommandType='"Text"', CommandTimeout='30']
SELECT [u1].[Id], [u1].[CreatedAtUtc], [u1].[Email], [u1].[FirstName], [u1].[IsActive], [u1].[LastName], [u1].[PasswordHash], [u1].[PhoneNumber], [u1].[UpdatedAtUtc], [u1].[UserName], [s].[UserId], [s].[RoleId], [s].[Id], [s].[CreatedAtUtc], [s].[Name], [s].[UpdatedAtUtc]
FROM (
    SELECT TOP(1) [u].[Id], [u].[CreatedAtUtc], [u].[Email], [u].[FirstName], [u].[IsActive], [u].[LastName], [u].[PasswordHash], [u].[PhoneNumber], [u].[UpdatedAtUtc], [u].[UserName]
    FROM [Users] AS [u]
    WHERE [u].[Email] = @__email_0
) AS [u1]
LEFT JOIN (
    SELECT [u0].[UserId], [u0].[RoleId], [r].[Id], [r].[CreatedAtUtc], [r].[Name], [r].[UpdatedAtUtc]
    FROM [UserRoles] AS [u0]
    INNER JOIN [Roles] AS [r] ON [u0].[RoleId] = [r].[Id]
) AS [s] ON [u1].[Id] = [s].[UserId]
ORDER BY [u1].[Id], [s].[UserId], [s].[RoleId]
2025-06-10 19:41:56.397 +07:00 [INF] (Microsoft.EntityFrameworkCore.Database.Command) Executed DbCommand (4ms) [Parameters=[@__username_0='Admin' (Size = 450)], CommandType='"Text"', CommandTimeout='30']
SELECT [u1].[Id], [u1].[CreatedAtUtc], [u1].[Email], [u1].[FirstName], [u1].[IsActive], [u1].[LastName], [u1].[PasswordHash], [u1].[PhoneNumber], [u1].[UpdatedAtUtc], [u1].[UserName], [s].[UserId], [s].[RoleId], [s].[Id], [s].[CreatedAtUtc], [s].[Name], [s].[UpdatedAtUtc]
FROM (
    SELECT TOP(1) [u].[Id], [u].[CreatedAtUtc], [u].[Email], [u].[FirstName], [u].[IsActive], [u].[LastName], [u].[PasswordHash], [u].[PhoneNumber], [u].[UpdatedAtUtc], [u].[UserName]
    FROM [Users] AS [u]
    WHERE [u].[UserName] = @__username_0
) AS [u1]
LEFT JOIN (
    SELECT [u0].[UserId], [u0].[RoleId], [r].[Id], [r].[CreatedAtUtc], [r].[Name], [r].[UpdatedAtUtc]
    FROM [UserRoles] AS [u0]
    INNER JOIN [Roles] AS [r] ON [u0].[RoleId] = [r].[Id]
) AS [s] ON [u1].[Id] = [s].[UserId]
ORDER BY [u1].[Id], [s].[UserId], [s].[RoleId]
2025-06-10 19:41:56.667 +07:00 [INF] (Microsoft.EntityFrameworkCore.Database.Command) Executed DbCommand (3ms) [Parameters=[@__userId_0='f54527eb-f806-40db-bf76-c7b0e5fa6d39'], CommandType='"Text"', CommandTimeout='30']
SELECT [r].[Name]
FROM [UserRoles] AS [u]
INNER JOIN [Roles] AS [r] ON [u].[RoleId] = [r].[Id]
WHERE [u].[UserId] = @__userId_0
2025-06-10 19:41:56.777 +07:00 [INF] (Microsoft.EntityFrameworkCore.Database.Command) Executed DbCommand (5ms) [Parameters=[@__email_0='Admin' (Size = 450)], CommandType='"Text"', CommandTimeout='30']
SELECT [u1].[Id], [u1].[CreatedAtUtc], [u1].[Email], [u1].[FirstName], [u1].[IsActive], [u1].[LastName], [u1].[PasswordHash], [u1].[PhoneNumber], [u1].[UpdatedAtUtc], [u1].[UserName], [s].[UserId], [s].[RoleId], [s].[Id], [s].[CreatedAtUtc], [s].[Name], [s].[UpdatedAtUtc]
FROM (
    SELECT TOP(1) [u].[Id], [u].[CreatedAtUtc], [u].[Email], [u].[FirstName], [u].[IsActive], [u].[LastName], [u].[PasswordHash], [u].[PhoneNumber], [u].[UpdatedAtUtc], [u].[UserName]
    FROM [Users] AS [u]
    WHERE [u].[Email] = @__email_0
) AS [u1]
LEFT JOIN (
    SELECT [u0].[UserId], [u0].[RoleId], [r].[Id], [r].[CreatedAtUtc], [r].[Name], [r].[UpdatedAtUtc]
    FROM [UserRoles] AS [u0]
    INNER JOIN [Roles] AS [r] ON [u0].[RoleId] = [r].[Id]
) AS [s] ON [u1].[Id] = [s].[UserId]
ORDER BY [u1].[Id], [s].[UserId], [s].[RoleId]
2025-06-10 19:41:56.785 +07:00 [INF] (Microsoft.EntityFrameworkCore.Database.Command) Executed DbCommand (4ms) [Parameters=[@__username_0='Admin' (Size = 450)], CommandType='"Text"', CommandTimeout='30']
SELECT [u1].[Id], [u1].[CreatedAtUtc], [u1].[Email], [u1].[FirstName], [u1].[IsActive], [u1].[LastName], [u1].[PasswordHash], [u1].[PhoneNumber], [u1].[UpdatedAtUtc], [u1].[UserName], [s].[UserId], [s].[RoleId], [s].[Id], [s].[CreatedAtUtc], [s].[Name], [s].[UpdatedAtUtc]
FROM (
    SELECT TOP(1) [u].[Id], [u].[CreatedAtUtc], [u].[Email], [u].[FirstName], [u].[IsActive], [u].[LastName], [u].[PasswordHash], [u].[PhoneNumber], [u].[UpdatedAtUtc], [u].[UserName]
    FROM [Users] AS [u]
    WHERE [u].[UserName] = @__username_0
) AS [u1]
LEFT JOIN (
    SELECT [u0].[UserId], [u0].[RoleId], [r].[Id], [r].[CreatedAtUtc], [r].[Name], [r].[UpdatedAtUtc]
    FROM [UserRoles] AS [u0]
    INNER JOIN [Roles] AS [r] ON [u0].[RoleId] = [r].[Id]
) AS [s] ON [u1].[Id] = [s].[UserId]
ORDER BY [u1].[Id], [s].[UserId], [s].[RoleId]
2025-06-10 19:41:57.060 +07:00 [INF] (Microsoft.EntityFrameworkCore.Database.Command) Executed DbCommand (3ms) [Parameters=[@__userId_0='f54527eb-f806-40db-bf76-c7b0e5fa6d39'], CommandType='"Text"', CommandTimeout='30']
SELECT [r].[Name]
FROM [UserRoles] AS [u]
INNER JOIN [Roles] AS [r] ON [u].[RoleId] = [r].[Id]
WHERE [u].[UserId] = @__userId_0
2025-06-10 19:41:57.098 +07:00 [INF] (Microsoft.EntityFrameworkCore.Database.Command) Executed DbCommand (6ms) [Parameters=[@__userId_0='f54527eb-f806-40db-bf76-c7b0e5fa6d39'], CommandType='"Text"', CommandTimeout='30']
SELECT [w].[Id], [w].[BookId], [w].[CreatedAtUtc], [w].[UserId], [b0].[Id], [b0].[AuthorId], [b0].[CategoryId], [b0].[CoverImageUrl], [b0].[CreatedAtUtc], [b0].[Description], [b0].[ISBN], [b0].[IsDeleted], [b0].[Price], [b0].[PublicationYear], [b0].[Publisher], [b0].[StockQuantity], [b0].[Title], [b0].[UpdatedAtUtc], [a].[Id], [a].[Biography], [a].[CreatedAtUtc], [a].[Name], [a].[UpdatedAtUtc]
FROM [WishlistItems] AS [w]
INNER JOIN (
    SELECT [b].[Id], [b].[AuthorId], [b].[CategoryId], [b].[CoverImageUrl], [b].[CreatedAtUtc], [b].[Description], [b].[ISBN], [b].[IsDeleted], [b].[Price], [b].[PublicationYear], [b].[Publisher], [b].[StockQuantity], [b].[Title], [b].[UpdatedAtUtc]
    FROM [Books] AS [b]
    WHERE [b].[IsDeleted] = CAST(0 AS bit)
) AS [b0] ON [w].[BookId] = [b0].[Id]
LEFT JOIN [Authors] AS [a] ON [b0].[AuthorId] = [a].[Id]
WHERE [w].[UserId] = @__userId_0 AND [b0].[IsDeleted] = CAST(0 AS bit)
ORDER BY [w].[CreatedAtUtc] DESC
2025-06-10 19:41:57.175 +07:00 [INF] (Microsoft.EntityFrameworkCore.Database.Command) Executed DbCommand (5ms) [Parameters=[@__email_0='Admin' (Size = 450)], CommandType='"Text"', CommandTimeout='30']
SELECT [u1].[Id], [u1].[CreatedAtUtc], [u1].[Email], [u1].[FirstName], [u1].[IsActive], [u1].[LastName], [u1].[PasswordHash], [u1].[PhoneNumber], [u1].[UpdatedAtUtc], [u1].[UserName], [s].[UserId], [s].[RoleId], [s].[Id], [s].[CreatedAtUtc], [s].[Name], [s].[UpdatedAtUtc]
FROM (
    SELECT TOP(1) [u].[Id], [u].[CreatedAtUtc], [u].[Email], [u].[FirstName], [u].[IsActive], [u].[LastName], [u].[PasswordHash], [u].[PhoneNumber], [u].[UpdatedAtUtc], [u].[UserName]
    FROM [Users] AS [u]
    WHERE [u].[Email] = @__email_0
) AS [u1]
LEFT JOIN (
    SELECT [u0].[UserId], [u0].[RoleId], [r].[Id], [r].[CreatedAtUtc], [r].[Name], [r].[UpdatedAtUtc]
    FROM [UserRoles] AS [u0]
    INNER JOIN [Roles] AS [r] ON [u0].[RoleId] = [r].[Id]
) AS [s] ON [u1].[Id] = [s].[UserId]
ORDER BY [u1].[Id], [s].[UserId], [s].[RoleId]
2025-06-10 19:41:57.185 +07:00 [INF] (Microsoft.EntityFrameworkCore.Database.Command) Executed DbCommand (5ms) [Parameters=[@__username_0='Admin' (Size = 450)], CommandType='"Text"', CommandTimeout='30']
SELECT [u1].[Id], [u1].[CreatedAtUtc], [u1].[Email], [u1].[FirstName], [u1].[IsActive], [u1].[LastName], [u1].[PasswordHash], [u1].[PhoneNumber], [u1].[UpdatedAtUtc], [u1].[UserName], [s].[UserId], [s].[RoleId], [s].[Id], [s].[CreatedAtUtc], [s].[Name], [s].[UpdatedAtUtc]
FROM (
    SELECT TOP(1) [u].[Id], [u].[CreatedAtUtc], [u].[Email], [u].[FirstName], [u].[IsActive], [u].[LastName], [u].[PasswordHash], [u].[PhoneNumber], [u].[UpdatedAtUtc], [u].[UserName]
    FROM [Users] AS [u]
    WHERE [u].[UserName] = @__username_0
) AS [u1]
LEFT JOIN (
    SELECT [u0].[UserId], [u0].[RoleId], [r].[Id], [r].[CreatedAtUtc], [r].[Name], [r].[UpdatedAtUtc]
    FROM [UserRoles] AS [u0]
    INNER JOIN [Roles] AS [r] ON [u0].[RoleId] = [r].[Id]
) AS [s] ON [u1].[Id] = [s].[UserId]
ORDER BY [u1].[Id], [s].[UserId], [s].[RoleId]
2025-06-10 19:41:57.457 +07:00 [INF] (Microsoft.EntityFrameworkCore.Database.Command) Executed DbCommand (3ms) [Parameters=[@__userId_0='f54527eb-f806-40db-bf76-c7b0e5fa6d39'], CommandType='"Text"', CommandTimeout='30']
SELECT [r].[Name]
FROM [UserRoles] AS [u]
INNER JOIN [Roles] AS [r] ON [u].[RoleId] = [r].[Id]
WHERE [u].[UserId] = @__userId_0
2025-06-10 19:41:57.475 +07:00 [INF] (Microsoft.EntityFrameworkCore.Database.Command) Executed DbCommand (2ms) [Parameters=[@__p_0='c4cb8bfe-27d9-4f95-8a54-021c394455a7' (Nullable = true)], CommandType='"Text"', CommandTimeout='30']
SELECT TOP(1) [b].[Id], [b].[AuthorId], [b].[CategoryId], [b].[CoverImageUrl], [b].[CreatedAtUtc], [b].[Description], [b].[ISBN], [b].[IsDeleted], [b].[Price], [b].[PublicationYear], [b].[Publisher], [b].[StockQuantity], [b].[Title], [b].[UpdatedAtUtc]
FROM [Books] AS [b]
WHERE [b].[IsDeleted] = CAST(0 AS bit) AND [b].[Id] = @__p_0
2025-06-10 19:41:57.545 +07:00 [INF] (Microsoft.EntityFrameworkCore.Database.Command) Executed DbCommand (5ms) [Parameters=[@__email_0='Admin' (Size = 450)], CommandType='"Text"', CommandTimeout='30']
SELECT [u1].[Id], [u1].[CreatedAtUtc], [u1].[Email], [u1].[FirstName], [u1].[IsActive], [u1].[LastName], [u1].[PasswordHash], [u1].[PhoneNumber], [u1].[UpdatedAtUtc], [u1].[UserName], [s].[UserId], [s].[RoleId], [s].[Id], [s].[CreatedAtUtc], [s].[Name], [s].[UpdatedAtUtc]
FROM (
    SELECT TOP(1) [u].[Id], [u].[CreatedAtUtc], [u].[Email], [u].[FirstName], [u].[IsActive], [u].[LastName], [u].[PasswordHash], [u].[PhoneNumber], [u].[UpdatedAtUtc], [u].[UserName]
    FROM [Users] AS [u]
    WHERE [u].[Email] = @__email_0
) AS [u1]
LEFT JOIN (
    SELECT [u0].[UserId], [u0].[RoleId], [r].[Id], [r].[CreatedAtUtc], [r].[Name], [r].[UpdatedAtUtc]
    FROM [UserRoles] AS [u0]
    INNER JOIN [Roles] AS [r] ON [u0].[RoleId] = [r].[Id]
) AS [s] ON [u1].[Id] = [s].[UserId]
ORDER BY [u1].[Id], [s].[UserId], [s].[RoleId]
2025-06-10 19:41:57.555 +07:00 [INF] (Microsoft.EntityFrameworkCore.Database.Command) Executed DbCommand (5ms) [Parameters=[@__username_0='Admin' (Size = 450)], CommandType='"Text"', CommandTimeout='30']
SELECT [u1].[Id], [u1].[CreatedAtUtc], [u1].[Email], [u1].[FirstName], [u1].[IsActive], [u1].[LastName], [u1].[PasswordHash], [u1].[PhoneNumber], [u1].[UpdatedAtUtc], [u1].[UserName], [s].[UserId], [s].[RoleId], [s].[Id], [s].[CreatedAtUtc], [s].[Name], [s].[UpdatedAtUtc]
FROM (
    SELECT TOP(1) [u].[Id], [u].[CreatedAtUtc], [u].[Email], [u].[FirstName], [u].[IsActive], [u].[LastName], [u].[PasswordHash], [u].[PhoneNumber], [u].[UpdatedAtUtc], [u].[UserName]
    FROM [Users] AS [u]
    WHERE [u].[UserName] = @__username_0
) AS [u1]
LEFT JOIN (
    SELECT [u0].[UserId], [u0].[RoleId], [r].[Id], [r].[CreatedAtUtc], [r].[Name], [r].[UpdatedAtUtc]
    FROM [UserRoles] AS [u0]
    INNER JOIN [Roles] AS [r] ON [u0].[RoleId] = [r].[Id]
) AS [s] ON [u1].[Id] = [s].[UserId]
ORDER BY [u1].[Id], [s].[UserId], [s].[RoleId]
2025-06-10 19:41:57.823 +07:00 [INF] (Microsoft.EntityFrameworkCore.Database.Command) Executed DbCommand (2ms) [Parameters=[@__userId_0='f54527eb-f806-40db-bf76-c7b0e5fa6d39'], CommandType='"Text"', CommandTimeout='30']
SELECT [r].[Name]
FROM [UserRoles] AS [u]
INNER JOIN [Roles] AS [r] ON [u].[RoleId] = [r].[Id]
WHERE [u].[UserId] = @__userId_0
2025-06-10 19:41:57.855 +07:00 [INF] (Microsoft.EntityFrameworkCore.Database.Command) Executed DbCommand (3ms) [Parameters=[@__userId_0='f54527eb-f806-40db-bf76-c7b0e5fa6d39', @__bookId_1='c4cb8bfe-27d9-4f95-8a54-021c394455a7'], CommandType='"Text"', CommandTimeout='30']
SELECT TOP(1) [w].[Id], [w].[BookId], [w].[CreatedAtUtc], [w].[UserId]
FROM [WishlistItems] AS [w]
WHERE [w].[UserId] = @__userId_0 AND [w].[BookId] = @__bookId_1
2025-06-10 19:41:57.945 +07:00 [INF] (Microsoft.EntityFrameworkCore.Database.Command) Executed DbCommand (6ms) [Parameters=[@__email_0='Admin' (Size = 450)], CommandType='"Text"', CommandTimeout='30']
SELECT [u1].[Id], [u1].[CreatedAtUtc], [u1].[Email], [u1].[FirstName], [u1].[IsActive], [u1].[LastName], [u1].[PasswordHash], [u1].[PhoneNumber], [u1].[UpdatedAtUtc], [u1].[UserName], [s].[UserId], [s].[RoleId], [s].[Id], [s].[CreatedAtUtc], [s].[Name], [s].[UpdatedAtUtc]
FROM (
    SELECT TOP(1) [u].[Id], [u].[CreatedAtUtc], [u].[Email], [u].[FirstName], [u].[IsActive], [u].[LastName], [u].[PasswordHash], [u].[PhoneNumber], [u].[UpdatedAtUtc], [u].[UserName]
    FROM [Users] AS [u]
    WHERE [u].[Email] = @__email_0
) AS [u1]
LEFT JOIN (
    SELECT [u0].[UserId], [u0].[RoleId], [r].[Id], [r].[CreatedAtUtc], [r].[Name], [r].[UpdatedAtUtc]
    FROM [UserRoles] AS [u0]
    INNER JOIN [Roles] AS [r] ON [u0].[RoleId] = [r].[Id]
) AS [s] ON [u1].[Id] = [s].[UserId]
ORDER BY [u1].[Id], [s].[UserId], [s].[RoleId]
2025-06-10 19:41:57.954 +07:00 [INF] (Microsoft.EntityFrameworkCore.Database.Command) Executed DbCommand (4ms) [Parameters=[@__username_0='Admin' (Size = 450)], CommandType='"Text"', CommandTimeout='30']
SELECT [u1].[Id], [u1].[CreatedAtUtc], [u1].[Email], [u1].[FirstName], [u1].[IsActive], [u1].[LastName], [u1].[PasswordHash], [u1].[PhoneNumber], [u1].[UpdatedAtUtc], [u1].[UserName], [s].[UserId], [s].[RoleId], [s].[Id], [s].[CreatedAtUtc], [s].[Name], [s].[UpdatedAtUtc]
FROM (
    SELECT TOP(1) [u].[Id], [u].[CreatedAtUtc], [u].[Email], [u].[FirstName], [u].[IsActive], [u].[LastName], [u].[PasswordHash], [u].[PhoneNumber], [u].[UpdatedAtUtc], [u].[UserName]
    FROM [Users] AS [u]
    WHERE [u].[UserName] = @__username_0
) AS [u1]
LEFT JOIN (
    SELECT [u0].[UserId], [u0].[RoleId], [r].[Id], [r].[CreatedAtUtc], [r].[Name], [r].[UpdatedAtUtc]
    FROM [UserRoles] AS [u0]
    INNER JOIN [Roles] AS [r] ON [u0].[RoleId] = [r].[Id]
) AS [s] ON [u1].[Id] = [s].[UserId]
ORDER BY [u1].[Id], [s].[UserId], [s].[RoleId]
2025-06-10 19:41:58.225 +07:00 [INF] (Microsoft.EntityFrameworkCore.Database.Command) Executed DbCommand (3ms) [Parameters=[@__userId_0='f54527eb-f806-40db-bf76-c7b0e5fa6d39'], CommandType='"Text"', CommandTimeout='30']
SELECT [r].[Name]
FROM [UserRoles] AS [u]
INNER JOIN [Roles] AS [r] ON [u].[RoleId] = [r].[Id]
WHERE [u].[UserId] = @__userId_0
2025-06-10 19:41:58.328 +07:00 [INF] (Microsoft.EntityFrameworkCore.Database.Command) Executed DbCommand (5ms) [Parameters=[@__email_0='Admin' (Size = 450)], CommandType='"Text"', CommandTimeout='30']
SELECT [u1].[Id], [u1].[CreatedAtUtc], [u1].[Email], [u1].[FirstName], [u1].[IsActive], [u1].[LastName], [u1].[PasswordHash], [u1].[PhoneNumber], [u1].[UpdatedAtUtc], [u1].[UserName], [s].[UserId], [s].[RoleId], [s].[Id], [s].[CreatedAtUtc], [s].[Name], [s].[UpdatedAtUtc]
FROM (
    SELECT TOP(1) [u].[Id], [u].[CreatedAtUtc], [u].[Email], [u].[FirstName], [u].[IsActive], [u].[LastName], [u].[PasswordHash], [u].[PhoneNumber], [u].[UpdatedAtUtc], [u].[UserName]
    FROM [Users] AS [u]
    WHERE [u].[Email] = @__email_0
) AS [u1]
LEFT JOIN (
    SELECT [u0].[UserId], [u0].[RoleId], [r].[Id], [r].[CreatedAtUtc], [r].[Name], [r].[UpdatedAtUtc]
    FROM [UserRoles] AS [u0]
    INNER JOIN [Roles] AS [r] ON [u0].[RoleId] = [r].[Id]
) AS [s] ON [u1].[Id] = [s].[UserId]
ORDER BY [u1].[Id], [s].[UserId], [s].[RoleId]
2025-06-10 19:41:58.339 +07:00 [INF] (Microsoft.EntityFrameworkCore.Database.Command) Executed DbCommand (6ms) [Parameters=[@__username_0='Admin' (Size = 450)], CommandType='"Text"', CommandTimeout='30']
SELECT [u1].[Id], [u1].[CreatedAtUtc], [u1].[Email], [u1].[FirstName], [u1].[IsActive], [u1].[LastName], [u1].[PasswordHash], [u1].[PhoneNumber], [u1].[UpdatedAtUtc], [u1].[UserName], [s].[UserId], [s].[RoleId], [s].[Id], [s].[CreatedAtUtc], [s].[Name], [s].[UpdatedAtUtc]
FROM (
    SELECT TOP(1) [u].[Id], [u].[CreatedAtUtc], [u].[Email], [u].[FirstName], [u].[IsActive], [u].[LastName], [u].[PasswordHash], [u].[PhoneNumber], [u].[UpdatedAtUtc], [u].[UserName]
    FROM [Users] AS [u]
    WHERE [u].[UserName] = @__username_0
) AS [u1]
LEFT JOIN (
    SELECT [u0].[UserId], [u0].[RoleId], [r].[Id], [r].[CreatedAtUtc], [r].[Name], [r].[UpdatedAtUtc]
    FROM [UserRoles] AS [u0]
    INNER JOIN [Roles] AS [r] ON [u0].[RoleId] = [r].[Id]
) AS [s] ON [u1].[Id] = [s].[UserId]
ORDER BY [u1].[Id], [s].[UserId], [s].[RoleId]
2025-06-10 19:41:58.607 +07:00 [INF] (Microsoft.EntityFrameworkCore.Database.Command) Executed DbCommand (3ms) [Parameters=[@__userId_0='f54527eb-f806-40db-bf76-c7b0e5fa6d39'], CommandType='"Text"', CommandTimeout='30']
SELECT [r].[Name]
FROM [UserRoles] AS [u]
INNER JOIN [Roles] AS [r] ON [u].[RoleId] = [r].[Id]
WHERE [u].[UserId] = @__userId_0
2025-06-10 19:41:58.643 +07:00 [INF] (Microsoft.EntityFrameworkCore.Database.Command) Executed DbCommand (5ms) [Parameters=[@__userId_0='f54527eb-f806-40db-bf76-c7b0e5fa6d39'], CommandType='"Text"', CommandTimeout='30']
SELECT [c].[UserId], [c].[BookId], [c].[CreatedAtUtc], [c].[Quantity], [c].[UpdatedAtUtc], [b0].[Id], [b0].[AuthorId], [b0].[CategoryId], [b0].[CoverImageUrl], [b0].[CreatedAtUtc], [b0].[Description], [b0].[ISBN], [b0].[IsDeleted], [b0].[Price], [b0].[PublicationYear], [b0].[Publisher], [b0].[StockQuantity], [b0].[Title], [b0].[UpdatedAtUtc], [a].[Id], [a].[Biography], [a].[CreatedAtUtc], [a].[Name], [a].[UpdatedAtUtc]
FROM [CartItems] AS [c]
INNER JOIN (
    SELECT [b].[Id], [b].[AuthorId], [b].[CategoryId], [b].[CoverImageUrl], [b].[CreatedAtUtc], [b].[Description], [b].[ISBN], [b].[IsDeleted], [b].[Price], [b].[PublicationYear], [b].[Publisher], [b].[StockQuantity], [b].[Title], [b].[UpdatedAtUtc]
    FROM [Books] AS [b]
    WHERE [b].[IsDeleted] = CAST(0 AS bit)
) AS [b0] ON [c].[BookId] = [b0].[Id]
LEFT JOIN [Authors] AS [a] ON [b0].[AuthorId] = [a].[Id]
WHERE [c].[UserId] = @__userId_0
ORDER BY [b0].[Title]
2025-06-10 19:41:58.715 +07:00 [INF] (Microsoft.EntityFrameworkCore.Database.Command) Executed DbCommand (5ms) [Parameters=[@__email_0='Admin' (Size = 450)], CommandType='"Text"', CommandTimeout='30']
SELECT [u1].[Id], [u1].[CreatedAtUtc], [u1].[Email], [u1].[FirstName], [u1].[IsActive], [u1].[LastName], [u1].[PasswordHash], [u1].[PhoneNumber], [u1].[UpdatedAtUtc], [u1].[UserName], [s].[UserId], [s].[RoleId], [s].[Id], [s].[CreatedAtUtc], [s].[Name], [s].[UpdatedAtUtc]
FROM (
    SELECT TOP(1) [u].[Id], [u].[CreatedAtUtc], [u].[Email], [u].[FirstName], [u].[IsActive], [u].[LastName], [u].[PasswordHash], [u].[PhoneNumber], [u].[UpdatedAtUtc], [u].[UserName]
    FROM [Users] AS [u]
    WHERE [u].[Email] = @__email_0
) AS [u1]
LEFT JOIN (
    SELECT [u0].[UserId], [u0].[RoleId], [r].[Id], [r].[CreatedAtUtc], [r].[Name], [r].[UpdatedAtUtc]
    FROM [UserRoles] AS [u0]
    INNER JOIN [Roles] AS [r] ON [u0].[RoleId] = [r].[Id]
) AS [s] ON [u1].[Id] = [s].[UserId]
ORDER BY [u1].[Id], [s].[UserId], [s].[RoleId]
2025-06-10 19:41:58.725 +07:00 [INF] (Microsoft.EntityFrameworkCore.Database.Command) Executed DbCommand (5ms) [Parameters=[@__username_0='Admin' (Size = 450)], CommandType='"Text"', CommandTimeout='30']
SELECT [u1].[Id], [u1].[CreatedAtUtc], [u1].[Email], [u1].[FirstName], [u1].[IsActive], [u1].[LastName], [u1].[PasswordHash], [u1].[PhoneNumber], [u1].[UpdatedAtUtc], [u1].[UserName], [s].[UserId], [s].[RoleId], [s].[Id], [s].[CreatedAtUtc], [s].[Name], [s].[UpdatedAtUtc]
FROM (
    SELECT TOP(1) [u].[Id], [u].[CreatedAtUtc], [u].[Email], [u].[FirstName], [u].[IsActive], [u].[LastName], [u].[PasswordHash], [u].[PhoneNumber], [u].[UpdatedAtUtc], [u].[UserName]
    FROM [Users] AS [u]
    WHERE [u].[UserName] = @__username_0
) AS [u1]
LEFT JOIN (
    SELECT [u0].[UserId], [u0].[RoleId], [r].[Id], [r].[CreatedAtUtc], [r].[Name], [r].[UpdatedAtUtc]
    FROM [UserRoles] AS [u0]
    INNER JOIN [Roles] AS [r] ON [u0].[RoleId] = [r].[Id]
) AS [s] ON [u1].[Id] = [s].[UserId]
ORDER BY [u1].[Id], [s].[UserId], [s].[RoleId]
2025-06-10 19:41:59.000 +07:00 [INF] (Microsoft.EntityFrameworkCore.Database.Command) Executed DbCommand (2ms) [Parameters=[@__userId_0='f54527eb-f806-40db-bf76-c7b0e5fa6d39'], CommandType='"Text"', CommandTimeout='30']
SELECT [r].[Name]
FROM [UserRoles] AS [u]
INNER JOIN [Roles] AS [r] ON [u].[RoleId] = [r].[Id]
WHERE [u].[UserId] = @__userId_0
2025-06-10 19:41:59.040 +07:00 [INF] (Microsoft.EntityFrameworkCore.Database.Command) Executed DbCommand (2ms) [Parameters=[@__userId_0='f54527eb-f806-40db-bf76-c7b0e5fa6d39'], CommandType='"Text"', CommandTimeout='30']
SELECT [c].[UserId], [c].[BookId], [c].[CreatedAtUtc], [c].[Quantity], [c].[UpdatedAtUtc]
FROM [CartItems] AS [c]
WHERE [c].[UserId] = @__userId_0
2025-06-10 19:41:59.083 +07:00 [INF] (Microsoft.EntityFrameworkCore.Database.Command) Executed DbCommand (5ms) [Parameters=[@__email_0='Admin' (Size = 450)], CommandType='"Text"', CommandTimeout='30']
SELECT [u1].[Id], [u1].[CreatedAtUtc], [u1].[Email], [u1].[FirstName], [u1].[IsActive], [u1].[LastName], [u1].[PasswordHash], [u1].[PhoneNumber], [u1].[UpdatedAtUtc], [u1].[UserName], [s].[UserId], [s].[RoleId], [s].[Id], [s].[CreatedAtUtc], [s].[Name], [s].[UpdatedAtUtc]
FROM (
    SELECT TOP(1) [u].[Id], [u].[CreatedAtUtc], [u].[Email], [u].[FirstName], [u].[IsActive], [u].[LastName], [u].[PasswordHash], [u].[PhoneNumber], [u].[UpdatedAtUtc], [u].[UserName]
    FROM [Users] AS [u]
    WHERE [u].[Email] = @__email_0
) AS [u1]
LEFT JOIN (
    SELECT [u0].[UserId], [u0].[RoleId], [r].[Id], [r].[CreatedAtUtc], [r].[Name], [r].[UpdatedAtUtc]
    FROM [UserRoles] AS [u0]
    INNER JOIN [Roles] AS [r] ON [u0].[RoleId] = [r].[Id]
) AS [s] ON [u1].[Id] = [s].[UserId]
ORDER BY [u1].[Id], [s].[UserId], [s].[RoleId]
2025-06-10 19:41:59.092 +07:00 [INF] (Microsoft.EntityFrameworkCore.Database.Command) Executed DbCommand (4ms) [Parameters=[@__username_0='Admin' (Size = 450)], CommandType='"Text"', CommandTimeout='30']
SELECT [u1].[Id], [u1].[CreatedAtUtc], [u1].[Email], [u1].[FirstName], [u1].[IsActive], [u1].[LastName], [u1].[PasswordHash], [u1].[PhoneNumber], [u1].[UpdatedAtUtc], [u1].[UserName], [s].[UserId], [s].[RoleId], [s].[Id], [s].[CreatedAtUtc], [s].[Name], [s].[UpdatedAtUtc]
FROM (
    SELECT TOP(1) [u].[Id], [u].[CreatedAtUtc], [u].[Email], [u].[FirstName], [u].[IsActive], [u].[LastName], [u].[PasswordHash], [u].[PhoneNumber], [u].[UpdatedAtUtc], [u].[UserName]
    FROM [Users] AS [u]
    WHERE [u].[UserName] = @__username_0
) AS [u1]
LEFT JOIN (
    SELECT [u0].[UserId], [u0].[RoleId], [r].[Id], [r].[CreatedAtUtc], [r].[Name], [r].[UpdatedAtUtc]
    FROM [UserRoles] AS [u0]
    INNER JOIN [Roles] AS [r] ON [u0].[RoleId] = [r].[Id]
) AS [s] ON [u1].[Id] = [s].[UserId]
ORDER BY [u1].[Id], [s].[UserId], [s].[RoleId]
2025-06-10 19:41:59.364 +07:00 [INF] (Microsoft.EntityFrameworkCore.Database.Command) Executed DbCommand (3ms) [Parameters=[@__userId_0='f54527eb-f806-40db-bf76-c7b0e5fa6d39'], CommandType='"Text"', CommandTimeout='30']
SELECT [r].[Name]
FROM [UserRoles] AS [u]
INNER JOIN [Roles] AS [r] ON [u].[RoleId] = [r].[Id]
WHERE [u].[UserId] = @__userId_0
2025-06-10 19:41:59.410 +07:00 [INF] (Microsoft.EntityFrameworkCore.Database.Command) Executed DbCommand (3ms) [Parameters=[@__p_0='a7b2c3d4-e5f6-4a1a-cccc-2e3f4a5b6c7e' (Nullable = true)], CommandType='"Text"', CommandTimeout='30']
SELECT TOP(1) [b].[Id], [b].[AuthorId], [b].[CategoryId], [b].[CoverImageUrl], [b].[CreatedAtUtc], [b].[Description], [b].[ISBN], [b].[IsDeleted], [b].[Price], [b].[PublicationYear], [b].[Publisher], [b].[StockQuantity], [b].[Title], [b].[UpdatedAtUtc]
FROM [Books] AS [b]
WHERE [b].[IsDeleted] = CAST(0 AS bit) AND [b].[Id] = @__p_0
2025-06-10 19:41:59.528 +07:00 [INF] (Microsoft.EntityFrameworkCore.Database.Command) Executed DbCommand (7ms) [Parameters=[@__email_0='Admin' (Size = 450)], CommandType='"Text"', CommandTimeout='30']
SELECT [u1].[Id], [u1].[CreatedAtUtc], [u1].[Email], [u1].[FirstName], [u1].[IsActive], [u1].[LastName], [u1].[PasswordHash], [u1].[PhoneNumber], [u1].[UpdatedAtUtc], [u1].[UserName], [s].[UserId], [s].[RoleId], [s].[Id], [s].[CreatedAtUtc], [s].[Name], [s].[UpdatedAtUtc]
FROM (
    SELECT TOP(1) [u].[Id], [u].[CreatedAtUtc], [u].[Email], [u].[FirstName], [u].[IsActive], [u].[LastName], [u].[PasswordHash], [u].[PhoneNumber], [u].[UpdatedAtUtc], [u].[UserName]
    FROM [Users] AS [u]
    WHERE [u].[Email] = @__email_0
) AS [u1]
LEFT JOIN (
    SELECT [u0].[UserId], [u0].[RoleId], [r].[Id], [r].[CreatedAtUtc], [r].[Name], [r].[UpdatedAtUtc]
    FROM [UserRoles] AS [u0]
    INNER JOIN [Roles] AS [r] ON [u0].[RoleId] = [r].[Id]
) AS [s] ON [u1].[Id] = [s].[UserId]
ORDER BY [u1].[Id], [s].[UserId], [s].[RoleId]
2025-06-10 19:41:59.541 +07:00 [INF] (Microsoft.EntityFrameworkCore.Database.Command) Executed DbCommand (6ms) [Parameters=[@__username_0='Admin' (Size = 450)], CommandType='"Text"', CommandTimeout='30']
SELECT [u1].[Id], [u1].[CreatedAtUtc], [u1].[Email], [u1].[FirstName], [u1].[IsActive], [u1].[LastName], [u1].[PasswordHash], [u1].[PhoneNumber], [u1].[UpdatedAtUtc], [u1].[UserName], [s].[UserId], [s].[RoleId], [s].[Id], [s].[CreatedAtUtc], [s].[Name], [s].[UpdatedAtUtc]
FROM (
    SELECT TOP(1) [u].[Id], [u].[CreatedAtUtc], [u].[Email], [u].[FirstName], [u].[IsActive], [u].[LastName], [u].[PasswordHash], [u].[PhoneNumber], [u].[UpdatedAtUtc], [u].[UserName]
    FROM [Users] AS [u]
    WHERE [u].[UserName] = @__username_0
) AS [u1]
LEFT JOIN (
    SELECT [u0].[UserId], [u0].[RoleId], [r].[Id], [r].[CreatedAtUtc], [r].[Name], [r].[UpdatedAtUtc]
    FROM [UserRoles] AS [u0]
    INNER JOIN [Roles] AS [r] ON [u0].[RoleId] = [r].[Id]
) AS [s] ON [u1].[Id] = [s].[UserId]
ORDER BY [u1].[Id], [s].[UserId], [s].[RoleId]
2025-06-10 19:41:59.813 +07:00 [INF] (Microsoft.EntityFrameworkCore.Database.Command) Executed DbCommand (3ms) [Parameters=[@__userId_0='f54527eb-f806-40db-bf76-c7b0e5fa6d39'], CommandType='"Text"', CommandTimeout='30']
SELECT [r].[Name]
FROM [UserRoles] AS [u]
INNER JOIN [Roles] AS [r] ON [u].[RoleId] = [r].[Id]
WHERE [u].[UserId] = @__userId_0
2025-06-10 19:41:59.859 +07:00 [INF] (Microsoft.EntityFrameworkCore.Database.Command) Executed DbCommand (3ms) [Parameters=[@__p_0='f54527eb-f806-40db-bf76-c7b0e5fa6d39' (Nullable = true), @__p_1='e0f9e6a2-2222-4e7e-8a3f-7c3f5a7b9d2d' (Nullable = true)], CommandType='"Text"', CommandTimeout='30']
SELECT TOP(1) [c].[UserId], [c].[BookId], [c].[CreatedAtUtc], [c].[Quantity], [c].[UpdatedAtUtc]
FROM [CartItems] AS [c]
WHERE [c].[UserId] = @__p_0 AND [c].[BookId] = @__p_1
2025-06-10 19:41:59.993 +07:00 [INF] (Microsoft.EntityFrameworkCore.Database.Command) Executed DbCommand (6ms) [Parameters=[@__email_0='Admin' (Size = 450)], CommandType='"Text"', CommandTimeout='30']
SELECT [u1].[Id], [u1].[CreatedAtUtc], [u1].[Email], [u1].[FirstName], [u1].[IsActive], [u1].[LastName], [u1].[PasswordHash], [u1].[PhoneNumber], [u1].[UpdatedAtUtc], [u1].[UserName], [s].[UserId], [s].[RoleId], [s].[Id], [s].[CreatedAtUtc], [s].[Name], [s].[UpdatedAtUtc]
FROM (
    SELECT TOP(1) [u].[Id], [u].[CreatedAtUtc], [u].[Email], [u].[FirstName], [u].[IsActive], [u].[LastName], [u].[PasswordHash], [u].[PhoneNumber], [u].[UpdatedAtUtc], [u].[UserName]
    FROM [Users] AS [u]
    WHERE [u].[Email] = @__email_0
) AS [u1]
LEFT JOIN (
    SELECT [u0].[UserId], [u0].[RoleId], [r].[Id], [r].[CreatedAtUtc], [r].[Name], [r].[UpdatedAtUtc]
    FROM [UserRoles] AS [u0]
    INNER JOIN [Roles] AS [r] ON [u0].[RoleId] = [r].[Id]
) AS [s] ON [u1].[Id] = [s].[UserId]
ORDER BY [u1].[Id], [s].[UserId], [s].[RoleId]
2025-06-10 19:42:00.003 +07:00 [INF] (Microsoft.EntityFrameworkCore.Database.Command) Executed DbCommand (6ms) [Parameters=[@__username_0='Admin' (Size = 450)], CommandType='"Text"', CommandTimeout='30']
SELECT [u1].[Id], [u1].[CreatedAtUtc], [u1].[Email], [u1].[FirstName], [u1].[IsActive], [u1].[LastName], [u1].[PasswordHash], [u1].[PhoneNumber], [u1].[UpdatedAtUtc], [u1].[UserName], [s].[UserId], [s].[RoleId], [s].[Id], [s].[CreatedAtUtc], [s].[Name], [s].[UpdatedAtUtc]
FROM (
    SELECT TOP(1) [u].[Id], [u].[CreatedAtUtc], [u].[Email], [u].[FirstName], [u].[IsActive], [u].[LastName], [u].[PasswordHash], [u].[PhoneNumber], [u].[UpdatedAtUtc], [u].[UserName]
    FROM [Users] AS [u]
    WHERE [u].[UserName] = @__username_0
) AS [u1]
LEFT JOIN (
    SELECT [u0].[UserId], [u0].[RoleId], [r].[Id], [r].[CreatedAtUtc], [r].[Name], [r].[UpdatedAtUtc]
    FROM [UserRoles] AS [u0]
    INNER JOIN [Roles] AS [r] ON [u0].[RoleId] = [r].[Id]
) AS [s] ON [u1].[Id] = [s].[UserId]
ORDER BY [u1].[Id], [s].[UserId], [s].[RoleId]
2025-06-10 19:42:00.276 +07:00 [INF] (Microsoft.EntityFrameworkCore.Database.Command) Executed DbCommand (3ms) [Parameters=[@__userId_0='f54527eb-f806-40db-bf76-c7b0e5fa6d39'], CommandType='"Text"', CommandTimeout='30']
SELECT [r].[Name]
FROM [UserRoles] AS [u]
INNER JOIN [Roles] AS [r] ON [u].[RoleId] = [r].[Id]
WHERE [u].[UserId] = @__userId_0
2025-06-10 19:42:00.312 +07:00 [INF] (Microsoft.EntityFrameworkCore.Database.Command) Executed DbCommand (2ms) [Parameters=[@__p_0='f54527eb-f806-40db-bf76-c7b0e5fa6d39' (Nullable = true), @__p_1='e0f9e6a2-2222-4e7e-8a3f-7c3f5a7b9d2d' (Nullable = true)], CommandType='"Text"', CommandTimeout='30']
SELECT TOP(1) [c].[UserId], [c].[BookId], [c].[CreatedAtUtc], [c].[Quantity], [c].[UpdatedAtUtc]
FROM [CartItems] AS [c]
WHERE [c].[UserId] = @__p_0 AND [c].[BookId] = @__p_1
2025-06-10 19:42:00.389 +07:00 [INF] (Microsoft.EntityFrameworkCore.Database.Command) Executed DbCommand (5ms) [Parameters=[@__email_0='Admin' (Size = 450)], CommandType='"Text"', CommandTimeout='30']
SELECT [u1].[Id], [u1].[CreatedAtUtc], [u1].[Email], [u1].[FirstName], [u1].[IsActive], [u1].[LastName], [u1].[PasswordHash], [u1].[PhoneNumber], [u1].[UpdatedAtUtc], [u1].[UserName], [s].[UserId], [s].[RoleId], [s].[Id], [s].[CreatedAtUtc], [s].[Name], [s].[UpdatedAtUtc]
FROM (
    SELECT TOP(1) [u].[Id], [u].[CreatedAtUtc], [u].[Email], [u].[FirstName], [u].[IsActive], [u].[LastName], [u].[PasswordHash], [u].[PhoneNumber], [u].[UpdatedAtUtc], [u].[UserName]
    FROM [Users] AS [u]
    WHERE [u].[Email] = @__email_0
) AS [u1]
LEFT JOIN (
    SELECT [u0].[UserId], [u0].[RoleId], [r].[Id], [r].[CreatedAtUtc], [r].[Name], [r].[UpdatedAtUtc]
    FROM [UserRoles] AS [u0]
    INNER JOIN [Roles] AS [r] ON [u0].[RoleId] = [r].[Id]
) AS [s] ON [u1].[Id] = [s].[UserId]
ORDER BY [u1].[Id], [s].[UserId], [s].[RoleId]
2025-06-10 19:42:00.398 +07:00 [INF] (Microsoft.EntityFrameworkCore.Database.Command) Executed DbCommand (4ms) [Parameters=[@__username_0='Admin' (Size = 450)], CommandType='"Text"', CommandTimeout='30']
SELECT [u1].[Id], [u1].[CreatedAtUtc], [u1].[Email], [u1].[FirstName], [u1].[IsActive], [u1].[LastName], [u1].[PasswordHash], [u1].[PhoneNumber], [u1].[UpdatedAtUtc], [u1].[UserName], [s].[UserId], [s].[RoleId], [s].[Id], [s].[CreatedAtUtc], [s].[Name], [s].[UpdatedAtUtc]
FROM (
    SELECT TOP(1) [u].[Id], [u].[CreatedAtUtc], [u].[Email], [u].[FirstName], [u].[IsActive], [u].[LastName], [u].[PasswordHash], [u].[PhoneNumber], [u].[UpdatedAtUtc], [u].[UserName]
    FROM [Users] AS [u]
    WHERE [u].[UserName] = @__username_0
) AS [u1]
LEFT JOIN (
    SELECT [u0].[UserId], [u0].[RoleId], [r].[Id], [r].[CreatedAtUtc], [r].[Name], [r].[UpdatedAtUtc]
    FROM [UserRoles] AS [u0]
    INNER JOIN [Roles] AS [r] ON [u0].[RoleId] = [r].[Id]
) AS [s] ON [u1].[Id] = [s].[UserId]
ORDER BY [u1].[Id], [s].[UserId], [s].[RoleId]
2025-06-10 19:42:00.661 +07:00 [INF] (Microsoft.EntityFrameworkCore.Database.Command) Executed DbCommand (2ms) [Parameters=[@__userId_0='f54527eb-f806-40db-bf76-c7b0e5fa6d39'], CommandType='"Text"', CommandTimeout='30']
SELECT [r].[Name]
FROM [UserRoles] AS [u]
INNER JOIN [Roles] AS [r] ON [u].[RoleId] = [r].[Id]
WHERE [u].[UserId] = @__userId_0
2025-06-10 19:42:00.700 +07:00 [INF] (Microsoft.EntityFrameworkCore.Database.Command) Executed DbCommand (3ms) [Parameters=[@__userId_0='f54527eb-f806-40db-bf76-c7b0e5fa6d39'], CommandType='"Text"', CommandTimeout='30']
SELECT [a].[Id], [a].[City], [a].[CreatedAtUtc], [a].[District], [a].[IsDefault], [a].[Street], [a].[UpdatedAtUtc], [a].[UserId], [a].[Village]
FROM [Addresses] AS [a]
WHERE [a].[UserId] = @__userId_0
ORDER BY [a].[IsDefault] DESC, [a].[UpdatedAtUtc] DESC
2025-06-10 19:42:00.749 +07:00 [INF] (Microsoft.EntityFrameworkCore.Database.Command) Executed DbCommand (6ms) [Parameters=[@__email_0='Admin' (Size = 450)], CommandType='"Text"', CommandTimeout='30']
SELECT [u1].[Id], [u1].[CreatedAtUtc], [u1].[Email], [u1].[FirstName], [u1].[IsActive], [u1].[LastName], [u1].[PasswordHash], [u1].[PhoneNumber], [u1].[UpdatedAtUtc], [u1].[UserName], [s].[UserId], [s].[RoleId], [s].[Id], [s].[CreatedAtUtc], [s].[Name], [s].[UpdatedAtUtc]
FROM (
    SELECT TOP(1) [u].[Id], [u].[CreatedAtUtc], [u].[Email], [u].[FirstName], [u].[IsActive], [u].[LastName], [u].[PasswordHash], [u].[PhoneNumber], [u].[UpdatedAtUtc], [u].[UserName]
    FROM [Users] AS [u]
    WHERE [u].[Email] = @__email_0
) AS [u1]
LEFT JOIN (
    SELECT [u0].[UserId], [u0].[RoleId], [r].[Id], [r].[CreatedAtUtc], [r].[Name], [r].[UpdatedAtUtc]
    FROM [UserRoles] AS [u0]
    INNER JOIN [Roles] AS [r] ON [u0].[RoleId] = [r].[Id]
) AS [s] ON [u1].[Id] = [s].[UserId]
ORDER BY [u1].[Id], [s].[UserId], [s].[RoleId]
2025-06-10 19:42:00.757 +07:00 [INF] (Microsoft.EntityFrameworkCore.Database.Command) Executed DbCommand (4ms) [Parameters=[@__username_0='Admin' (Size = 450)], CommandType='"Text"', CommandTimeout='30']
SELECT [u1].[Id], [u1].[CreatedAtUtc], [u1].[Email], [u1].[FirstName], [u1].[IsActive], [u1].[LastName], [u1].[PasswordHash], [u1].[PhoneNumber], [u1].[UpdatedAtUtc], [u1].[UserName], [s].[UserId], [s].[RoleId], [s].[Id], [s].[CreatedAtUtc], [s].[Name], [s].[UpdatedAtUtc]
FROM (
    SELECT TOP(1) [u].[Id], [u].[CreatedAtUtc], [u].[Email], [u].[FirstName], [u].[IsActive], [u].[LastName], [u].[PasswordHash], [u].[PhoneNumber], [u].[UpdatedAtUtc], [u].[UserName]
    FROM [Users] AS [u]
    WHERE [u].[UserName] = @__username_0
) AS [u1]
LEFT JOIN (
    SELECT [u0].[UserId], [u0].[RoleId], [r].[Id], [r].[CreatedAtUtc], [r].[Name], [r].[UpdatedAtUtc]
    FROM [UserRoles] AS [u0]
    INNER JOIN [Roles] AS [r] ON [u0].[RoleId] = [r].[Id]
) AS [s] ON [u1].[Id] = [s].[UserId]
ORDER BY [u1].[Id], [s].[UserId], [s].[RoleId]
2025-06-10 19:42:01.018 +07:00 [INF] (Microsoft.EntityFrameworkCore.Database.Command) Executed DbCommand (1ms) [Parameters=[@__userId_0='f54527eb-f806-40db-bf76-c7b0e5fa6d39'], CommandType='"Text"', CommandTimeout='30']
SELECT [r].[Name]
FROM [UserRoles] AS [u]
INNER JOIN [Roles] AS [r] ON [u].[RoleId] = [r].[Id]
WHERE [u].[UserId] = @__userId_0
2025-06-10 19:42:01.067 +07:00 [INF] (Microsoft.EntityFrameworkCore.Database.Command) Executed DbCommand (2ms) [Parameters=[@__userId_0='f54527eb-f806-40db-bf76-c7b0e5fa6d39'], CommandType='"Text"', CommandTimeout='30']
SELECT [a].[Id], [a].[City], [a].[CreatedAtUtc], [a].[District], [a].[IsDefault], [a].[Street], [a].[UpdatedAtUtc], [a].[UserId], [a].[Village]
FROM [Addresses] AS [a]
WHERE [a].[UserId] = @__userId_0 AND [a].[IsDefault] = CAST(1 AS bit)
2025-06-10 19:42:01.092 +07:00 [INF] (Microsoft.EntityFrameworkCore.Database.Command) Executed DbCommand (5ms) [Parameters=[@p8='516b2c01-6a97-480f-a9e8-ba120a10223c', @p0='Thành phố Hồ Chí Minh' (Nullable = false) (Size = 100), @p1='2025-04-26T18:04:30.4953110', @p2='Tân Bình' (Nullable = false) (Size = 100), @p3='False', @p4='139 Bạch Đằng' (Nullable = false) (Size = 256), @p5='2025-06-10T12:42:01.0859498Z', @p6='f54527eb-f806-40db-bf76-c7b0e5fa6d39', @p7='Phường 3' (Nullable = false) (Size = 100), @p9='3d954b72-df9f-46ec-851d-dd1535f784f8', @p10='Tp HCM' (Nullable = false) (Size = 100), @p11='2025-06-10T12:42:01.0859494Z', @p12='Binh Thanh' (Nullable = false) (Size = 100), @p13='True', @p14='19A Cong Hoa' (Nullable = false) (Size = 256), @p15='2025-06-10T12:42:01.0859490Z', @p16='f54527eb-f806-40db-bf76-c7b0e5fa6d39', @p17='phuong 1' (Nullable = false) (Size = 100)], CommandType='"Text"', CommandTimeout='30']
SET NOCOUNT ON;
UPDATE [Addresses] SET [City] = @p0, [CreatedAtUtc] = @p1, [District] = @p2, [IsDefault] = @p3, [Street] = @p4, [UpdatedAtUtc] = @p5, [UserId] = @p6, [Village] = @p7
OUTPUT 1
WHERE [Id] = @p8;
INSERT INTO [Addresses] ([Id], [City], [CreatedAtUtc], [District], [IsDefault], [Street], [UpdatedAtUtc], [UserId], [Village])
VALUES (@p9, @p10, @p11, @p12, @p13, @p14, @p15, @p16, @p17);
2025-06-10 19:42:01.161 +07:00 [INF] (Microsoft.EntityFrameworkCore.Database.Command) Executed DbCommand (1ms) [Parameters=[@__email_0='Admin' (Size = 450)], CommandType='"Text"', CommandTimeout='30']
SELECT [u1].[Id], [u1].[CreatedAtUtc], [u1].[Email], [u1].[FirstName], [u1].[IsActive], [u1].[LastName], [u1].[PasswordHash], [u1].[PhoneNumber], [u1].[UpdatedAtUtc], [u1].[UserName], [s].[UserId], [s].[RoleId], [s].[Id], [s].[CreatedAtUtc], [s].[Name], [s].[UpdatedAtUtc]
FROM (
    SELECT TOP(1) [u].[Id], [u].[CreatedAtUtc], [u].[Email], [u].[FirstName], [u].[IsActive], [u].[LastName], [u].[PasswordHash], [u].[PhoneNumber], [u].[UpdatedAtUtc], [u].[UserName]
    FROM [Users] AS [u]
    WHERE [u].[Email] = @__email_0
) AS [u1]
LEFT JOIN (
    SELECT [u0].[UserId], [u0].[RoleId], [r].[Id], [r].[CreatedAtUtc], [r].[Name], [r].[UpdatedAtUtc]
    FROM [UserRoles] AS [u0]
    INNER JOIN [Roles] AS [r] ON [u0].[RoleId] = [r].[Id]
) AS [s] ON [u1].[Id] = [s].[UserId]
ORDER BY [u1].[Id], [s].[UserId], [s].[RoleId]
2025-06-10 19:42:01.167 +07:00 [INF] (Microsoft.EntityFrameworkCore.Database.Command) Executed DbCommand (0ms) [Parameters=[@__username_0='Admin' (Size = 450)], CommandType='"Text"', CommandTimeout='30']
SELECT [u1].[Id], [u1].[CreatedAtUtc], [u1].[Email], [u1].[FirstName], [u1].[IsActive], [u1].[LastName], [u1].[PasswordHash], [u1].[PhoneNumber], [u1].[UpdatedAtUtc], [u1].[UserName], [s].[UserId], [s].[RoleId], [s].[Id], [s].[CreatedAtUtc], [s].[Name], [s].[UpdatedAtUtc]
FROM (
    SELECT TOP(1) [u].[Id], [u].[CreatedAtUtc], [u].[Email], [u].[FirstName], [u].[IsActive], [u].[LastName], [u].[PasswordHash], [u].[PhoneNumber], [u].[UpdatedAtUtc], [u].[UserName]
    FROM [Users] AS [u]
    WHERE [u].[UserName] = @__username_0
) AS [u1]
LEFT JOIN (
    SELECT [u0].[UserId], [u0].[RoleId], [r].[Id], [r].[CreatedAtUtc], [r].[Name], [r].[UpdatedAtUtc]
    FROM [UserRoles] AS [u0]
    INNER JOIN [Roles] AS [r] ON [u0].[RoleId] = [r].[Id]
) AS [s] ON [u1].[Id] = [s].[UserId]
ORDER BY [u1].[Id], [s].[UserId], [s].[RoleId]
2025-06-10 19:42:01.431 +07:00 [INF] (Microsoft.EntityFrameworkCore.Database.Command) Executed DbCommand (0ms) [Parameters=[@__userId_0='f54527eb-f806-40db-bf76-c7b0e5fa6d39'], CommandType='"Text"', CommandTimeout='30']
SELECT [r].[Name]
FROM [UserRoles] AS [u]
INNER JOIN [Roles] AS [r] ON [u].[RoleId] = [r].[Id]
WHERE [u].[UserId] = @__userId_0
2025-06-10 19:42:01.479 +07:00 [INF] (Microsoft.EntityFrameworkCore.Database.Command) Executed DbCommand (1ms) [Parameters=[@__p_0='e74482dc-77a9-4472-8278-5b01ccbebf87' (Nullable = true)], CommandType='"Text"', CommandTimeout='30']
SELECT TOP(1) [a].[Id], [a].[City], [a].[CreatedAtUtc], [a].[District], [a].[IsDefault], [a].[Street], [a].[UpdatedAtUtc], [a].[UserId], [a].[Village]
FROM [Addresses] AS [a]
WHERE [a].[Id] = @__p_0
2025-06-10 19:42:01.533 +07:00 [INF] (Microsoft.EntityFrameworkCore.Database.Command) Executed DbCommand (1ms) [Parameters=[@__email_0='Admin' (Size = 450)], CommandType='"Text"', CommandTimeout='30']
SELECT [u1].[Id], [u1].[CreatedAtUtc], [u1].[Email], [u1].[FirstName], [u1].[IsActive], [u1].[LastName], [u1].[PasswordHash], [u1].[PhoneNumber], [u1].[UpdatedAtUtc], [u1].[UserName], [s].[UserId], [s].[RoleId], [s].[Id], [s].[CreatedAtUtc], [s].[Name], [s].[UpdatedAtUtc]
FROM (
    SELECT TOP(1) [u].[Id], [u].[CreatedAtUtc], [u].[Email], [u].[FirstName], [u].[IsActive], [u].[LastName], [u].[PasswordHash], [u].[PhoneNumber], [u].[UpdatedAtUtc], [u].[UserName]
    FROM [Users] AS [u]
    WHERE [u].[Email] = @__email_0
) AS [u1]
LEFT JOIN (
    SELECT [u0].[UserId], [u0].[RoleId], [r].[Id], [r].[CreatedAtUtc], [r].[Name], [r].[UpdatedAtUtc]
    FROM [UserRoles] AS [u0]
    INNER JOIN [Roles] AS [r] ON [u0].[RoleId] = [r].[Id]
) AS [s] ON [u1].[Id] = [s].[UserId]
ORDER BY [u1].[Id], [s].[UserId], [s].[RoleId]
2025-06-10 19:42:01.538 +07:00 [INF] (Microsoft.EntityFrameworkCore.Database.Command) Executed DbCommand (0ms) [Parameters=[@__username_0='Admin' (Size = 450)], CommandType='"Text"', CommandTimeout='30']
SELECT [u1].[Id], [u1].[CreatedAtUtc], [u1].[Email], [u1].[FirstName], [u1].[IsActive], [u1].[LastName], [u1].[PasswordHash], [u1].[PhoneNumber], [u1].[UpdatedAtUtc], [u1].[UserName], [s].[UserId], [s].[RoleId], [s].[Id], [s].[CreatedAtUtc], [s].[Name], [s].[UpdatedAtUtc]
FROM (
    SELECT TOP(1) [u].[Id], [u].[CreatedAtUtc], [u].[Email], [u].[FirstName], [u].[IsActive], [u].[LastName], [u].[PasswordHash], [u].[PhoneNumber], [u].[UpdatedAtUtc], [u].[UserName]
    FROM [Users] AS [u]
    WHERE [u].[UserName] = @__username_0
) AS [u1]
LEFT JOIN (
    SELECT [u0].[UserId], [u0].[RoleId], [r].[Id], [r].[CreatedAtUtc], [r].[Name], [r].[UpdatedAtUtc]
    FROM [UserRoles] AS [u0]
    INNER JOIN [Roles] AS [r] ON [u0].[RoleId] = [r].[Id]
) AS [s] ON [u1].[Id] = [s].[UserId]
ORDER BY [u1].[Id], [s].[UserId], [s].[RoleId]
2025-06-10 19:42:01.804 +07:00 [INF] (Microsoft.EntityFrameworkCore.Database.Command) Executed DbCommand (0ms) [Parameters=[@__userId_0='f54527eb-f806-40db-bf76-c7b0e5fa6d39'], CommandType='"Text"', CommandTimeout='30']
SELECT [r].[Name]
FROM [UserRoles] AS [u]
INNER JOIN [Roles] AS [r] ON [u].[RoleId] = [r].[Id]
WHERE [u].[UserId] = @__userId_0
2025-06-10 19:42:01.848 +07:00 [INF] (Microsoft.EntityFrameworkCore.Database.Command) Executed DbCommand (0ms) [Parameters=[@__p_0='e74482dc-77a9-4472-8278-5b01ccbebf87' (Nullable = true)], CommandType='"Text"', CommandTimeout='30']
SELECT TOP(1) [a].[Id], [a].[City], [a].[CreatedAtUtc], [a].[District], [a].[IsDefault], [a].[Street], [a].[UpdatedAtUtc], [a].[UserId], [a].[Village]
FROM [Addresses] AS [a]
WHERE [a].[Id] = @__p_0
2025-06-10 19:42:01.921 +07:00 [INF] (Microsoft.EntityFrameworkCore.Database.Command) Executed DbCommand (1ms) [Parameters=[@__email_0='Admin' (Size = 450)], CommandType='"Text"', CommandTimeout='30']
SELECT [u1].[Id], [u1].[CreatedAtUtc], [u1].[Email], [u1].[FirstName], [u1].[IsActive], [u1].[LastName], [u1].[PasswordHash], [u1].[PhoneNumber], [u1].[UpdatedAtUtc], [u1].[UserName], [s].[UserId], [s].[RoleId], [s].[Id], [s].[CreatedAtUtc], [s].[Name], [s].[UpdatedAtUtc]
FROM (
    SELECT TOP(1) [u].[Id], [u].[CreatedAtUtc], [u].[Email], [u].[FirstName], [u].[IsActive], [u].[LastName], [u].[PasswordHash], [u].[PhoneNumber], [u].[UpdatedAtUtc], [u].[UserName]
    FROM [Users] AS [u]
    WHERE [u].[Email] = @__email_0
) AS [u1]
LEFT JOIN (
    SELECT [u0].[UserId], [u0].[RoleId], [r].[Id], [r].[CreatedAtUtc], [r].[Name], [r].[UpdatedAtUtc]
    FROM [UserRoles] AS [u0]
    INNER JOIN [Roles] AS [r] ON [u0].[RoleId] = [r].[Id]
) AS [s] ON [u1].[Id] = [s].[UserId]
ORDER BY [u1].[Id], [s].[UserId], [s].[RoleId]
2025-06-10 19:42:01.926 +07:00 [INF] (Microsoft.EntityFrameworkCore.Database.Command) Executed DbCommand (0ms) [Parameters=[@__username_0='Admin' (Size = 450)], CommandType='"Text"', CommandTimeout='30']
SELECT [u1].[Id], [u1].[CreatedAtUtc], [u1].[Email], [u1].[FirstName], [u1].[IsActive], [u1].[LastName], [u1].[PasswordHash], [u1].[PhoneNumber], [u1].[UpdatedAtUtc], [u1].[UserName], [s].[UserId], [s].[RoleId], [s].[Id], [s].[CreatedAtUtc], [s].[Name], [s].[UpdatedAtUtc]
FROM (
    SELECT TOP(1) [u].[Id], [u].[CreatedAtUtc], [u].[Email], [u].[FirstName], [u].[IsActive], [u].[LastName], [u].[PasswordHash], [u].[PhoneNumber], [u].[UpdatedAtUtc], [u].[UserName]
    FROM [Users] AS [u]
    WHERE [u].[UserName] = @__username_0
) AS [u1]
LEFT JOIN (
    SELECT [u0].[UserId], [u0].[RoleId], [r].[Id], [r].[CreatedAtUtc], [r].[Name], [r].[UpdatedAtUtc]
    FROM [UserRoles] AS [u0]
    INNER JOIN [Roles] AS [r] ON [u0].[RoleId] = [r].[Id]
) AS [s] ON [u1].[Id] = [s].[UserId]
ORDER BY [u1].[Id], [s].[UserId], [s].[RoleId]
2025-06-10 19:42:02.189 +07:00 [INF] (Microsoft.EntityFrameworkCore.Database.Command) Executed DbCommand (1ms) [Parameters=[@__userId_0='f54527eb-f806-40db-bf76-c7b0e5fa6d39'], CommandType='"Text"', CommandTimeout='30']
SELECT [r].[Name]
FROM [UserRoles] AS [u]
INNER JOIN [Roles] AS [r] ON [u].[RoleId] = [r].[Id]
WHERE [u].[UserId] = @__userId_0
2025-06-10 19:42:02.231 +07:00 [INF] (Microsoft.EntityFrameworkCore.Database.Command) Executed DbCommand (1ms) [Parameters=[@__p_0='7e47992a-64f4-459b-b1cb-c52f7dcc343f' (Nullable = true)], CommandType='"Text"', CommandTimeout='30']
SELECT TOP(1) [a].[Id], [a].[City], [a].[CreatedAtUtc], [a].[District], [a].[IsDefault], [a].[Street], [a].[UpdatedAtUtc], [a].[UserId], [a].[Village]
FROM [Addresses] AS [a]
WHERE [a].[Id] = @__p_0
2025-06-10 19:42:02.323 +07:00 [INF] (Microsoft.EntityFrameworkCore.Database.Command) Executed DbCommand (1ms) [Parameters=[@__p_0='e74482dc-77a9-4472-8278-5b01ccbebf87' (Nullable = true)], CommandType='"Text"', CommandTimeout='30']
SELECT TOP(1) [a].[Id], [a].[City], [a].[CreatedAtUtc], [a].[District], [a].[IsDefault], [a].[Street], [a].[UpdatedAtUtc], [a].[UserId], [a].[Village]
FROM [Addresses] AS [a]
WHERE [a].[Id] = @__p_0
2025-06-10 19:42:02.352 +07:00 [INF] (Microsoft.EntityFrameworkCore.Database.Command) Executed DbCommand (1ms) [Parameters=[@__email_0='Admin' (Size = 450)], CommandType='"Text"', CommandTimeout='30']
SELECT [u1].[Id], [u1].[CreatedAtUtc], [u1].[Email], [u1].[FirstName], [u1].[IsActive], [u1].[LastName], [u1].[PasswordHash], [u1].[PhoneNumber], [u1].[UpdatedAtUtc], [u1].[UserName], [s].[UserId], [s].[RoleId], [s].[Id], [s].[CreatedAtUtc], [s].[Name], [s].[UpdatedAtUtc]
FROM (
    SELECT TOP(1) [u].[Id], [u].[CreatedAtUtc], [u].[Email], [u].[FirstName], [u].[IsActive], [u].[LastName], [u].[PasswordHash], [u].[PhoneNumber], [u].[UpdatedAtUtc], [u].[UserName]
    FROM [Users] AS [u]
    WHERE [u].[Email] = @__email_0
) AS [u1]
LEFT JOIN (
    SELECT [u0].[UserId], [u0].[RoleId], [r].[Id], [r].[CreatedAtUtc], [r].[Name], [r].[UpdatedAtUtc]
    FROM [UserRoles] AS [u0]
    INNER JOIN [Roles] AS [r] ON [u0].[RoleId] = [r].[Id]
) AS [s] ON [u1].[Id] = [s].[UserId]
ORDER BY [u1].[Id], [s].[UserId], [s].[RoleId]
2025-06-10 19:42:02.357 +07:00 [INF] (Microsoft.EntityFrameworkCore.Database.Command) Executed DbCommand (0ms) [Parameters=[@__username_0='Admin' (Size = 450)], CommandType='"Text"', CommandTimeout='30']
SELECT [u1].[Id], [u1].[CreatedAtUtc], [u1].[Email], [u1].[FirstName], [u1].[IsActive], [u1].[LastName], [u1].[PasswordHash], [u1].[PhoneNumber], [u1].[UpdatedAtUtc], [u1].[UserName], [s].[UserId], [s].[RoleId], [s].[Id], [s].[CreatedAtUtc], [s].[Name], [s].[UpdatedAtUtc]
FROM (
    SELECT TOP(1) [u].[Id], [u].[CreatedAtUtc], [u].[Email], [u].[FirstName], [u].[IsActive], [u].[LastName], [u].[PasswordHash], [u].[PhoneNumber], [u].[UpdatedAtUtc], [u].[UserName]
    FROM [Users] AS [u]
    WHERE [u].[UserName] = @__username_0
) AS [u1]
LEFT JOIN (
    SELECT [u0].[UserId], [u0].[RoleId], [r].[Id], [r].[CreatedAtUtc], [r].[Name], [r].[UpdatedAtUtc]
    FROM [UserRoles] AS [u0]
    INNER JOIN [Roles] AS [r] ON [u0].[RoleId] = [r].[Id]
) AS [s] ON [u1].[Id] = [s].[UserId]
ORDER BY [u1].[Id], [s].[UserId], [s].[RoleId]
2025-06-10 19:42:02.617 +07:00 [INF] (Microsoft.EntityFrameworkCore.Database.Command) Executed DbCommand (0ms) [Parameters=[@__userId_0='f54527eb-f806-40db-bf76-c7b0e5fa6d39'], CommandType='"Text"', CommandTimeout='30']
SELECT [r].[Name]
FROM [UserRoles] AS [u]
INNER JOIN [Roles] AS [r] ON [u].[RoleId] = [r].[Id]
WHERE [u].[UserId] = @__userId_0
2025-06-10 19:42:02.688 +07:00 [INF] (Microsoft.EntityFrameworkCore.Database.Command) Executed DbCommand (0ms) [Parameters=[@__email_0='Admin' (Size = 450)], CommandType='"Text"', CommandTimeout='30']
SELECT [u1].[Id], [u1].[CreatedAtUtc], [u1].[Email], [u1].[FirstName], [u1].[IsActive], [u1].[LastName], [u1].[PasswordHash], [u1].[PhoneNumber], [u1].[UpdatedAtUtc], [u1].[UserName], [s].[UserId], [s].[RoleId], [s].[Id], [s].[CreatedAtUtc], [s].[Name], [s].[UpdatedAtUtc]
FROM (
    SELECT TOP(1) [u].[Id], [u].[CreatedAtUtc], [u].[Email], [u].[FirstName], [u].[IsActive], [u].[LastName], [u].[PasswordHash], [u].[PhoneNumber], [u].[UpdatedAtUtc], [u].[UserName]
    FROM [Users] AS [u]
    WHERE [u].[Email] = @__email_0
) AS [u1]
LEFT JOIN (
    SELECT [u0].[UserId], [u0].[RoleId], [r].[Id], [r].[CreatedAtUtc], [r].[Name], [r].[UpdatedAtUtc]
    FROM [UserRoles] AS [u0]
    INNER JOIN [Roles] AS [r] ON [u0].[RoleId] = [r].[Id]
) AS [s] ON [u1].[Id] = [s].[UserId]
ORDER BY [u1].[Id], [s].[UserId], [s].[RoleId]
2025-06-10 19:42:02.693 +07:00 [INF] (Microsoft.EntityFrameworkCore.Database.Command) Executed DbCommand (0ms) [Parameters=[@__username_0='Admin' (Size = 450)], CommandType='"Text"', CommandTimeout='30']
SELECT [u1].[Id], [u1].[CreatedAtUtc], [u1].[Email], [u1].[FirstName], [u1].[IsActive], [u1].[LastName], [u1].[PasswordHash], [u1].[PhoneNumber], [u1].[UpdatedAtUtc], [u1].[UserName], [s].[UserId], [s].[RoleId], [s].[Id], [s].[CreatedAtUtc], [s].[Name], [s].[UpdatedAtUtc]
FROM (
    SELECT TOP(1) [u].[Id], [u].[CreatedAtUtc], [u].[Email], [u].[FirstName], [u].[IsActive], [u].[LastName], [u].[PasswordHash], [u].[PhoneNumber], [u].[UpdatedAtUtc], [u].[UserName]
    FROM [Users] AS [u]
    WHERE [u].[UserName] = @__username_0
) AS [u1]
LEFT JOIN (
    SELECT [u0].[UserId], [u0].[RoleId], [r].[Id], [r].[CreatedAtUtc], [r].[Name], [r].[UpdatedAtUtc]
    FROM [UserRoles] AS [u0]
    INNER JOIN [Roles] AS [r] ON [u0].[RoleId] = [r].[Id]
) AS [s] ON [u1].[Id] = [s].[UserId]
ORDER BY [u1].[Id], [s].[UserId], [s].[RoleId]
2025-06-10 19:42:02.963 +07:00 [INF] (Microsoft.EntityFrameworkCore.Database.Command) Executed DbCommand (1ms) [Parameters=[@__userId_0='f54527eb-f806-40db-bf76-c7b0e5fa6d39'], CommandType='"Text"', CommandTimeout='30']
SELECT [r].[Name]
FROM [UserRoles] AS [u]
INNER JOIN [Roles] AS [r] ON [u].[RoleId] = [r].[Id]
WHERE [u].[UserId] = @__userId_0
2025-06-10 19:42:02.987 +07:00 [INF] (Bookstore.Application.Services.OrderService) Attempting to create online order for User: "f54527eb-f806-40db-bf76-c7b0e5fa6d39"
2025-06-10 19:42:02.994 +07:00 [INF] (Microsoft.EntityFrameworkCore.Database.Command) Executed DbCommand (4ms) [Parameters=[@__userId_0='f54527eb-f806-40db-bf76-c7b0e5fa6d39'], CommandType='"Text"', CommandTimeout='30']
SELECT [c].[UserId], [c].[BookId], [c].[CreatedAtUtc], [c].[Quantity], [c].[UpdatedAtUtc], [b0].[Id], [b0].[AuthorId], [b0].[CategoryId], [b0].[CoverImageUrl], [b0].[CreatedAtUtc], [b0].[Description], [b0].[ISBN], [b0].[IsDeleted], [b0].[Price], [b0].[PublicationYear], [b0].[Publisher], [b0].[StockQuantity], [b0].[Title], [b0].[UpdatedAtUtc], [a].[Id], [a].[Biography], [a].[CreatedAtUtc], [a].[Name], [a].[UpdatedAtUtc]
FROM [CartItems] AS [c]
INNER JOIN (
    SELECT [b].[Id], [b].[AuthorId], [b].[CategoryId], [b].[CoverImageUrl], [b].[CreatedAtUtc], [b].[Description], [b].[ISBN], [b].[IsDeleted], [b].[Price], [b].[PublicationYear], [b].[Publisher], [b].[StockQuantity], [b].[Title], [b].[UpdatedAtUtc]
    FROM [Books] AS [b]
    WHERE [b].[IsDeleted] = CAST(0 AS bit)
) AS [b0] ON [c].[BookId] = [b0].[Id]
LEFT JOIN [Authors] AS [a] ON [b0].[AuthorId] = [a].[Id]
WHERE [c].[UserId] = @__userId_0
ORDER BY [b0].[Title]
2025-06-10 19:42:03.120 +07:00 [INF] (Microsoft.EntityFrameworkCore.Database.Command) Executed DbCommand (0ms) [Parameters=[@__email_0='Admin' (Size = 450)], CommandType='"Text"', CommandTimeout='30']
SELECT [u1].[Id], [u1].[CreatedAtUtc], [u1].[Email], [u1].[FirstName], [u1].[IsActive], [u1].[LastName], [u1].[PasswordHash], [u1].[PhoneNumber], [u1].[UpdatedAtUtc], [u1].[UserName], [s].[UserId], [s].[RoleId], [s].[Id], [s].[CreatedAtUtc], [s].[Name], [s].[UpdatedAtUtc]
FROM (
    SELECT TOP(1) [u].[Id], [u].[CreatedAtUtc], [u].[Email], [u].[FirstName], [u].[IsActive], [u].[LastName], [u].[PasswordHash], [u].[PhoneNumber], [u].[UpdatedAtUtc], [u].[UserName]
    FROM [Users] AS [u]
    WHERE [u].[Email] = @__email_0
) AS [u1]
LEFT JOIN (
    SELECT [u0].[UserId], [u0].[RoleId], [r].[Id], [r].[CreatedAtUtc], [r].[Name], [r].[UpdatedAtUtc]
    FROM [UserRoles] AS [u0]
    INNER JOIN [Roles] AS [r] ON [u0].[RoleId] = [r].[Id]
) AS [s] ON [u1].[Id] = [s].[UserId]
ORDER BY [u1].[Id], [s].[UserId], [s].[RoleId]
2025-06-10 19:42:03.126 +07:00 [INF] (Microsoft.EntityFrameworkCore.Database.Command) Executed DbCommand (0ms) [Parameters=[@__username_0='Admin' (Size = 450)], CommandType='"Text"', CommandTimeout='30']
SELECT [u1].[Id], [u1].[CreatedAtUtc], [u1].[Email], [u1].[FirstName], [u1].[IsActive], [u1].[LastName], [u1].[PasswordHash], [u1].[PhoneNumber], [u1].[UpdatedAtUtc], [u1].[UserName], [s].[UserId], [s].[RoleId], [s].[Id], [s].[CreatedAtUtc], [s].[Name], [s].[UpdatedAtUtc]
FROM (
    SELECT TOP(1) [u].[Id], [u].[CreatedAtUtc], [u].[Email], [u].[FirstName], [u].[IsActive], [u].[LastName], [u].[PasswordHash], [u].[PhoneNumber], [u].[UpdatedAtUtc], [u].[UserName]
    FROM [Users] AS [u]
    WHERE [u].[UserName] = @__username_0
) AS [u1]
LEFT JOIN (
    SELECT [u0].[UserId], [u0].[RoleId], [r].[Id], [r].[CreatedAtUtc], [r].[Name], [r].[UpdatedAtUtc]
    FROM [UserRoles] AS [u0]
    INNER JOIN [Roles] AS [r] ON [u0].[RoleId] = [r].[Id]
) AS [s] ON [u1].[Id] = [s].[UserId]
ORDER BY [u1].[Id], [s].[UserId], [s].[RoleId]
2025-06-10 19:42:03.386 +07:00 [INF] (Microsoft.EntityFrameworkCore.Database.Command) Executed DbCommand (0ms) [Parameters=[@__userId_0='f54527eb-f806-40db-bf76-c7b0e5fa6d39'], CommandType='"Text"', CommandTimeout='30']
SELECT [r].[Name]
FROM [UserRoles] AS [u]
INNER JOIN [Roles] AS [r] ON [u].[RoleId] = [r].[Id]
WHERE [u].[UserId] = @__userId_0
2025-06-10 19:42:03.427 +07:00 [INF] (Bookstore.Application.Services.OrderService) Fetching orders for User: "f54527eb-f806-40db-bf76-c7b0e5fa6d39", Page: 1, PageSize: 10
2025-06-10 19:42:03.453 +07:00 [INF] (Microsoft.EntityFrameworkCore.Database.Command) Executed DbCommand (12ms) [Parameters=[@__userId_0='f54527eb-f806-40db-bf76-c7b0e5fa6d39' (Nullable = true), @__p_1='0', @__p_2='10'], CommandType='"Text"', CommandTimeout='30']
SELECT [o1].[Id], [o1].[CreatedAtUtc], [o1].[DeliveryMethod], [o1].[InvoiceNumber], [o1].[OrderDate], [o1].[OrderShippingAddressId], [o1].[OrderType], [o1].[PaymentMethod], [o1].[PaymentStatus], [o1].[Status], [o1].[TotalAmount], [o1].[TransactionId], [o1].[UpdatedAtUtc], [o1].[UserId], [o0].[Id], [o0].[BookId], [o0].[OrderId], [o0].[Quantity], [o0].[UnitPrice]
FROM (
    SELECT [o].[Id], [o].[CreatedAtUtc], [o].[DeliveryMethod], [o].[InvoiceNumber], [o].[OrderDate], [o].[OrderShippingAddressId], [o].[OrderType], [o].[PaymentMethod], [o].[PaymentStatus], [o].[Status], [o].[TotalAmount], [o].[TransactionId], [o].[UpdatedAtUtc], [o].[UserId]
    FROM [Orders] AS [o]
    WHERE [o].[UserId] = @__userId_0
    ORDER BY [o].[OrderDate] DESC
    OFFSET @__p_1 ROWS FETCH NEXT @__p_2 ROWS ONLY
) AS [o1]
LEFT JOIN [OrderDetails] AS [o0] ON [o1].[Id] = [o0].[OrderId]
ORDER BY [o1].[OrderDate] DESC, [o1].[Id]
2025-06-10 19:42:03.551 +07:00 [INF] (Bookstore.Application.Services.OrderService) Fetching order details "996ec456-b2e1-4683-b79f-7b3580d67d57" for User: "f54527eb-f806-40db-bf76-c7b0e5fa6d39"
2025-06-10 19:42:03.563 +07:00 [INF] (Microsoft.EntityFrameworkCore.Database.Command) Executed DbCommand (8ms) [Parameters=[@__orderId_0='996ec456-b2e1-4683-b79f-7b3580d67d57'], CommandType='"Text"', CommandTimeout='30']
SELECT [s].[Id], [s].[CreatedAtUtc], [s].[DeliveryMethod], [s].[InvoiceNumber], [s].[OrderDate], [s].[OrderShippingAddressId], [s].[OrderType], [s].[PaymentMethod], [s].[PaymentStatus], [s].[Status], [s].[TotalAmount], [s].[TransactionId], [s].[UpdatedAtUtc], [s].[UserId], [s].[Id0], [s].[CreatedAtUtc0], [s].[Email], [s].[FirstName], [s].[IsActive], [s].[LastName], [s].[PasswordHash], [s].[PhoneNumber], [s].[UpdatedAtUtc0], [s].[UserName], [s].[Id1], [s].[City], [s].[District], [s].[PhoneNumber0], [s].[RecipientName], [s].[Street], [s].[Village], [s0].[Id], [s0].[BookId], [s0].[OrderId], [s0].[Quantity], [s0].[UnitPrice], [s0].[Id0], [s0].[AuthorId], [s0].[CategoryId], [s0].[CoverImageUrl], [s0].[CreatedAtUtc], [s0].[Description], [s0].[ISBN], [s0].[IsDeleted], [s0].[Price], [s0].[PublicationYear], [s0].[Publisher], [s0].[StockQuantity], [s0].[Title], [s0].[UpdatedAtUtc], [s0].[Id1], [s0].[Biography], [s0].[CreatedAtUtc0], [s0].[Name], [s0].[UpdatedAtUtc0]
FROM (
    SELECT TOP(1) [o].[Id], [o].[CreatedAtUtc], [o].[DeliveryMethod], [o].[InvoiceNumber], [o].[OrderDate], [o].[OrderShippingAddressId], [o].[OrderType], [o].[PaymentMethod], [o].[PaymentStatus], [o].[Status], [o].[TotalAmount], [o].[TransactionId], [o].[UpdatedAtUtc], [o].[UserId], [u].[Id] AS [Id0], [u].[CreatedAtUtc] AS [CreatedAtUtc0], [u].[Email], [u].[FirstName], [u].[IsActive], [u].[LastName], [u].[PasswordHash], [u].[PhoneNumber], [u].[UpdatedAtUtc] AS [UpdatedAtUtc0], [u].[UserName], [o0].[Id] AS [Id1], [o0].[City], [o0].[District], [o0].[PhoneNumber] AS [PhoneNumber0], [o0].[RecipientName], [o0].[Street], [o0].[Village]
    FROM [Orders] AS [o]
    LEFT JOIN [Users] AS [u] ON [o].[UserId] = [u].[Id]
    LEFT JOIN [OrderShippingAddresses] AS [o0] ON [o].[OrderShippingAddressId] = [o0].[Id]
    WHERE [o].[Id] = @__orderId_0
) AS [s]
LEFT JOIN (
    SELECT [o1].[Id], [o1].[BookId], [o1].[OrderId], [o1].[Quantity], [o1].[UnitPrice], [b0].[Id] AS [Id0], [b0].[AuthorId], [b0].[CategoryId], [b0].[CoverImageUrl], [b0].[CreatedAtUtc], [b0].[Description], [b0].[ISBN], [b0].[IsDeleted], [b0].[Price], [b0].[PublicationYear], [b0].[Publisher], [b0].[StockQuantity], [b0].[Title], [b0].[UpdatedAtUtc], [a].[Id] AS [Id1], [a].[Biography], [a].[CreatedAtUtc] AS [CreatedAtUtc0], [a].[Name], [a].[UpdatedAtUtc] AS [UpdatedAtUtc0]
    FROM [OrderDetails] AS [o1]
    INNER JOIN (
        SELECT [b].[Id], [b].[AuthorId], [b].[CategoryId], [b].[CoverImageUrl], [b].[CreatedAtUtc], [b].[Description], [b].[ISBN], [b].[IsDeleted], [b].[Price], [b].[PublicationYear], [b].[Publisher], [b].[StockQuantity], [b].[Title], [b].[UpdatedAtUtc]
        FROM [Books] AS [b]
        WHERE [b].[IsDeleted] = CAST(0 AS bit)
    ) AS [b0] ON [o1].[BookId] = [b0].[Id]
    LEFT JOIN [Authors] AS [a] ON [b0].[AuthorId] = [a].[Id]
) AS [s0] ON [s].[Id] = [s0].[OrderId]
ORDER BY [s].[Id], [s].[Id0], [s].[Id1], [s0].[Id], [s0].[Id0]
2025-06-10 19:42:03.612 +07:00 [INF] (Microsoft.EntityFrameworkCore.Database.Command) Executed DbCommand (1ms) [Parameters=[@__email_0='Admin' (Size = 450)], CommandType='"Text"', CommandTimeout='30']
SELECT [u1].[Id], [u1].[CreatedAtUtc], [u1].[Email], [u1].[FirstName], [u1].[IsActive], [u1].[LastName], [u1].[PasswordHash], [u1].[PhoneNumber], [u1].[UpdatedAtUtc], [u1].[UserName], [s].[UserId], [s].[RoleId], [s].[Id], [s].[CreatedAtUtc], [s].[Name], [s].[UpdatedAtUtc]
FROM (
    SELECT TOP(1) [u].[Id], [u].[CreatedAtUtc], [u].[Email], [u].[FirstName], [u].[IsActive], [u].[LastName], [u].[PasswordHash], [u].[PhoneNumber], [u].[UpdatedAtUtc], [u].[UserName]
    FROM [Users] AS [u]
    WHERE [u].[Email] = @__email_0
) AS [u1]
LEFT JOIN (
    SELECT [u0].[UserId], [u0].[RoleId], [r].[Id], [r].[CreatedAtUtc], [r].[Name], [r].[UpdatedAtUtc]
    FROM [UserRoles] AS [u0]
    INNER JOIN [Roles] AS [r] ON [u0].[RoleId] = [r].[Id]
) AS [s] ON [u1].[Id] = [s].[UserId]
ORDER BY [u1].[Id], [s].[UserId], [s].[RoleId]
2025-06-10 19:42:03.617 +07:00 [INF] (Microsoft.EntityFrameworkCore.Database.Command) Executed DbCommand (0ms) [Parameters=[@__username_0='Admin' (Size = 450)], CommandType='"Text"', CommandTimeout='30']
SELECT [u1].[Id], [u1].[CreatedAtUtc], [u1].[Email], [u1].[FirstName], [u1].[IsActive], [u1].[LastName], [u1].[PasswordHash], [u1].[PhoneNumber], [u1].[UpdatedAtUtc], [u1].[UserName], [s].[UserId], [s].[RoleId], [s].[Id], [s].[CreatedAtUtc], [s].[Name], [s].[UpdatedAtUtc]
FROM (
    SELECT TOP(1) [u].[Id], [u].[CreatedAtUtc], [u].[Email], [u].[FirstName], [u].[IsActive], [u].[LastName], [u].[PasswordHash], [u].[PhoneNumber], [u].[UpdatedAtUtc], [u].[UserName]
    FROM [Users] AS [u]
    WHERE [u].[UserName] = @__username_0
) AS [u1]
LEFT JOIN (
    SELECT [u0].[UserId], [u0].[RoleId], [r].[Id], [r].[CreatedAtUtc], [r].[Name], [r].[UpdatedAtUtc]
    FROM [UserRoles] AS [u0]
    INNER JOIN [Roles] AS [r] ON [u0].[RoleId] = [r].[Id]
) AS [s] ON [u1].[Id] = [s].[UserId]
ORDER BY [u1].[Id], [s].[UserId], [s].[RoleId]
2025-06-10 19:42:03.882 +07:00 [INF] (Microsoft.EntityFrameworkCore.Database.Command) Executed DbCommand (0ms) [Parameters=[@__userId_0='f54527eb-f806-40db-bf76-c7b0e5fa6d39'], CommandType='"Text"', CommandTimeout='30']
SELECT [r].[Name]
FROM [UserRoles] AS [u]
INNER JOIN [Roles] AS [r] ON [u].[RoleId] = [r].[Id]
WHERE [u].[UserId] = @__userId_0
2025-06-10 19:42:03.925 +07:00 [INF] (Microsoft.EntityFrameworkCore.Database.Command) Executed DbCommand (4ms) [Parameters=[@__bookId_0='c4cb8bfe-27d9-4f95-8a54-021c394455a7', @__p_1='0', @__p_2='10'], CommandType='"Text"', CommandTimeout='30']
SELECT [r0].[Id], [r0].[BookId], [r0].[Comment], [r0].[CreatedAtUtc], [r0].[IsApproved], [r0].[Rating], [r0].[UpdatedAtUtc], [r0].[UserId], [u].[Id], [u].[CreatedAtUtc], [u].[Email], [u].[FirstName], [u].[IsActive], [u].[LastName], [u].[PasswordHash], [u].[PhoneNumber], [u].[UpdatedAtUtc], [u].[UserName]
FROM (
    SELECT [r].[Id], [r].[BookId], [r].[Comment], [r].[CreatedAtUtc], [r].[IsApproved], [r].[Rating], [r].[UpdatedAtUtc], [r].[UserId]
    FROM [Review] AS [r]
    WHERE [r].[BookId] = @__bookId_0 AND [r].[IsApproved] = CAST(1 AS bit)
    ORDER BY [r].[CreatedAtUtc] DESC
    OFFSET @__p_1 ROWS FETCH NEXT @__p_2 ROWS ONLY
) AS [r0]
INNER JOIN [Users] AS [u] ON [r0].[UserId] = [u].[Id]
ORDER BY [r0].[CreatedAtUtc] DESC
2025-06-10 19:42:03.973 +07:00 [INF] (Microsoft.EntityFrameworkCore.Database.Command) Executed DbCommand (0ms) [Parameters=[@__email_0='Admin' (Size = 450)], CommandType='"Text"', CommandTimeout='30']
SELECT [u1].[Id], [u1].[CreatedAtUtc], [u1].[Email], [u1].[FirstName], [u1].[IsActive], [u1].[LastName], [u1].[PasswordHash], [u1].[PhoneNumber], [u1].[UpdatedAtUtc], [u1].[UserName], [s].[UserId], [s].[RoleId], [s].[Id], [s].[CreatedAtUtc], [s].[Name], [s].[UpdatedAtUtc]
FROM (
    SELECT TOP(1) [u].[Id], [u].[CreatedAtUtc], [u].[Email], [u].[FirstName], [u].[IsActive], [u].[LastName], [u].[PasswordHash], [u].[PhoneNumber], [u].[UpdatedAtUtc], [u].[UserName]
    FROM [Users] AS [u]
    WHERE [u].[Email] = @__email_0
) AS [u1]
LEFT JOIN (
    SELECT [u0].[UserId], [u0].[RoleId], [r].[Id], [r].[CreatedAtUtc], [r].[Name], [r].[UpdatedAtUtc]
    FROM [UserRoles] AS [u0]
    INNER JOIN [Roles] AS [r] ON [u0].[RoleId] = [r].[Id]
) AS [s] ON [u1].[Id] = [s].[UserId]
ORDER BY [u1].[Id], [s].[UserId], [s].[RoleId]
2025-06-10 19:42:03.979 +07:00 [INF] (Microsoft.EntityFrameworkCore.Database.Command) Executed DbCommand (0ms) [Parameters=[@__username_0='Admin' (Size = 450)], CommandType='"Text"', CommandTimeout='30']
SELECT [u1].[Id], [u1].[CreatedAtUtc], [u1].[Email], [u1].[FirstName], [u1].[IsActive], [u1].[LastName], [u1].[PasswordHash], [u1].[PhoneNumber], [u1].[UpdatedAtUtc], [u1].[UserName], [s].[UserId], [s].[RoleId], [s].[Id], [s].[CreatedAtUtc], [s].[Name], [s].[UpdatedAtUtc]
FROM (
    SELECT TOP(1) [u].[Id], [u].[CreatedAtUtc], [u].[Email], [u].[FirstName], [u].[IsActive], [u].[LastName], [u].[PasswordHash], [u].[PhoneNumber], [u].[UpdatedAtUtc], [u].[UserName]
    FROM [Users] AS [u]
    WHERE [u].[UserName] = @__username_0
) AS [u1]
LEFT JOIN (
    SELECT [u0].[UserId], [u0].[RoleId], [r].[Id], [r].[CreatedAtUtc], [r].[Name], [r].[UpdatedAtUtc]
    FROM [UserRoles] AS [u0]
    INNER JOIN [Roles] AS [r] ON [u0].[RoleId] = [r].[Id]
) AS [s] ON [u1].[Id] = [s].[UserId]
ORDER BY [u1].[Id], [s].[UserId], [s].[RoleId]
2025-06-10 19:42:04.239 +07:00 [INF] (Microsoft.EntityFrameworkCore.Database.Command) Executed DbCommand (1ms) [Parameters=[@__userId_0='f54527eb-f806-40db-bf76-c7b0e5fa6d39'], CommandType='"Text"', CommandTimeout='30']
SELECT [r].[Name]
FROM [UserRoles] AS [u]
INNER JOIN [Roles] AS [r] ON [u].[RoleId] = [r].[Id]
WHERE [u].[UserId] = @__userId_0
2025-06-10 19:42:04.288 +07:00 [INF] (Bookstore.Application.Services.ReviewService) User "f54527eb-f806-40db-bf76-c7b0e5fa6d39" attempting to add review for Book "c4cb8bfe-27d9-4f95-8a54-021c394455a7"
2025-06-10 19:42:04.292 +07:00 [INF] (Microsoft.EntityFrameworkCore.Database.Command) Executed DbCommand (1ms) [Parameters=[@__p_0='c4cb8bfe-27d9-4f95-8a54-021c394455a7' (Nullable = true)], CommandType='"Text"', CommandTimeout='30']
SELECT TOP(1) [b].[Id], [b].[AuthorId], [b].[CategoryId], [b].[CoverImageUrl], [b].[CreatedAtUtc], [b].[Description], [b].[ISBN], [b].[IsDeleted], [b].[Price], [b].[PublicationYear], [b].[Publisher], [b].[StockQuantity], [b].[Title], [b].[UpdatedAtUtc]
FROM [Books] AS [b]
WHERE [b].[IsDeleted] = CAST(0 AS bit) AND [b].[Id] = @__p_0
2025-06-10 19:42:04.459 +07:00 [INF] (Bookstore.Application.Services.DashboardService) Fetching home dashboard data.
2025-06-10 19:42:04.471 +07:00 [INF] (Microsoft.EntityFrameworkCore.Database.Command) Executed DbCommand (3ms) [Parameters=[], CommandType='"Text"', CommandTimeout='30']
SELECT [b].[Id], [b].[AuthorId], [b].[CategoryId], [b].[CoverImageUrl], [b].[CreatedAtUtc], [b].[Description], [b].[ISBN], [b].[IsDeleted], [b].[Price], [b].[PublicationYear], [b].[Publisher], [b].[StockQuantity], [b].[Title], [b].[UpdatedAtUtc], [a].[Id], [a].[Biography], [a].[CreatedAtUtc], [a].[Name], [a].[UpdatedAtUtc]
FROM [Books] AS [b]
LEFT JOIN [Authors] AS [a] ON [b].[AuthorId] = [a].[Id]
WHERE [b].[IsDeleted] = CAST(0 AS bit)
ORDER BY [b].[CreatedAtUtc] DESC
2025-06-10 19:42:04.477 +07:00 [INF] (Bookstore.Application.Services.DashboardService) Fetched 11 newest books.
2025-06-10 19:42:04.486 +07:00 [INF] (Microsoft.EntityFrameworkCore.Database.Command) Executed DbCommand (6ms) [Parameters=[@__p_2='5', @__inclusiveStartDate_0='2025-05-11T00:00:00.0000000Z', @__inclusiveEndDate_1='2025-06-11T00:00:00.0000000Z'], CommandType='"Text"', CommandTimeout='30']
SELECT [s].[BookId], [b2].[Title] AS [BookTitle], [s].[TotalQuantitySold]
FROM (
    SELECT TOP(@__p_2) [o].[BookId], COALESCE(SUM([o].[Quantity]), 0) AS [TotalQuantitySold]
    FROM [OrderDetails] AS [o]
    INNER JOIN [Orders] AS [o0] ON [o].[OrderId] = [o0].[Id]
    INNER JOIN (
        SELECT [b].[Id], [b].[IsDeleted]
        FROM [Books] AS [b]
        WHERE [b].[IsDeleted] = CAST(0 AS bit)
    ) AS [b0] ON [o].[BookId] = [b0].[Id]
    WHERE [o0].[Status] = CAST(3 AS tinyint) AND [o0].[OrderDate] >= @__inclusiveStartDate_0 AND [o0].[OrderDate] < @__inclusiveEndDate_1 AND [b0].[IsDeleted] = CAST(0 AS bit)
    GROUP BY [o].[BookId]
    ORDER BY COALESCE(SUM([o].[Quantity]), 0) DESC
) AS [s]
INNER JOIN (
    SELECT [b1].[Id], [b1].[Title]
    FROM [Books] AS [b1]
    WHERE [b1].[IsDeleted] = CAST(0 AS bit)
) AS [b2] ON [s].[BookId] = [b2].[Id]
ORDER BY [s].[TotalQuantitySold] DESC
2025-06-10 19:42:04.533 +07:00 [INF] (Microsoft.EntityFrameworkCore.Database.Command) Executed DbCommand (6ms) [Parameters=[@__bestsellerBookIds_0='["c191919e-e763-4e03-9e2b-24d944f4d401","5d8fc980-abf3-49f8-a735-92c402be0cbe","1ed59d04-83f1-4624-8739-3de94c30e54b","6d858026-d70a-4441-8837-01f8d972cb26","6c50f852-d8c7-4ef9-a26a-c9d292ef9108"]' (Size = 4000)], CommandType='"Text"', CommandTimeout='30']
SELECT [b].[Id], [b].[AuthorId], [b].[CategoryId], [b].[CoverImageUrl], [b].[CreatedAtUtc], [b].[Description], [b].[ISBN], [b].[IsDeleted], [b].[Price], [b].[PublicationYear], [b].[Publisher], [b].[StockQuantity], [b].[Title], [b].[UpdatedAtUtc], [a].[Id], [a].[Biography], [a].[CreatedAtUtc], [a].[Name], [a].[UpdatedAtUtc]
FROM [Books] AS [b]
LEFT JOIN [Authors] AS [a] ON [b].[AuthorId] = [a].[Id]
WHERE [b].[IsDeleted] = CAST(0 AS bit) AND [b].[Id] IN (
    SELECT [b0].[value]
    FROM OPENJSON(@__bestsellerBookIds_0) WITH ([value] uniqueidentifier '$') AS [b0]
) AND [b].[IsDeleted] = CAST(0 AS bit)
2025-06-10 19:42:04.542 +07:00 [INF] (Bookstore.Application.Services.DashboardService) Fetched 5 bestselling books.
2025-06-10 19:42:04.554 +07:00 [INF] (Microsoft.EntityFrameworkCore.Database.Command) Executed DbCommand (4ms) [Parameters=[@__currentDate_0='2025-06-10T12:42:04.5446182Z', @__currentDate_1='2025-06-10T12:42:04.5446182Z' (Nullable = true)], CommandType='"Text"', CommandTimeout='30']
SELECT [p].[Id], [p].[Code], [p].[CreatedAtUtc], [p].[CurrentUsage], [p].[Description], [p].[DiscountAmount], [p].[DiscountPercentage], [p].[EndDate], [p].[IsActive], [p].[MaxUsage], [p].[StartDate], [p].[UpdatedAtUtc]
FROM [Promotions] AS [p]
WHERE [p].[IsActive] = CAST(1 AS bit) AND [p].[StartDate] <= @__currentDate_0 AND ([p].[EndDate] IS NULL OR [p].[EndDate] >= @__currentDate_1) AND ([p].[MaxUsage] IS NULL OR [p].[CurrentUsage] < [p].[MaxUsage])
ORDER BY [p].[EndDate]
2025-06-10 19:42:04.568 +07:00 [INF] (Microsoft.EntityFrameworkCore.Database.Command) Executed DbCommand (4ms) [Parameters=[], CommandType='"Text"', CommandTimeout='30']
SELECT [c].[Id], [c].[CreatedAtUtc], [c].[Description], [c].[IsDeleted], [c].[Name], [c].[ParentCategoryId], [c].[UpdatedAtUtc]
FROM [Categories] AS [c]
WHERE [c].[IsDeleted] = CAST(0 AS bit) AND [c].[ParentCategoryId] IS NULL AND [c].[IsDeleted] = CAST(0 AS bit)
ORDER BY [c].[Name]
2025-06-10 19:42:04.572 +07:00 [INF] (Bookstore.Application.Services.DashboardService) Successfully fetched home dashboard data.
2025-06-10 19:42:04.657 +07:00 [INF] (Bookstore.Application.Services.AuthorService) Fetching all authors. Page: 1, PageSize: 10, Search: null
2025-06-10 19:42:04.667 +07:00 [INF] (Microsoft.EntityFrameworkCore.Database.Command) Executed DbCommand (1ms) [Parameters=[@__p_0='0', @__p_1='10'], CommandType='"Text"', CommandTimeout='30']
SELECT [a].[Id], [a].[Biography], [a].[CreatedAtUtc], [a].[Name], [a].[UpdatedAtUtc]
FROM [Authors] AS [a]
ORDER BY [a].[Name]
OFFSET @__p_0 ROWS FETCH NEXT @__p_1 ROWS ONLY
2025-06-10 19:42:04.735 +07:00 [INF] (Bookstore.Application.Services.AuthorService) Fetching author with Id "e5f6a1b2-c3d4-4e5f-8a6b-5c4d5e6f7a8b"
2025-06-10 19:42:04.738 +07:00 [INF] (Microsoft.EntityFrameworkCore.Database.Command) Executed DbCommand (1ms) [Parameters=[@__p_0='e5f6a1b2-c3d4-4e5f-8a6b-5c4d5e6f7a8b' (Nullable = true)], CommandType='"Text"', CommandTimeout='30']
SELECT TOP(1) [a].[Id], [a].[Biography], [a].[CreatedAtUtc], [a].[Name], [a].[UpdatedAtUtc]
FROM [Authors] AS [a]
WHERE [a].[Id] = @__p_0
