2025-06-11 10:50:56.946 +07:00 [WRN] (Microsoft.AspNetCore.StaticFiles.StaticFileMiddleware) The WebRootPath was not found: C:\Users\Nguyn\Desktop\Đồ án tốt nghiệp\BookStoreManagement\src\Bookstore.Api\wwwroot. Static files may be unavailable.
2025-06-11 10:50:57.118 +07:00 [INF] (Microsoft.Hosting.Lifetime) Now listening on: https://localhost:7264
2025-06-11 10:50:57.120 +07:00 [INF] (Microsoft.Hosting.Lifetime) Now listening on: http://localhost:5244
2025-06-11 10:50:57.224 +07:00 [INF] (Microsoft.Hosting.Lifetime) Application started. Press Ctrl+C to shut down.
2025-06-11 10:50:57.226 +07:00 [INF] (Microsoft.Hosting.Lifetime) Hosting environment: Development
2025-06-11 10:50:57.228 +07:00 [INF] (Microsoft.Hosting.Lifetime) Content root path: C:\Users\Nguyn\Desktop\Đồ án tốt nghiệp\BookStoreManagement\src\Bookstore.Api
2025-06-11 10:52:41.460 +07:00 [INF] (Bookstore.Application.Services.DashboardService) Fetching home dashboard data.
2025-06-11 10:52:42.620 +07:00 [WRN] (Microsoft.EntityFrameworkCore.Model) No instantiatable types implementing `IEntityTypeConfiguration` were found while while scanning assembly 'Bookstore.Infrastructure, Version=1.0.0.0, Culture=neutral, PublicKeyToken=null'.
2025-06-11 10:52:42.734 +07:00 [WRN] (Microsoft.EntityFrameworkCore.Model.Validation) Entity 'Book' has a global query filter defined and is the required end of a relationship with the entity 'CartItem'. This may lead to unexpected results when the required entity is filtered out. Either configure the navigation as optional, or define matching query filters for both entities in the navigation. See https://go.microsoft.com/fwlink/?linkid=2131316 for more information.
2025-06-11 10:52:42.737 +07:00 [WRN] (Microsoft.EntityFrameworkCore.Model.Validation) Entity 'Book' has a global query filter defined and is the required end of a relationship with the entity 'InventoryLog'. This may lead to unexpected results when the required entity is filtered out. Either configure the navigation as optional, or define matching query filters for both entities in the navigation. See https://go.microsoft.com/fwlink/?linkid=2131316 for more information.
2025-06-11 10:52:42.739 +07:00 [WRN] (Microsoft.EntityFrameworkCore.Model.Validation) Entity 'Book' has a global query filter defined and is the required end of a relationship with the entity 'OrderDetail'. This may lead to unexpected results when the required entity is filtered out. Either configure the navigation as optional, or define matching query filters for both entities in the navigation. See https://go.microsoft.com/fwlink/?linkid=2131316 for more information.
2025-06-11 10:52:42.741 +07:00 [WRN] (Microsoft.EntityFrameworkCore.Model.Validation) Entity 'Book' has a global query filter defined and is the required end of a relationship with the entity 'Review'. This may lead to unexpected results when the required entity is filtered out. Either configure the navigation as optional, or define matching query filters for both entities in the navigation. See https://go.microsoft.com/fwlink/?linkid=2131316 for more information.
2025-06-11 10:52:42.743 +07:00 [WRN] (Microsoft.EntityFrameworkCore.Model.Validation) Entity 'Book' has a global query filter defined and is the required end of a relationship with the entity 'StockReceiptDetail'. This may lead to unexpected results when the required entity is filtered out. Either configure the navigation as optional, or define matching query filters for both entities in the navigation. See https://go.microsoft.com/fwlink/?linkid=2131316 for more information.
2025-06-11 10:52:42.746 +07:00 [WRN] (Microsoft.EntityFrameworkCore.Model.Validation) Entity 'Book' has a global query filter defined and is the required end of a relationship with the entity 'WishlistItem'. This may lead to unexpected results when the required entity is filtered out. Either configure the navigation as optional, or define matching query filters for both entities in the navigation. See https://go.microsoft.com/fwlink/?linkid=2131316 for more information.
2025-06-11 10:52:42.755 +07:00 [WRN] (Microsoft.EntityFrameworkCore.Model.Validation) Sensitive data logging is enabled. Log entries and exception messages may include sensitive application data; this mode should only be enabled during development.
2025-06-11 10:52:43.916 +07:00 [INF] (Microsoft.EntityFrameworkCore.Database.Command) Executed DbCommand (54ms) [Parameters=[], CommandType='"Text"', CommandTimeout='30']
SELECT [b].[Id], [b].[AuthorId], [b].[CategoryId], [b].[CoverImageUrl], [b].[CreatedAtUtc], [b].[Description], [b].[ISBN], [b].[IsDeleted], [b].[Price], [b].[PublicationYear], [b].[Publisher], [b].[StockQuantity], [b].[Title], [b].[UpdatedAtUtc], [a].[Id], [a].[Biography], [a].[CreatedAtUtc], [a].[Name], [a].[UpdatedAtUtc]
FROM [Books] AS [b]
LEFT JOIN [Authors] AS [a] ON [b].[AuthorId] = [a].[Id]
WHERE [b].[IsDeleted] = CAST(0 AS bit)
ORDER BY [b].[CreatedAtUtc] DESC
2025-06-11 10:52:43.975 +07:00 [INF] (Bookstore.Application.Services.DashboardService) Fetched 11 newest books.
2025-06-11 10:52:44.171 +07:00 [INF] (Microsoft.EntityFrameworkCore.Database.Command) Executed DbCommand (104ms) [Parameters=[@__p_2='5', @__inclusiveStartDate_0='2025-05-12T00:00:00.0000000Z', @__inclusiveEndDate_1='2025-06-12T00:00:00.0000000Z'], CommandType='"Text"', CommandTimeout='30']
SELECT [s].[BookId], [b2].[Title] AS [BookTitle], [s].[TotalQuantitySold]
FROM (
    SELECT TOP(@__p_2) [o].[BookId], COALESCE(SUM([o].[Quantity]), 0) AS [TotalQuantitySold]
    FROM [OrderDetails] AS [o]
    INNER JOIN [Orders] AS [o0] ON [o].[OrderId] = [o0].[Id]
    INNER JOIN (
        SELECT [b].[Id], [b].[IsDeleted]
        FROM [Books] AS [b]
        WHERE [b].[IsDeleted] = CAST(0 AS bit)
    ) AS [b0] ON [o].[BookId] = [b0].[Id]
    WHERE [o0].[Status] = CAST(3 AS tinyint) AND [o0].[OrderDate] >= @__inclusiveStartDate_0 AND [o0].[OrderDate] < @__inclusiveEndDate_1 AND [b0].[IsDeleted] = CAST(0 AS bit)
    GROUP BY [o].[BookId]
    ORDER BY COALESCE(SUM([o].[Quantity]), 0) DESC
) AS [s]
INNER JOIN (
    SELECT [b1].[Id], [b1].[Title]
    FROM [Books] AS [b1]
    WHERE [b1].[IsDeleted] = CAST(0 AS bit)
) AS [b2] ON [s].[BookId] = [b2].[Id]
ORDER BY [s].[TotalQuantitySold] DESC
2025-06-11 10:52:44.242 +07:00 [INF] (Microsoft.EntityFrameworkCore.Database.Command) Executed DbCommand (7ms) [Parameters=[@__bestsellerBookIds_0='["c191919e-e763-4e03-9e2b-24d944f4d401","5d8fc980-abf3-49f8-a735-92c402be0cbe","1ed59d04-83f1-4624-8739-3de94c30e54b","6d858026-d70a-4441-8837-01f8d972cb26","6c50f852-d8c7-4ef9-a26a-c9d292ef9108"]' (Size = 4000)], CommandType='"Text"', CommandTimeout='30']
SELECT [b].[Id], [b].[AuthorId], [b].[CategoryId], [b].[CoverImageUrl], [b].[CreatedAtUtc], [b].[Description], [b].[ISBN], [b].[IsDeleted], [b].[Price], [b].[PublicationYear], [b].[Publisher], [b].[StockQuantity], [b].[Title], [b].[UpdatedAtUtc], [a].[Id], [a].[Biography], [a].[CreatedAtUtc], [a].[Name], [a].[UpdatedAtUtc]
FROM [Books] AS [b]
LEFT JOIN [Authors] AS [a] ON [b].[AuthorId] = [a].[Id]
WHERE [b].[IsDeleted] = CAST(0 AS bit) AND [b].[Id] IN (
    SELECT [b0].[value]
    FROM OPENJSON(@__bestsellerBookIds_0) WITH ([value] uniqueidentifier '$') AS [b0]
) AND [b].[IsDeleted] = CAST(0 AS bit)
2025-06-11 10:52:44.251 +07:00 [INF] (Bookstore.Application.Services.DashboardService) Fetched 5 bestselling books.
2025-06-11 10:52:44.268 +07:00 [INF] (Microsoft.EntityFrameworkCore.Database.Command) Executed DbCommand (5ms) [Parameters=[@__currentDate_0='2025-06-11T03:52:44.2543367Z', @__currentDate_1='2025-06-11T03:52:44.2543367Z' (Nullable = true)], CommandType='"Text"', CommandTimeout='30']
SELECT [p].[Id], [p].[Code], [p].[CreatedAtUtc], [p].[CurrentUsage], [p].[Description], [p].[DiscountAmount], [p].[DiscountPercentage], [p].[EndDate], [p].[IsActive], [p].[MaxUsage], [p].[StartDate], [p].[UpdatedAtUtc]
FROM [Promotions] AS [p]
WHERE [p].[IsActive] = CAST(1 AS bit) AND [p].[StartDate] <= @__currentDate_0 AND ([p].[EndDate] IS NULL OR [p].[EndDate] >= @__currentDate_1) AND ([p].[MaxUsage] IS NULL OR [p].[CurrentUsage] < [p].[MaxUsage])
ORDER BY [p].[EndDate]
2025-06-11 10:52:44.284 +07:00 [INF] (Microsoft.EntityFrameworkCore.Database.Command) Executed DbCommand (3ms) [Parameters=[], CommandType='"Text"', CommandTimeout='30']
SELECT [c].[Id], [c].[CreatedAtUtc], [c].[Description], [c].[IsDeleted], [c].[Name], [c].[ParentCategoryId], [c].[UpdatedAtUtc]
FROM [Categories] AS [c]
WHERE [c].[IsDeleted] = CAST(0 AS bit) AND [c].[ParentCategoryId] IS NULL AND [c].[IsDeleted] = CAST(0 AS bit)
ORDER BY [c].[Name]
2025-06-11 10:52:44.291 +07:00 [INF] (Bookstore.Application.Services.DashboardService) Successfully fetched home dashboard data.
2025-06-11 10:53:17.646 +07:00 [INF] (Bookstore.Application.Services.DashboardService) Fetching home dashboard data.
2025-06-11 10:53:17.702 +07:00 [INF] (Microsoft.EntityFrameworkCore.Database.Command) Executed DbCommand (9ms) [Parameters=[], CommandType='"Text"', CommandTimeout='30']
SELECT [b].[Id], [b].[AuthorId], [b].[CategoryId], [b].[CoverImageUrl], [b].[CreatedAtUtc], [b].[Description], [b].[ISBN], [b].[IsDeleted], [b].[Price], [b].[PublicationYear], [b].[Publisher], [b].[StockQuantity], [b].[Title], [b].[UpdatedAtUtc], [a].[Id], [a].[Biography], [a].[CreatedAtUtc], [a].[Name], [a].[UpdatedAtUtc]
FROM [Books] AS [b]
LEFT JOIN [Authors] AS [a] ON [b].[AuthorId] = [a].[Id]
WHERE [b].[IsDeleted] = CAST(0 AS bit)
ORDER BY [b].[CreatedAtUtc] DESC
2025-06-11 10:53:17.706 +07:00 [INF] (Bookstore.Application.Services.DashboardService) Fetched 11 newest books.
2025-06-11 10:53:17.718 +07:00 [INF] (Microsoft.EntityFrameworkCore.Database.Command) Executed DbCommand (9ms) [Parameters=[@__p_2='5', @__inclusiveStartDate_0='2025-05-12T00:00:00.0000000Z', @__inclusiveEndDate_1='2025-06-12T00:00:00.0000000Z'], CommandType='"Text"', CommandTimeout='30']
SELECT [s].[BookId], [b2].[Title] AS [BookTitle], [s].[TotalQuantitySold]
FROM (
    SELECT TOP(@__p_2) [o].[BookId], COALESCE(SUM([o].[Quantity]), 0) AS [TotalQuantitySold]
    FROM [OrderDetails] AS [o]
    INNER JOIN [Orders] AS [o0] ON [o].[OrderId] = [o0].[Id]
    INNER JOIN (
        SELECT [b].[Id], [b].[IsDeleted]
        FROM [Books] AS [b]
        WHERE [b].[IsDeleted] = CAST(0 AS bit)
    ) AS [b0] ON [o].[BookId] = [b0].[Id]
    WHERE [o0].[Status] = CAST(3 AS tinyint) AND [o0].[OrderDate] >= @__inclusiveStartDate_0 AND [o0].[OrderDate] < @__inclusiveEndDate_1 AND [b0].[IsDeleted] = CAST(0 AS bit)
    GROUP BY [o].[BookId]
    ORDER BY COALESCE(SUM([o].[Quantity]), 0) DESC
) AS [s]
INNER JOIN (
    SELECT [b1].[Id], [b1].[Title]
    FROM [Books] AS [b1]
    WHERE [b1].[IsDeleted] = CAST(0 AS bit)
) AS [b2] ON [s].[BookId] = [b2].[Id]
ORDER BY [s].[TotalQuantitySold] DESC
2025-06-11 10:53:17.728 +07:00 [INF] (Microsoft.EntityFrameworkCore.Database.Command) Executed DbCommand (5ms) [Parameters=[@__bestsellerBookIds_0='["c191919e-e763-4e03-9e2b-24d944f4d401","5d8fc980-abf3-49f8-a735-92c402be0cbe","1ed59d04-83f1-4624-8739-3de94c30e54b","6d858026-d70a-4441-8837-01f8d972cb26","6c50f852-d8c7-4ef9-a26a-c9d292ef9108"]' (Size = 4000)], CommandType='"Text"', CommandTimeout='30']
SELECT [b].[Id], [b].[AuthorId], [b].[CategoryId], [b].[CoverImageUrl], [b].[CreatedAtUtc], [b].[Description], [b].[ISBN], [b].[IsDeleted], [b].[Price], [b].[PublicationYear], [b].[Publisher], [b].[StockQuantity], [b].[Title], [b].[UpdatedAtUtc], [a].[Id], [a].[Biography], [a].[CreatedAtUtc], [a].[Name], [a].[UpdatedAtUtc]
FROM [Books] AS [b]
LEFT JOIN [Authors] AS [a] ON [b].[AuthorId] = [a].[Id]
WHERE [b].[IsDeleted] = CAST(0 AS bit) AND [b].[Id] IN (
    SELECT [b0].[value]
    FROM OPENJSON(@__bestsellerBookIds_0) WITH ([value] uniqueidentifier '$') AS [b0]
) AND [b].[IsDeleted] = CAST(0 AS bit)
2025-06-11 10:53:17.734 +07:00 [INF] (Bookstore.Application.Services.DashboardService) Fetched 5 bestselling books.
2025-06-11 10:53:17.740 +07:00 [INF] (Microsoft.EntityFrameworkCore.Database.Command) Executed DbCommand (4ms) [Parameters=[@__currentDate_0='2025-06-11T03:53:17.7356956Z', @__currentDate_1='2025-06-11T03:53:17.7356956Z' (Nullable = true)], CommandType='"Text"', CommandTimeout='30']
SELECT [p].[Id], [p].[Code], [p].[CreatedAtUtc], [p].[CurrentUsage], [p].[Description], [p].[DiscountAmount], [p].[DiscountPercentage], [p].[EndDate], [p].[IsActive], [p].[MaxUsage], [p].[StartDate], [p].[UpdatedAtUtc]
FROM [Promotions] AS [p]
WHERE [p].[IsActive] = CAST(1 AS bit) AND [p].[StartDate] <= @__currentDate_0 AND ([p].[EndDate] IS NULL OR [p].[EndDate] >= @__currentDate_1) AND ([p].[MaxUsage] IS NULL OR [p].[CurrentUsage] < [p].[MaxUsage])
ORDER BY [p].[EndDate]
2025-06-11 10:53:17.749 +07:00 [INF] (Microsoft.EntityFrameworkCore.Database.Command) Executed DbCommand (3ms) [Parameters=[], CommandType='"Text"', CommandTimeout='30']
SELECT [c].[Id], [c].[CreatedAtUtc], [c].[Description], [c].[IsDeleted], [c].[Name], [c].[ParentCategoryId], [c].[UpdatedAtUtc]
FROM [Categories] AS [c]
WHERE [c].[IsDeleted] = CAST(0 AS bit) AND [c].[ParentCategoryId] IS NULL AND [c].[IsDeleted] = CAST(0 AS bit)
ORDER BY [c].[Name]
2025-06-11 10:53:17.752 +07:00 [INF] (Bookstore.Application.Services.DashboardService) Successfully fetched home dashboard data.
2025-06-11 10:53:24.102 +07:00 [INF] (Microsoft.EntityFrameworkCore.Database.Command) Executed DbCommand (7ms) [Parameters=[@__p_0='0', @__p_1='10'], CommandType='"Text"', CommandTimeout='30']
SELECT [c].[Id], [c].[CreatedAtUtc], [c].[Description], [c].[IsDeleted], [c].[Name], [c].[ParentCategoryId], [c].[UpdatedAtUtc]
FROM [Categories] AS [c]
WHERE [c].[IsDeleted] = CAST(0 AS bit)
ORDER BY [c].[Name]
OFFSET @__p_0 ROWS FETCH NEXT @__p_1 ROWS ONLY
2025-06-11 10:53:35.641 +07:00 [INF] (Microsoft.EntityFrameworkCore.Database.Command) Executed DbCommand (13ms) [Parameters=[@__email_0='Admin' (Size = 450)], CommandType='"Text"', CommandTimeout='30']
SELECT [u1].[Id], [u1].[CreatedAtUtc], [u1].[Email], [u1].[FirstName], [u1].[IsActive], [u1].[LastName], [u1].[PasswordHash], [u1].[PhoneNumber], [u1].[UpdatedAtUtc], [u1].[UserName], [s].[UserId], [s].[RoleId], [s].[Id], [s].[CreatedAtUtc], [s].[Name], [s].[UpdatedAtUtc]
FROM (
    SELECT TOP(1) [u].[Id], [u].[CreatedAtUtc], [u].[Email], [u].[FirstName], [u].[IsActive], [u].[LastName], [u].[PasswordHash], [u].[PhoneNumber], [u].[UpdatedAtUtc], [u].[UserName]
    FROM [Users] AS [u]
    WHERE [u].[Email] = @__email_0
) AS [u1]
LEFT JOIN (
    SELECT [u0].[UserId], [u0].[RoleId], [r].[Id], [r].[CreatedAtUtc], [r].[Name], [r].[UpdatedAtUtc]
    FROM [UserRoles] AS [u0]
    INNER JOIN [Roles] AS [r] ON [u0].[RoleId] = [r].[Id]
) AS [s] ON [u1].[Id] = [s].[UserId]
ORDER BY [u1].[Id], [s].[UserId], [s].[RoleId]
2025-06-11 10:53:35.679 +07:00 [INF] (Microsoft.EntityFrameworkCore.Database.Command) Executed DbCommand (6ms) [Parameters=[@__username_0='Admin' (Size = 450)], CommandType='"Text"', CommandTimeout='30']
SELECT [u1].[Id], [u1].[CreatedAtUtc], [u1].[Email], [u1].[FirstName], [u1].[IsActive], [u1].[LastName], [u1].[PasswordHash], [u1].[PhoneNumber], [u1].[UpdatedAtUtc], [u1].[UserName], [s].[UserId], [s].[RoleId], [s].[Id], [s].[CreatedAtUtc], [s].[Name], [s].[UpdatedAtUtc]
FROM (
    SELECT TOP(1) [u].[Id], [u].[CreatedAtUtc], [u].[Email], [u].[FirstName], [u].[IsActive], [u].[LastName], [u].[PasswordHash], [u].[PhoneNumber], [u].[UpdatedAtUtc], [u].[UserName]
    FROM [Users] AS [u]
    WHERE [u].[UserName] = @__username_0
) AS [u1]
LEFT JOIN (
    SELECT [u0].[UserId], [u0].[RoleId], [r].[Id], [r].[CreatedAtUtc], [r].[Name], [r].[UpdatedAtUtc]
    FROM [UserRoles] AS [u0]
    INNER JOIN [Roles] AS [r] ON [u0].[RoleId] = [r].[Id]
) AS [s] ON [u1].[Id] = [s].[UserId]
ORDER BY [u1].[Id], [s].[UserId], [s].[RoleId]
2025-06-11 10:53:36.237 +07:00 [INF] (Microsoft.EntityFrameworkCore.Database.Command) Executed DbCommand (10ms) [Parameters=[@__userId_0='f54527eb-f806-40db-bf76-c7b0e5fa6d39'], CommandType='"Text"', CommandTimeout='30']
SELECT [r].[Name]
FROM [UserRoles] AS [u]
INNER JOIN [Roles] AS [r] ON [u].[RoleId] = [r].[Id]
WHERE [u].[UserId] = @__userId_0
2025-06-11 10:53:36.362 +07:00 [INF] (Bookstore.Application.Services.DashboardService) Fetching home dashboard data.
2025-06-11 10:53:36.368 +07:00 [INF] (Microsoft.EntityFrameworkCore.Database.Command) Executed DbCommand (4ms) [Parameters=[], CommandType='"Text"', CommandTimeout='30']
SELECT [b].[Id], [b].[AuthorId], [b].[CategoryId], [b].[CoverImageUrl], [b].[CreatedAtUtc], [b].[Description], [b].[ISBN], [b].[IsDeleted], [b].[Price], [b].[PublicationYear], [b].[Publisher], [b].[StockQuantity], [b].[Title], [b].[UpdatedAtUtc], [a].[Id], [a].[Biography], [a].[CreatedAtUtc], [a].[Name], [a].[UpdatedAtUtc]
FROM [Books] AS [b]
LEFT JOIN [Authors] AS [a] ON [b].[AuthorId] = [a].[Id]
WHERE [b].[IsDeleted] = CAST(0 AS bit)
ORDER BY [b].[CreatedAtUtc] DESC
2025-06-11 10:53:36.374 +07:00 [INF] (Bookstore.Application.Services.DashboardService) Fetched 11 newest books.
2025-06-11 10:53:36.383 +07:00 [INF] (Microsoft.EntityFrameworkCore.Database.Command) Executed DbCommand (8ms) [Parameters=[@__p_2='5', @__inclusiveStartDate_0='2025-05-12T00:00:00.0000000Z', @__inclusiveEndDate_1='2025-06-12T00:00:00.0000000Z'], CommandType='"Text"', CommandTimeout='30']
SELECT [s].[BookId], [b2].[Title] AS [BookTitle], [s].[TotalQuantitySold]
FROM (
    SELECT TOP(@__p_2) [o].[BookId], COALESCE(SUM([o].[Quantity]), 0) AS [TotalQuantitySold]
    FROM [OrderDetails] AS [o]
    INNER JOIN [Orders] AS [o0] ON [o].[OrderId] = [o0].[Id]
    INNER JOIN (
        SELECT [b].[Id], [b].[IsDeleted]
        FROM [Books] AS [b]
        WHERE [b].[IsDeleted] = CAST(0 AS bit)
    ) AS [b0] ON [o].[BookId] = [b0].[Id]
    WHERE [o0].[Status] = CAST(3 AS tinyint) AND [o0].[OrderDate] >= @__inclusiveStartDate_0 AND [o0].[OrderDate] < @__inclusiveEndDate_1 AND [b0].[IsDeleted] = CAST(0 AS bit)
    GROUP BY [o].[BookId]
    ORDER BY COALESCE(SUM([o].[Quantity]), 0) DESC
) AS [s]
INNER JOIN (
    SELECT [b1].[Id], [b1].[Title]
    FROM [Books] AS [b1]
    WHERE [b1].[IsDeleted] = CAST(0 AS bit)
) AS [b2] ON [s].[BookId] = [b2].[Id]
ORDER BY [s].[TotalQuantitySold] DESC
2025-06-11 10:53:36.396 +07:00 [INF] (Microsoft.EntityFrameworkCore.Database.Command) Executed DbCommand (4ms) [Parameters=[@__bestsellerBookIds_0='["c191919e-e763-4e03-9e2b-24d944f4d401","5d8fc980-abf3-49f8-a735-92c402be0cbe","1ed59d04-83f1-4624-8739-3de94c30e54b","6d858026-d70a-4441-8837-01f8d972cb26","6c50f852-d8c7-4ef9-a26a-c9d292ef9108"]' (Size = 4000)], CommandType='"Text"', CommandTimeout='30']
SELECT [b].[Id], [b].[AuthorId], [b].[CategoryId], [b].[CoverImageUrl], [b].[CreatedAtUtc], [b].[Description], [b].[ISBN], [b].[IsDeleted], [b].[Price], [b].[PublicationYear], [b].[Publisher], [b].[StockQuantity], [b].[Title], [b].[UpdatedAtUtc], [a].[Id], [a].[Biography], [a].[CreatedAtUtc], [a].[Name], [a].[UpdatedAtUtc]
FROM [Books] AS [b]
LEFT JOIN [Authors] AS [a] ON [b].[AuthorId] = [a].[Id]
WHERE [b].[IsDeleted] = CAST(0 AS bit) AND [b].[Id] IN (
    SELECT [b0].[value]
    FROM OPENJSON(@__bestsellerBookIds_0) WITH ([value] uniqueidentifier '$') AS [b0]
) AND [b].[IsDeleted] = CAST(0 AS bit)
2025-06-11 10:53:36.402 +07:00 [INF] (Bookstore.Application.Services.DashboardService) Fetched 5 bestselling books.
2025-06-11 10:53:36.408 +07:00 [INF] (Microsoft.EntityFrameworkCore.Database.Command) Executed DbCommand (4ms) [Parameters=[@__currentDate_0='2025-06-11T03:53:36.4039418Z', @__currentDate_1='2025-06-11T03:53:36.4039418Z' (Nullable = true)], CommandType='"Text"', CommandTimeout='30']
SELECT [p].[Id], [p].[Code], [p].[CreatedAtUtc], [p].[CurrentUsage], [p].[Description], [p].[DiscountAmount], [p].[DiscountPercentage], [p].[EndDate], [p].[IsActive], [p].[MaxUsage], [p].[StartDate], [p].[UpdatedAtUtc]
FROM [Promotions] AS [p]
WHERE [p].[IsActive] = CAST(1 AS bit) AND [p].[StartDate] <= @__currentDate_0 AND ([p].[EndDate] IS NULL OR [p].[EndDate] >= @__currentDate_1) AND ([p].[MaxUsage] IS NULL OR [p].[CurrentUsage] < [p].[MaxUsage])
ORDER BY [p].[EndDate]
2025-06-11 10:53:36.415 +07:00 [INF] (Microsoft.EntityFrameworkCore.Database.Command) Executed DbCommand (3ms) [Parameters=[], CommandType='"Text"', CommandTimeout='30']
SELECT [c].[Id], [c].[CreatedAtUtc], [c].[Description], [c].[IsDeleted], [c].[Name], [c].[ParentCategoryId], [c].[UpdatedAtUtc]
FROM [Categories] AS [c]
WHERE [c].[IsDeleted] = CAST(0 AS bit) AND [c].[ParentCategoryId] IS NULL AND [c].[IsDeleted] = CAST(0 AS bit)
ORDER BY [c].[Name]
2025-06-11 10:53:36.420 +07:00 [INF] (Bookstore.Application.Services.DashboardService) Successfully fetched home dashboard data.
2025-06-11 10:53:40.540 +07:00 [INF] (Microsoft.EntityFrameworkCore.Database.Command) Executed DbCommand (7ms) [Parameters=[@__p_0='0', @__p_1='10'], CommandType='"Text"', CommandTimeout='30']
SELECT [c].[Id], [c].[CreatedAtUtc], [c].[Description], [c].[IsDeleted], [c].[Name], [c].[ParentCategoryId], [c].[UpdatedAtUtc]
FROM [Categories] AS [c]
WHERE [c].[IsDeleted] = CAST(0 AS bit)
ORDER BY [c].[Name]
OFFSET @__p_0 ROWS FETCH NEXT @__p_1 ROWS ONLY
2025-06-11 10:53:42.354 +07:00 [INF] (Microsoft.EntityFrameworkCore.Database.Command) Executed DbCommand (9ms) [Parameters=[@__userId_0='f54527eb-f806-40db-bf76-c7b0e5fa6d39'], CommandType='"Text"', CommandTimeout='30']
SELECT [c].[UserId], [c].[BookId], [c].[CreatedAtUtc], [c].[Quantity], [c].[UpdatedAtUtc], [b0].[Id], [b0].[AuthorId], [b0].[CategoryId], [b0].[CoverImageUrl], [b0].[CreatedAtUtc], [b0].[Description], [b0].[ISBN], [b0].[IsDeleted], [b0].[Price], [b0].[PublicationYear], [b0].[Publisher], [b0].[StockQuantity], [b0].[Title], [b0].[UpdatedAtUtc], [a].[Id], [a].[Biography], [a].[CreatedAtUtc], [a].[Name], [a].[UpdatedAtUtc]
FROM [CartItems] AS [c]
INNER JOIN (
    SELECT [b].[Id], [b].[AuthorId], [b].[CategoryId], [b].[CoverImageUrl], [b].[CreatedAtUtc], [b].[Description], [b].[ISBN], [b].[IsDeleted], [b].[Price], [b].[PublicationYear], [b].[Publisher], [b].[StockQuantity], [b].[Title], [b].[UpdatedAtUtc]
    FROM [Books] AS [b]
    WHERE [b].[IsDeleted] = CAST(0 AS bit)
) AS [b0] ON [c].[BookId] = [b0].[Id]
LEFT JOIN [Authors] AS [a] ON [b0].[AuthorId] = [a].[Id]
WHERE [c].[UserId] = @__userId_0
ORDER BY [b0].[Title]
2025-06-11 10:53:43.818 +07:00 [INF] (Microsoft.EntityFrameworkCore.Database.Command) Executed DbCommand (7ms) [Parameters=[@__userId_0='f54527eb-f806-40db-bf76-c7b0e5fa6d39'], CommandType='"Text"', CommandTimeout='30']
SELECT [w].[Id], [w].[BookId], [w].[CreatedAtUtc], [w].[UserId], [b0].[Id], [b0].[AuthorId], [b0].[CategoryId], [b0].[CoverImageUrl], [b0].[CreatedAtUtc], [b0].[Description], [b0].[ISBN], [b0].[IsDeleted], [b0].[Price], [b0].[PublicationYear], [b0].[Publisher], [b0].[StockQuantity], [b0].[Title], [b0].[UpdatedAtUtc], [a].[Id], [a].[Biography], [a].[CreatedAtUtc], [a].[Name], [a].[UpdatedAtUtc]
FROM [WishlistItems] AS [w]
INNER JOIN (
    SELECT [b].[Id], [b].[AuthorId], [b].[CategoryId], [b].[CoverImageUrl], [b].[CreatedAtUtc], [b].[Description], [b].[ISBN], [b].[IsDeleted], [b].[Price], [b].[PublicationYear], [b].[Publisher], [b].[StockQuantity], [b].[Title], [b].[UpdatedAtUtc]
    FROM [Books] AS [b]
    WHERE [b].[IsDeleted] = CAST(0 AS bit)
) AS [b0] ON [w].[BookId] = [b0].[Id]
LEFT JOIN [Authors] AS [a] ON [b0].[AuthorId] = [a].[Id]
WHERE [w].[UserId] = @__userId_0 AND [b0].[IsDeleted] = CAST(0 AS bit)
ORDER BY [w].[CreatedAtUtc] DESC
2025-06-11 10:53:48.048 +07:00 [INF] (Bookstore.Application.Services.UserService) Fetching users for admin. Page: 1, PageSize: 15, Role: All, Active: All, Search: None
2025-06-11 10:53:48.074 +07:00 [INF] (Microsoft.EntityFrameworkCore.Database.Command) Executed DbCommand (8ms) [Parameters=[@__p_0='0', @__p_1='15'], CommandType='"Text"', CommandTimeout='30']
SELECT [u1].[Id], [u1].[CreatedAtUtc], [u1].[Email], [u1].[FirstName], [u1].[IsActive], [u1].[LastName], [u1].[PasswordHash], [u1].[PhoneNumber], [u1].[UpdatedAtUtc], [u1].[UserName], [s].[UserId], [s].[RoleId], [s].[Id], [s].[CreatedAtUtc], [s].[Name], [s].[UpdatedAtUtc]
FROM (
    SELECT [u].[Id], [u].[CreatedAtUtc], [u].[Email], [u].[FirstName], [u].[IsActive], [u].[LastName], [u].[PasswordHash], [u].[PhoneNumber], [u].[UpdatedAtUtc], [u].[UserName]
    FROM [Users] AS [u]
    ORDER BY [u].[UserName]
    OFFSET @__p_0 ROWS FETCH NEXT @__p_1 ROWS ONLY
) AS [u1]
LEFT JOIN (
    SELECT [u0].[UserId], [u0].[RoleId], [r].[Id], [r].[CreatedAtUtc], [r].[Name], [r].[UpdatedAtUtc]
    FROM [UserRoles] AS [u0]
    INNER JOIN [Roles] AS [r] ON [u0].[RoleId] = [r].[Id]
) AS [s] ON [u1].[Id] = [s].[UserId]
ORDER BY [u1].[UserName], [u1].[Id], [s].[UserId], [s].[RoleId]
2025-06-11 10:53:50.637 +07:00 [INF] (Bookstore.Application.Services.UserService) Fetching user details for admin. UserId: "f54527eb-f806-40db-bf76-c7b0e5fa6d39"
2025-06-11 10:53:50.657 +07:00 [INF] (Microsoft.EntityFrameworkCore.Database.Command) Executed DbCommand (6ms) [Parameters=[@__userId_0='f54527eb-f806-40db-bf76-c7b0e5fa6d39'], CommandType='"Text"', CommandTimeout='30']
SELECT [u1].[Id], [u1].[CreatedAtUtc], [u1].[Email], [u1].[FirstName], [u1].[IsActive], [u1].[LastName], [u1].[PasswordHash], [u1].[PhoneNumber], [u1].[UpdatedAtUtc], [u1].[UserName], [s].[UserId], [s].[RoleId], [s].[Id], [s].[CreatedAtUtc], [s].[Name], [s].[UpdatedAtUtc]
FROM (
    SELECT TOP(1) [u].[Id], [u].[CreatedAtUtc], [u].[Email], [u].[FirstName], [u].[IsActive], [u].[LastName], [u].[PasswordHash], [u].[PhoneNumber], [u].[UpdatedAtUtc], [u].[UserName]
    FROM [Users] AS [u]
    WHERE [u].[Id] = @__userId_0
) AS [u1]
LEFT JOIN (
    SELECT [u0].[UserId], [u0].[RoleId], [r].[Id], [r].[CreatedAtUtc], [r].[Name], [r].[UpdatedAtUtc]
    FROM [UserRoles] AS [u0]
    INNER JOIN [Roles] AS [r] ON [u0].[RoleId] = [r].[Id]
) AS [s] ON [u1].[Id] = [s].[UserId]
ORDER BY [u1].[Id], [s].[UserId], [s].[RoleId]
2025-06-11 10:53:56.021 +07:00 [INF] (Bookstore.Application.Services.UserService) Fetching user details for admin. UserId: "b2c3d4e5-f6a1-4b8c-8d9e-3f4a5b6c7d8e"
2025-06-11 10:53:56.029 +07:00 [INF] (Microsoft.EntityFrameworkCore.Database.Command) Executed DbCommand (6ms) [Parameters=[@__userId_0='b2c3d4e5-f6a1-4b8c-8d9e-3f4a5b6c7d8e'], CommandType='"Text"', CommandTimeout='30']
SELECT [u1].[Id], [u1].[CreatedAtUtc], [u1].[Email], [u1].[FirstName], [u1].[IsActive], [u1].[LastName], [u1].[PasswordHash], [u1].[PhoneNumber], [u1].[UpdatedAtUtc], [u1].[UserName], [s].[UserId], [s].[RoleId], [s].[Id], [s].[CreatedAtUtc], [s].[Name], [s].[UpdatedAtUtc]
FROM (
    SELECT TOP(1) [u].[Id], [u].[CreatedAtUtc], [u].[Email], [u].[FirstName], [u].[IsActive], [u].[LastName], [u].[PasswordHash], [u].[PhoneNumber], [u].[UpdatedAtUtc], [u].[UserName]
    FROM [Users] AS [u]
    WHERE [u].[Id] = @__userId_0
) AS [u1]
LEFT JOIN (
    SELECT [u0].[UserId], [u0].[RoleId], [r].[Id], [r].[CreatedAtUtc], [r].[Name], [r].[UpdatedAtUtc]
    FROM [UserRoles] AS [u0]
    INNER JOIN [Roles] AS [r] ON [u0].[RoleId] = [r].[Id]
) AS [s] ON [u1].[Id] = [s].[UserId]
ORDER BY [u1].[Id], [s].[UserId], [s].[RoleId]
2025-06-11 10:53:58.325 +07:00 [INF] (Bookstore.Application.Services.UserService) Fetching user details for admin. UserId: "7a214044-adb3-4b9e-be93-1ff4539c1006"
2025-06-11 10:53:58.331 +07:00 [INF] (Microsoft.EntityFrameworkCore.Database.Command) Executed DbCommand (4ms) [Parameters=[@__userId_0='7a214044-adb3-4b9e-be93-1ff4539c1006'], CommandType='"Text"', CommandTimeout='30']
SELECT [u1].[Id], [u1].[CreatedAtUtc], [u1].[Email], [u1].[FirstName], [u1].[IsActive], [u1].[LastName], [u1].[PasswordHash], [u1].[PhoneNumber], [u1].[UpdatedAtUtc], [u1].[UserName], [s].[UserId], [s].[RoleId], [s].[Id], [s].[CreatedAtUtc], [s].[Name], [s].[UpdatedAtUtc]
FROM (
    SELECT TOP(1) [u].[Id], [u].[CreatedAtUtc], [u].[Email], [u].[FirstName], [u].[IsActive], [u].[LastName], [u].[PasswordHash], [u].[PhoneNumber], [u].[UpdatedAtUtc], [u].[UserName]
    FROM [Users] AS [u]
    WHERE [u].[Id] = @__userId_0
) AS [u1]
LEFT JOIN (
    SELECT [u0].[UserId], [u0].[RoleId], [r].[Id], [r].[CreatedAtUtc], [r].[Name], [r].[UpdatedAtUtc]
    FROM [UserRoles] AS [u0]
    INNER JOIN [Roles] AS [r] ON [u0].[RoleId] = [r].[Id]
) AS [s] ON [u1].[Id] = [s].[UserId]
ORDER BY [u1].[Id], [s].[UserId], [s].[RoleId]
2025-06-11 10:54:02.710 +07:00 [INF] (Microsoft.EntityFrameworkCore.Database.Command) Executed DbCommand (4ms) [Parameters=[], CommandType='"Text"', CommandTimeout='30']
SELECT [p].[Id], [p].[Code], [p].[CreatedAtUtc], [p].[CurrentUsage], [p].[Description], [p].[DiscountAmount], [p].[DiscountPercentage], [p].[EndDate], [p].[IsActive], [p].[MaxUsage], [p].[StartDate], [p].[UpdatedAtUtc]
FROM [Promotions] AS [p]
ORDER BY [p].[CreatedAtUtc] DESC
2025-06-11 10:54:08.893 +07:00 [INF] (Microsoft.EntityFrameworkCore.Database.Command) Executed DbCommand (3ms) [Parameters=[@__p_0='d26b59d3-7868-4024-baf0-18a5d2c7a4f8' (Nullable = true)], CommandType='"Text"', CommandTimeout='30']
SELECT TOP(1) [p].[Id], [p].[Code], [p].[CreatedAtUtc], [p].[CurrentUsage], [p].[Description], [p].[DiscountAmount], [p].[DiscountPercentage], [p].[EndDate], [p].[IsActive], [p].[MaxUsage], [p].[StartDate], [p].[UpdatedAtUtc]
FROM [Promotions] AS [p]
WHERE [p].[Id] = @__p_0
2025-06-11 10:54:18.476 +07:00 [INF] (Bookstore.Application.Services.ReportService) Generating revenue report from "2025-06-05T00:00:00.0000000" to "2025-06-11T00:00:00.0000000"
2025-06-11 10:54:18.479 +07:00 [INF] (Bookstore.Application.Services.ReportService) Generating bestsellers report from "2025-06-05T00:00:00.0000000" to "2025-06-11T00:00:00.0000000", top 7
2025-06-11 10:54:18.479 +07:00 [INF] (Bookstore.Application.Services.ReportService) Generating low stock report with threshold 5
2025-06-11 10:54:18.505 +07:00 [INF] (Microsoft.EntityFrameworkCore.Database.Command) Executed DbCommand (19ms) [Parameters=[@__p_2='7', @__inclusiveStartDate_0='2025-06-05T00:00:00.0000000', @__inclusiveEndDate_1='2025-06-12T00:00:00.0000000'], CommandType='"Text"', CommandTimeout='30']
SELECT [s].[BookId], [b2].[Title] AS [BookTitle], [s].[TotalQuantitySold]
FROM (
    SELECT TOP(@__p_2) [o].[BookId], COALESCE(SUM([o].[Quantity]), 0) AS [TotalQuantitySold]
    FROM [OrderDetails] AS [o]
    INNER JOIN [Orders] AS [o0] ON [o].[OrderId] = [o0].[Id]
    INNER JOIN (
        SELECT [b].[Id], [b].[IsDeleted]
        FROM [Books] AS [b]
        WHERE [b].[IsDeleted] = CAST(0 AS bit)
    ) AS [b0] ON [o].[BookId] = [b0].[Id]
    WHERE [o0].[Status] = CAST(3 AS tinyint) AND [o0].[OrderDate] >= @__inclusiveStartDate_0 AND [o0].[OrderDate] < @__inclusiveEndDate_1 AND [b0].[IsDeleted] = CAST(0 AS bit)
    GROUP BY [o].[BookId]
    ORDER BY COALESCE(SUM([o].[Quantity]), 0) DESC
) AS [s]
INNER JOIN (
    SELECT [b1].[Id], [b1].[Title]
    FROM [Books] AS [b1]
    WHERE [b1].[IsDeleted] = CAST(0 AS bit)
) AS [b2] ON [s].[BookId] = [b2].[Id]
ORDER BY [s].[TotalQuantitySold] DESC
2025-06-11 10:54:18.514 +07:00 [INF] (Microsoft.EntityFrameworkCore.Database.Command) Executed DbCommand (3ms) [Parameters=[@__inclusiveStartDate_0='2025-06-05T00:00:00.0000000', @__inclusiveEndDate_1='2025-06-12T00:00:00.0000000'], CommandType='"Text"', CommandTimeout='30']
SELECT [o].[Id], [o].[CreatedAtUtc], [o].[DeliveryMethod], [o].[InvoiceNumber], [o].[OrderDate], [o].[OrderShippingAddressId], [o].[OrderType], [o].[PaymentMethod], [o].[PaymentStatus], [o].[Status], [o].[TotalAmount], [o].[TransactionId], [o].[UpdatedAtUtc], [o].[UserId]
FROM [Orders] AS [o]
WHERE [o].[Status] = CAST(3 AS tinyint) AND [o].[OrderDate] >= @__inclusiveStartDate_0 AND [o].[OrderDate] < @__inclusiveEndDate_1
2025-06-11 10:54:18.516 +07:00 [INF] (Bookstore.Application.Services.ReportService) Bestsellers report generated successfully.
2025-06-11 10:54:18.553 +07:00 [INF] (Microsoft.EntityFrameworkCore.Database.Command) Executed DbCommand (4ms) [Parameters=[@__lowStockThreshold_0='5'], CommandType='"Text"', CommandTimeout='30']
SELECT [b].[Id], [b].[AuthorId], [b].[CategoryId], [b].[CoverImageUrl], [b].[CreatedAtUtc], [b].[Description], [b].[ISBN], [b].[IsDeleted], [b].[Price], [b].[PublicationYear], [b].[Publisher], [b].[StockQuantity], [b].[Title], [b].[UpdatedAtUtc], [a].[Id], [a].[Biography], [a].[CreatedAtUtc], [a].[Name], [a].[UpdatedAtUtc]
FROM [Books] AS [b]
LEFT JOIN [Authors] AS [a] ON [b].[AuthorId] = [a].[Id]
WHERE [b].[IsDeleted] = CAST(0 AS bit) AND [b].[StockQuantity] > 0 AND [b].[StockQuantity] <= @__lowStockThreshold_0
ORDER BY [b].[StockQuantity]
2025-06-11 10:54:18.563 +07:00 [INF] (Bookstore.Application.Services.ReportService) Revenue report generated successfully.
2025-06-11 10:54:28.800 +07:00 [INF] (Bookstore.Application.Services.ReportService) Generating low stock report with threshold 5
2025-06-11 10:54:28.805 +07:00 [INF] (Microsoft.EntityFrameworkCore.Database.Command) Executed DbCommand (4ms) [Parameters=[@__lowStockThreshold_0='5'], CommandType='"Text"', CommandTimeout='30']
SELECT [b].[Id], [b].[AuthorId], [b].[CategoryId], [b].[CoverImageUrl], [b].[CreatedAtUtc], [b].[Description], [b].[ISBN], [b].[IsDeleted], [b].[Price], [b].[PublicationYear], [b].[Publisher], [b].[StockQuantity], [b].[Title], [b].[UpdatedAtUtc], [a].[Id], [a].[Biography], [a].[CreatedAtUtc], [a].[Name], [a].[UpdatedAtUtc]
FROM [Books] AS [b]
LEFT JOIN [Authors] AS [a] ON [b].[AuthorId] = [a].[Id]
WHERE [b].[IsDeleted] = CAST(0 AS bit) AND [b].[StockQuantity] > 0 AND [b].[StockQuantity] <= @__lowStockThreshold_0
ORDER BY [b].[StockQuantity]
2025-06-11 10:54:32.125 +07:00 [INF] (Bookstore.Application.Services.ReportService) Generating low stock report with threshold 10
2025-06-11 10:54:32.131 +07:00 [INF] (Microsoft.EntityFrameworkCore.Database.Command) Executed DbCommand (4ms) [Parameters=[@__lowStockThreshold_0='10'], CommandType='"Text"', CommandTimeout='30']
SELECT [b].[Id], [b].[AuthorId], [b].[CategoryId], [b].[CoverImageUrl], [b].[CreatedAtUtc], [b].[Description], [b].[ISBN], [b].[IsDeleted], [b].[Price], [b].[PublicationYear], [b].[Publisher], [b].[StockQuantity], [b].[Title], [b].[UpdatedAtUtc], [a].[Id], [a].[Biography], [a].[CreatedAtUtc], [a].[Name], [a].[UpdatedAtUtc]
FROM [Books] AS [b]
LEFT JOIN [Authors] AS [a] ON [b].[AuthorId] = [a].[Id]
WHERE [b].[IsDeleted] = CAST(0 AS bit) AND [b].[StockQuantity] > 0 AND [b].[StockQuantity] <= @__lowStockThreshold_0
ORDER BY [b].[StockQuantity]
2025-06-11 10:54:37.304 +07:00 [INF] (Bookstore.Application.Services.InventoryService) Fetching inventory history. BookId: null, Reason: null, Start: "2025-05-12T00:00:00.0000000", End: "2025-06-11T00:00:00.0000000", User: null, Page: 1
2025-06-11 10:54:37.324 +07:00 [INF] (Microsoft.EntityFrameworkCore.Database.Command) Executed DbCommand (6ms) [Parameters=[@__inclusiveStartDate_0='2025-05-12T00:00:00.0000000', @__inclusiveEndDate_1='2025-06-12T00:00:00.0000000'], CommandType='"Text"', CommandTimeout='30']
SELECT COUNT(*)
FROM [InventoryLogs] AS [i]
WHERE [i].[TimestampUtc] >= @__inclusiveStartDate_0 AND [i].[TimestampUtc] < @__inclusiveEndDate_1
2025-06-11 10:54:37.345 +07:00 [INF] (Microsoft.EntityFrameworkCore.Database.Command) Executed DbCommand (6ms) [Parameters=[@__inclusiveStartDate_0='2025-05-12T00:00:00.0000000', @__inclusiveEndDate_1='2025-06-12T00:00:00.0000000', @__p_2='0', @__p_3='20'], CommandType='"Text"', CommandTimeout='30']
SELECT [i0].[Id], [i0].[BookId], [i0].[ChangeQuantity], [i0].[OrderId], [i0].[Reason], [i0].[StockReceiptId], [i0].[TimestampUtc], [i0].[UserId], [b0].[Id], [b0].[AuthorId], [b0].[CategoryId], [b0].[CoverImageUrl], [b0].[CreatedAtUtc], [b0].[Description], [b0].[ISBN], [b0].[IsDeleted], [b0].[Price], [b0].[PublicationYear], [b0].[Publisher], [b0].[StockQuantity], [b0].[Title], [b0].[UpdatedAtUtc], [u].[Id], [u].[CreatedAtUtc], [u].[Email], [u].[FirstName], [u].[IsActive], [u].[LastName], [u].[PasswordHash], [u].[PhoneNumber], [u].[UpdatedAtUtc], [u].[UserName]
FROM (
    SELECT [i].[Id], [i].[BookId], [i].[ChangeQuantity], [i].[OrderId], [i].[Reason], [i].[StockReceiptId], [i].[TimestampUtc], [i].[UserId]
    FROM [InventoryLogs] AS [i]
    WHERE [i].[TimestampUtc] >= @__inclusiveStartDate_0 AND [i].[TimestampUtc] < @__inclusiveEndDate_1
    ORDER BY [i].[TimestampUtc] DESC
    OFFSET @__p_2 ROWS FETCH NEXT @__p_3 ROWS ONLY
) AS [i0]
INNER JOIN (
    SELECT [b].[Id], [b].[AuthorId], [b].[CategoryId], [b].[CoverImageUrl], [b].[CreatedAtUtc], [b].[Description], [b].[ISBN], [b].[IsDeleted], [b].[Price], [b].[PublicationYear], [b].[Publisher], [b].[StockQuantity], [b].[Title], [b].[UpdatedAtUtc]
    FROM [Books] AS [b]
    WHERE [b].[IsDeleted] = CAST(0 AS bit)
) AS [b0] ON [i0].[BookId] = [b0].[Id]
LEFT JOIN [Users] AS [u] ON [i0].[UserId] = [u].[Id]
ORDER BY [i0].[TimestampUtc] DESC
2025-06-11 10:54:48.392 +07:00 [INF] (Microsoft.EntityFrameworkCore.Database.Command) Executed DbCommand (4ms) [Parameters=[@__userId_0='f54527eb-f806-40db-bf76-c7b0e5fa6d39'], CommandType='"Text"', CommandTimeout='30']
SELECT [a].[Id], [a].[City], [a].[CreatedAtUtc], [a].[District], [a].[IsDefault], [a].[Street], [a].[UpdatedAtUtc], [a].[UserId], [a].[Village]
FROM [Addresses] AS [a]
WHERE [a].[UserId] = @__userId_0
ORDER BY [a].[IsDefault] DESC, [a].[UpdatedAtUtc] DESC
2025-06-11 10:54:56.166 +07:00 [INF] (Bookstore.Application.Services.OrderService) Fetching orders for User: "f54527eb-f806-40db-bf76-c7b0e5fa6d39", Page: 1, PageSize: 15
2025-06-11 10:54:56.166 +07:00 [INF] (Bookstore.Application.Services.OrderService) Fetching orders for User: "f54527eb-f806-40db-bf76-c7b0e5fa6d39", Page: 1, PageSize: 15
2025-06-11 10:54:56.189 +07:00 [INF] (Microsoft.EntityFrameworkCore.Database.Command) Executed DbCommand (7ms) [Parameters=[@__userId_0='f54527eb-f806-40db-bf76-c7b0e5fa6d39' (Nullable = true), @__p_1='0', @__p_2='15'], CommandType='"Text"', CommandTimeout='30']
SELECT [o1].[Id], [o1].[CreatedAtUtc], [o1].[DeliveryMethod], [o1].[InvoiceNumber], [o1].[OrderDate], [o1].[OrderShippingAddressId], [o1].[OrderType], [o1].[PaymentMethod], [o1].[PaymentStatus], [o1].[Status], [o1].[TotalAmount], [o1].[TransactionId], [o1].[UpdatedAtUtc], [o1].[UserId], [o0].[Id], [o0].[BookId], [o0].[OrderId], [o0].[Quantity], [o0].[UnitPrice]
FROM (
    SELECT [o].[Id], [o].[CreatedAtUtc], [o].[DeliveryMethod], [o].[InvoiceNumber], [o].[OrderDate], [o].[OrderShippingAddressId], [o].[OrderType], [o].[PaymentMethod], [o].[PaymentStatus], [o].[Status], [o].[TotalAmount], [o].[TransactionId], [o].[UpdatedAtUtc], [o].[UserId]
    FROM [Orders] AS [o]
    WHERE [o].[UserId] = @__userId_0
    ORDER BY [o].[OrderDate] DESC
    OFFSET @__p_1 ROWS FETCH NEXT @__p_2 ROWS ONLY
) AS [o1]
LEFT JOIN [OrderDetails] AS [o0] ON [o1].[Id] = [o0].[OrderId]
ORDER BY [o1].[OrderDate] DESC, [o1].[Id]
2025-06-11 10:54:56.191 +07:00 [INF] (Microsoft.EntityFrameworkCore.Database.Command) Executed DbCommand (9ms) [Parameters=[@__userId_0='f54527eb-f806-40db-bf76-c7b0e5fa6d39' (Nullable = true), @__p_1='0', @__p_2='15'], CommandType='"Text"', CommandTimeout='30']
SELECT [o1].[Id], [o1].[CreatedAtUtc], [o1].[DeliveryMethod], [o1].[InvoiceNumber], [o1].[OrderDate], [o1].[OrderShippingAddressId], [o1].[OrderType], [o1].[PaymentMethod], [o1].[PaymentStatus], [o1].[Status], [o1].[TotalAmount], [o1].[TransactionId], [o1].[UpdatedAtUtc], [o1].[UserId], [o0].[Id], [o0].[BookId], [o0].[OrderId], [o0].[Quantity], [o0].[UnitPrice]
FROM (
    SELECT [o].[Id], [o].[CreatedAtUtc], [o].[DeliveryMethod], [o].[InvoiceNumber], [o].[OrderDate], [o].[OrderShippingAddressId], [o].[OrderType], [o].[PaymentMethod], [o].[PaymentStatus], [o].[Status], [o].[TotalAmount], [o].[TransactionId], [o].[UpdatedAtUtc], [o].[UserId]
    FROM [Orders] AS [o]
    WHERE [o].[UserId] = @__userId_0
    ORDER BY [o].[OrderDate] DESC
    OFFSET @__p_1 ROWS FETCH NEXT @__p_2 ROWS ONLY
) AS [o1]
LEFT JOIN [OrderDetails] AS [o0] ON [o1].[Id] = [o0].[OrderId]
ORDER BY [o1].[OrderDate] DESC, [o1].[Id]
2025-06-11 10:54:57.860 +07:00 [INF] (Bookstore.Application.Services.OrderService) Fetching order details "f180d3ee-c3a4-4c32-badb-c3c3d2ff8d58" for User: "f54527eb-f806-40db-bf76-c7b0e5fa6d39"
2025-06-11 10:54:57.908 +07:00 [INF] (Microsoft.EntityFrameworkCore.Database.Command) Executed DbCommand (11ms) [Parameters=[@__orderId_0='f180d3ee-c3a4-4c32-badb-c3c3d2ff8d58'], CommandType='"Text"', CommandTimeout='30']
SELECT [s].[Id], [s].[CreatedAtUtc], [s].[DeliveryMethod], [s].[InvoiceNumber], [s].[OrderDate], [s].[OrderShippingAddressId], [s].[OrderType], [s].[PaymentMethod], [s].[PaymentStatus], [s].[Status], [s].[TotalAmount], [s].[TransactionId], [s].[UpdatedAtUtc], [s].[UserId], [s].[Id0], [s].[CreatedAtUtc0], [s].[Email], [s].[FirstName], [s].[IsActive], [s].[LastName], [s].[PasswordHash], [s].[PhoneNumber], [s].[UpdatedAtUtc0], [s].[UserName], [s].[Id1], [s].[City], [s].[District], [s].[PhoneNumber0], [s].[RecipientName], [s].[Street], [s].[Village], [s0].[Id], [s0].[BookId], [s0].[OrderId], [s0].[Quantity], [s0].[UnitPrice], [s0].[Id0], [s0].[AuthorId], [s0].[CategoryId], [s0].[CoverImageUrl], [s0].[CreatedAtUtc], [s0].[Description], [s0].[ISBN], [s0].[IsDeleted], [s0].[Price], [s0].[PublicationYear], [s0].[Publisher], [s0].[StockQuantity], [s0].[Title], [s0].[UpdatedAtUtc], [s0].[Id1], [s0].[Biography], [s0].[CreatedAtUtc0], [s0].[Name], [s0].[UpdatedAtUtc0]
FROM (
    SELECT TOP(1) [o].[Id], [o].[CreatedAtUtc], [o].[DeliveryMethod], [o].[InvoiceNumber], [o].[OrderDate], [o].[OrderShippingAddressId], [o].[OrderType], [o].[PaymentMethod], [o].[PaymentStatus], [o].[Status], [o].[TotalAmount], [o].[TransactionId], [o].[UpdatedAtUtc], [o].[UserId], [u].[Id] AS [Id0], [u].[CreatedAtUtc] AS [CreatedAtUtc0], [u].[Email], [u].[FirstName], [u].[IsActive], [u].[LastName], [u].[PasswordHash], [u].[PhoneNumber], [u].[UpdatedAtUtc] AS [UpdatedAtUtc0], [u].[UserName], [o0].[Id] AS [Id1], [o0].[City], [o0].[District], [o0].[PhoneNumber] AS [PhoneNumber0], [o0].[RecipientName], [o0].[Street], [o0].[Village]
    FROM [Orders] AS [o]
    LEFT JOIN [Users] AS [u] ON [o].[UserId] = [u].[Id]
    LEFT JOIN [OrderShippingAddresses] AS [o0] ON [o].[OrderShippingAddressId] = [o0].[Id]
    WHERE [o].[Id] = @__orderId_0
) AS [s]
LEFT JOIN (
    SELECT [o1].[Id], [o1].[BookId], [o1].[OrderId], [o1].[Quantity], [o1].[UnitPrice], [b0].[Id] AS [Id0], [b0].[AuthorId], [b0].[CategoryId], [b0].[CoverImageUrl], [b0].[CreatedAtUtc], [b0].[Description], [b0].[ISBN], [b0].[IsDeleted], [b0].[Price], [b0].[PublicationYear], [b0].[Publisher], [b0].[StockQuantity], [b0].[Title], [b0].[UpdatedAtUtc], [a].[Id] AS [Id1], [a].[Biography], [a].[CreatedAtUtc] AS [CreatedAtUtc0], [a].[Name], [a].[UpdatedAtUtc] AS [UpdatedAtUtc0]
    FROM [OrderDetails] AS [o1]
    INNER JOIN (
        SELECT [b].[Id], [b].[AuthorId], [b].[CategoryId], [b].[CoverImageUrl], [b].[CreatedAtUtc], [b].[Description], [b].[ISBN], [b].[IsDeleted], [b].[Price], [b].[PublicationYear], [b].[Publisher], [b].[StockQuantity], [b].[Title], [b].[UpdatedAtUtc]
        FROM [Books] AS [b]
        WHERE [b].[IsDeleted] = CAST(0 AS bit)
    ) AS [b0] ON [o1].[BookId] = [b0].[Id]
    LEFT JOIN [Authors] AS [a] ON [b0].[AuthorId] = [a].[Id]
) AS [s0] ON [s].[Id] = [s0].[OrderId]
ORDER BY [s].[Id], [s].[Id0], [s].[Id1], [s0].[Id], [s0].[Id0]
2025-06-11 10:55:03.837 +07:00 [INF] (Bookstore.Application.Services.ReportService) Fetching admin dashboard summary.
2025-06-11 10:55:03.846 +07:00 [INF] (Microsoft.EntityFrameworkCore.Database.Command) Executed DbCommand (3ms) [Parameters=[@__todayStart_0='2025-06-11T00:00:00.0000000Z', @__tomorrowStart_1='2025-06-12T00:00:00.0000000Z'], CommandType='"Text"', CommandTimeout='30']
SELECT COUNT(*)
FROM [Orders] AS [o]
WHERE [o].[OrderDate] >= @__todayStart_0 AND [o].[OrderDate] < @__tomorrowStart_1 AND [o].[Status] <> CAST(4 AS tinyint)
2025-06-11 10:55:03.861 +07:00 [INF] (Microsoft.EntityFrameworkCore.Database.Command) Executed DbCommand (3ms) [Parameters=[@__todayStart_0='2025-06-11T00:00:00.0000000Z', @__tomorrowStart_1='2025-06-12T00:00:00.0000000Z'], CommandType='"Text"', CommandTimeout='30']
SELECT COALESCE(SUM([o].[TotalAmount]), 0.0)
FROM [Orders] AS [o]
WHERE [o].[OrderDate] >= @__todayStart_0 AND [o].[OrderDate] < @__tomorrowStart_1 AND [o].[Status] = CAST(3 AS tinyint)
2025-06-11 10:55:03.871 +07:00 [INF] (Microsoft.EntityFrameworkCore.Database.Command) Executed DbCommand (2ms) [Parameters=[@__todayStart_0='2025-06-11T00:00:00.0000000Z', @__tomorrowStart_1='2025-06-12T00:00:00.0000000Z'], CommandType='"Text"', CommandTimeout='30']
SELECT COUNT(*)
FROM [Users] AS [u]
WHERE [u].[CreatedAtUtc] >= @__todayStart_0 AND [u].[CreatedAtUtc] < @__tomorrowStart_1
2025-06-11 10:55:03.880 +07:00 [INF] (Microsoft.EntityFrameworkCore.Database.Command) Executed DbCommand (2ms) [Parameters=[@__lowStockThreshold_0='10'], CommandType='"Text"', CommandTimeout='30']
SELECT COUNT(*)
FROM [Books] AS [b]
WHERE [b].[IsDeleted] = CAST(0 AS bit) AND [b].[IsDeleted] = CAST(0 AS bit) AND [b].[StockQuantity] > 0 AND [b].[StockQuantity] <= @__lowStockThreshold_0
2025-06-11 10:55:03.884 +07:00 [INF] (Bookstore.Application.Services.ReportService) Admin dashboard summary fetched successfully.
2025-06-11 10:55:05.192 +07:00 [INF] (Microsoft.EntityFrameworkCore.Database.Command) Executed DbCommand (2ms) [Parameters=[@__p_0='0', @__p_1='10'], CommandType='"Text"', CommandTimeout='30']
SELECT [c].[Id], [c].[CreatedAtUtc], [c].[Description], [c].[IsDeleted], [c].[Name], [c].[ParentCategoryId], [c].[UpdatedAtUtc]
FROM [Categories] AS [c]
WHERE [c].[IsDeleted] = CAST(0 AS bit)
ORDER BY [c].[Name]
OFFSET @__p_0 ROWS FETCH NEXT @__p_1 ROWS ONLY
2025-06-11 10:55:05.313 +07:00 [WRN] (Bookstore.Infrastructure.Services.GoogleCloudStorageService) DEBUG: GOOGLE_APPLICATION_CREDENTIALS value read: 'D:\imagekey\gcs_service_account_key.json'
2025-06-11 10:55:05.315 +07:00 [WRN] (Bookstore.Infrastructure.Services.GoogleCloudStorageService) DEBUG: Checking if file exists at path: 'true'
2025-06-11 10:55:05.317 +07:00 [WRN] (Bookstore.Infrastructure.Services.GoogleCloudStorageService) DEBUG: Parsed Path as URI successfully: D:\imagekey\gcs_service_account_key.json
2025-06-11 10:55:05.329 +07:00 [WRN] (Bookstore.Infrastructure.Services.GoogleCloudStorageService) DEBUG: Successfully read content from credential file.
2025-06-11 10:55:05.412 +07:00 [INF] (Bookstore.Application.Services.AuthorService) Fetching all authors. Page: 1, PageSize: 10, Search: null
2025-06-11 10:55:05.424 +07:00 [INF] (Microsoft.EntityFrameworkCore.Database.Command) Executed DbCommand (2ms) [Parameters=[@__p_0='0', @__p_1='10'], CommandType='"Text"', CommandTimeout='30']
SELECT [a].[Id], [a].[Biography], [a].[CreatedAtUtc], [a].[Name], [a].[UpdatedAtUtc]
FROM [Authors] AS [a]
ORDER BY [a].[Name]
OFFSET @__p_0 ROWS FETCH NEXT @__p_1 ROWS ONLY
2025-06-11 10:55:05.914 +07:00 [INF] (Bookstore.Infrastructure.Services.GoogleCloudStorageService) Google Cloud Storage client created successfully using Application Default Credentials or Environment Variable.
2025-06-11 10:55:05.934 +07:00 [INF] (Microsoft.EntityFrameworkCore.Database.Command) Executed DbCommand (6ms) [Parameters=[@__p_0='0', @__p_1='15'], CommandType='"Text"', CommandTimeout='30']
SELECT [b0].[Id], [b0].[AuthorId], [b0].[CategoryId], [b0].[CoverImageUrl], [b0].[CreatedAtUtc], [b0].[Description], [b0].[ISBN], [b0].[IsDeleted], [b0].[Price], [b0].[PublicationYear], [b0].[Publisher], [b0].[StockQuantity], [b0].[Title], [b0].[UpdatedAtUtc], [a].[Id], [a].[Biography], [a].[CreatedAtUtc], [a].[Name], [a].[UpdatedAtUtc], [c0].[Id], [c0].[CreatedAtUtc], [c0].[Description], [c0].[IsDeleted], [c0].[Name], [c0].[ParentCategoryId], [c0].[UpdatedAtUtc]
FROM (
    SELECT [b].[Id], [b].[AuthorId], [b].[CategoryId], [b].[CoverImageUrl], [b].[CreatedAtUtc], [b].[Description], [b].[ISBN], [b].[IsDeleted], [b].[Price], [b].[PublicationYear], [b].[Publisher], [b].[StockQuantity], [b].[Title], [b].[UpdatedAtUtc]
    FROM [Books] AS [b]
    WHERE [b].[IsDeleted] = CAST(0 AS bit)
    ORDER BY [b].[CreatedAtUtc] DESC
    OFFSET @__p_0 ROWS FETCH NEXT @__p_1 ROWS ONLY
) AS [b0]
LEFT JOIN [Authors] AS [a] ON [b0].[AuthorId] = [a].[Id]
INNER JOIN (
    SELECT [c].[Id], [c].[CreatedAtUtc], [c].[Description], [c].[IsDeleted], [c].[Name], [c].[ParentCategoryId], [c].[UpdatedAtUtc]
    FROM [Categories] AS [c]
    WHERE [c].[IsDeleted] = CAST(0 AS bit)
) AS [c0] ON [b0].[CategoryId] = [c0].[Id]
ORDER BY [b0].[CreatedAtUtc] DESC
2025-06-11 10:55:05.934 +07:00 [INF] (Microsoft.EntityFrameworkCore.Database.Command) Executed DbCommand (7ms) [Parameters=[@__p_0='0', @__p_1='15'], CommandType='"Text"', CommandTimeout='30']
SELECT [b0].[Id], [b0].[AuthorId], [b0].[CategoryId], [b0].[CoverImageUrl], [b0].[CreatedAtUtc], [b0].[Description], [b0].[ISBN], [b0].[IsDeleted], [b0].[Price], [b0].[PublicationYear], [b0].[Publisher], [b0].[StockQuantity], [b0].[Title], [b0].[UpdatedAtUtc], [a].[Id], [a].[Biography], [a].[CreatedAtUtc], [a].[Name], [a].[UpdatedAtUtc], [c0].[Id], [c0].[CreatedAtUtc], [c0].[Description], [c0].[IsDeleted], [c0].[Name], [c0].[ParentCategoryId], [c0].[UpdatedAtUtc]
FROM (
    SELECT [b].[Id], [b].[AuthorId], [b].[CategoryId], [b].[CoverImageUrl], [b].[CreatedAtUtc], [b].[Description], [b].[ISBN], [b].[IsDeleted], [b].[Price], [b].[PublicationYear], [b].[Publisher], [b].[StockQuantity], [b].[Title], [b].[UpdatedAtUtc]
    FROM [Books] AS [b]
    WHERE [b].[IsDeleted] = CAST(0 AS bit)
    ORDER BY [b].[CreatedAtUtc] DESC
    OFFSET @__p_0 ROWS FETCH NEXT @__p_1 ROWS ONLY
) AS [b0]
LEFT JOIN [Authors] AS [a] ON [b0].[AuthorId] = [a].[Id]
INNER JOIN (
    SELECT [c].[Id], [c].[CreatedAtUtc], [c].[Description], [c].[IsDeleted], [c].[Name], [c].[ParentCategoryId], [c].[UpdatedAtUtc]
    FROM [Categories] AS [c]
    WHERE [c].[IsDeleted] = CAST(0 AS bit)
) AS [c0] ON [b0].[CategoryId] = [c0].[Id]
ORDER BY [b0].[CreatedAtUtc] DESC
2025-06-11 10:55:05.937 +07:00 [INF] (Microsoft.EntityFrameworkCore.Database.Command) Executed DbCommand (9ms) [Parameters=[@__p_0='0', @__p_1='15'], CommandType='"Text"', CommandTimeout='30']
SELECT [b0].[Id], [b0].[AuthorId], [b0].[CategoryId], [b0].[CoverImageUrl], [b0].[CreatedAtUtc], [b0].[Description], [b0].[ISBN], [b0].[IsDeleted], [b0].[Price], [b0].[PublicationYear], [b0].[Publisher], [b0].[StockQuantity], [b0].[Title], [b0].[UpdatedAtUtc], [a].[Id], [a].[Biography], [a].[CreatedAtUtc], [a].[Name], [a].[UpdatedAtUtc], [c0].[Id], [c0].[CreatedAtUtc], [c0].[Description], [c0].[IsDeleted], [c0].[Name], [c0].[ParentCategoryId], [c0].[UpdatedAtUtc]
FROM (
    SELECT [b].[Id], [b].[AuthorId], [b].[CategoryId], [b].[CoverImageUrl], [b].[CreatedAtUtc], [b].[Description], [b].[ISBN], [b].[IsDeleted], [b].[Price], [b].[PublicationYear], [b].[Publisher], [b].[StockQuantity], [b].[Title], [b].[UpdatedAtUtc]
    FROM [Books] AS [b]
    WHERE [b].[IsDeleted] = CAST(0 AS bit)
    ORDER BY [b].[CreatedAtUtc] DESC
    OFFSET @__p_0 ROWS FETCH NEXT @__p_1 ROWS ONLY
) AS [b0]
LEFT JOIN [Authors] AS [a] ON [b0].[AuthorId] = [a].[Id]
INNER JOIN (
    SELECT [c].[Id], [c].[CreatedAtUtc], [c].[Description], [c].[IsDeleted], [c].[Name], [c].[ParentCategoryId], [c].[UpdatedAtUtc]
    FROM [Categories] AS [c]
    WHERE [c].[IsDeleted] = CAST(0 AS bit)
) AS [c0] ON [b0].[CategoryId] = [c0].[Id]
ORDER BY [b0].[CreatedAtUtc] DESC
2025-06-11 10:55:05.938 +07:00 [INF] (Microsoft.EntityFrameworkCore.Database.Command) Executed DbCommand (1ms) [Parameters=[@__p_0='0', @__p_1='15'], CommandType='"Text"', CommandTimeout='30']
SELECT [b0].[Id], [b0].[AuthorId], [b0].[CategoryId], [b0].[CoverImageUrl], [b0].[CreatedAtUtc], [b0].[Description], [b0].[ISBN], [b0].[IsDeleted], [b0].[Price], [b0].[PublicationYear], [b0].[Publisher], [b0].[StockQuantity], [b0].[Title], [b0].[UpdatedAtUtc], [a].[Id], [a].[Biography], [a].[CreatedAtUtc], [a].[Name], [a].[UpdatedAtUtc], [c0].[Id], [c0].[CreatedAtUtc], [c0].[Description], [c0].[IsDeleted], [c0].[Name], [c0].[ParentCategoryId], [c0].[UpdatedAtUtc]
FROM (
    SELECT [b].[Id], [b].[AuthorId], [b].[CategoryId], [b].[CoverImageUrl], [b].[CreatedAtUtc], [b].[Description], [b].[ISBN], [b].[IsDeleted], [b].[Price], [b].[PublicationYear], [b].[Publisher], [b].[StockQuantity], [b].[Title], [b].[UpdatedAtUtc]
    FROM [Books] AS [b]
    WHERE [b].[IsDeleted] = CAST(0 AS bit)
    ORDER BY [b].[CreatedAtUtc] DESC
    OFFSET @__p_0 ROWS FETCH NEXT @__p_1 ROWS ONLY
) AS [b0]
LEFT JOIN [Authors] AS [a] ON [b0].[AuthorId] = [a].[Id]
INNER JOIN (
    SELECT [c].[Id], [c].[CreatedAtUtc], [c].[Description], [c].[IsDeleted], [c].[Name], [c].[ParentCategoryId], [c].[UpdatedAtUtc]
    FROM [Categories] AS [c]
    WHERE [c].[IsDeleted] = CAST(0 AS bit)
) AS [c0] ON [b0].[CategoryId] = [c0].[Id]
ORDER BY [b0].[CreatedAtUtc] DESC
2025-06-11 10:55:07.697 +07:00 [INF] (Bookstore.Application.Services.AuthorService) Fetching all authors. Page: 1, PageSize: 10, Search: null
2025-06-11 10:55:07.698 +07:00 [INF] (Microsoft.EntityFrameworkCore.Database.Command) Executed DbCommand (3ms) [Parameters=[@__p_0='0', @__p_1='10'], CommandType='"Text"', CommandTimeout='30']
SELECT [c].[Id], [c].[CreatedAtUtc], [c].[Description], [c].[IsDeleted], [c].[Name], [c].[ParentCategoryId], [c].[UpdatedAtUtc]
FROM [Categories] AS [c]
WHERE [c].[IsDeleted] = CAST(0 AS bit)
ORDER BY [c].[Name]
OFFSET @__p_0 ROWS FETCH NEXT @__p_1 ROWS ONLY
2025-06-11 10:55:07.702 +07:00 [INF] (Microsoft.EntityFrameworkCore.Database.Command) Executed DbCommand (2ms) [Parameters=[@__p_0='0', @__p_1='10'], CommandType='"Text"', CommandTimeout='30']
SELECT [a].[Id], [a].[Biography], [a].[CreatedAtUtc], [a].[Name], [a].[UpdatedAtUtc]
FROM [Authors] AS [a]
ORDER BY [a].[Name]
OFFSET @__p_0 ROWS FETCH NEXT @__p_1 ROWS ONLY
2025-06-11 10:55:12.527 +07:00 [INF] (Bookstore.Application.Services.AuthorService) Fetching all authors. Page: 1, PageSize: 10, Search: null
2025-06-11 10:55:12.528 +07:00 [INF] (Microsoft.EntityFrameworkCore.Database.Command) Executed DbCommand (4ms) [Parameters=[@__p_0='0', @__p_1='10'], CommandType='"Text"', CommandTimeout='30']
SELECT [c].[Id], [c].[CreatedAtUtc], [c].[Description], [c].[IsDeleted], [c].[Name], [c].[ParentCategoryId], [c].[UpdatedAtUtc]
FROM [Categories] AS [c]
WHERE [c].[IsDeleted] = CAST(0 AS bit)
ORDER BY [c].[Name]
OFFSET @__p_0 ROWS FETCH NEXT @__p_1 ROWS ONLY
2025-06-11 10:55:12.532 +07:00 [INF] (Microsoft.EntityFrameworkCore.Database.Command) Executed DbCommand (2ms) [Parameters=[@__p_0='0', @__p_1='10'], CommandType='"Text"', CommandTimeout='30']
SELECT [a].[Id], [a].[Biography], [a].[CreatedAtUtc], [a].[Name], [a].[UpdatedAtUtc]
FROM [Authors] AS [a]
ORDER BY [a].[Name]
OFFSET @__p_0 ROWS FETCH NEXT @__p_1 ROWS ONLY
2025-06-11 10:55:12.597 +07:00 [INF] (Microsoft.EntityFrameworkCore.Database.Command) Executed DbCommand (4ms) [Parameters=[@__id_0='1cf348ee-deb2-46ab-aa5c-3815a7969e2d'], CommandType='"Text"', CommandTimeout='30']
SELECT [b].[Id], [b].[AuthorId], [b].[CategoryId], [b].[CoverImageUrl], [b].[CreatedAtUtc], [b].[Description], [b].[ISBN], [b].[IsDeleted], [b].[Price], [b].[PublicationYear], [b].[Publisher], [b].[StockQuantity], [b].[Title], [b].[UpdatedAtUtc], [a].[Id], [a].[Biography], [a].[CreatedAtUtc], [a].[Name], [a].[UpdatedAtUtc], [c0].[Id], [c0].[CreatedAtUtc], [c0].[Description], [c0].[IsDeleted], [c0].[Name], [c0].[ParentCategoryId], [c0].[UpdatedAtUtc]
FROM [Books] AS [b]
LEFT JOIN [Authors] AS [a] ON [b].[AuthorId] = [a].[Id]
INNER JOIN (
    SELECT [c].[Id], [c].[CreatedAtUtc], [c].[Description], [c].[IsDeleted], [c].[Name], [c].[ParentCategoryId], [c].[UpdatedAtUtc]
    FROM [Categories] AS [c]
    WHERE [c].[IsDeleted] = CAST(0 AS bit)
) AS [c0] ON [b].[CategoryId] = [c0].[Id]
WHERE [b].[IsDeleted] = CAST(0 AS bit) AND [b].[Id] = @__id_0
2025-06-11 10:55:47.899 +07:00 [INF] (Microsoft.EntityFrameworkCore.Database.Command) Executed DbCommand (5ms) [Parameters=[@__p_0='1cf348ee-deb2-46ab-aa5c-3815a7969e2d' (Nullable = true)], CommandType='"Text"', CommandTimeout='30']
SELECT TOP(1) [b].[Id], [b].[AuthorId], [b].[CategoryId], [b].[CoverImageUrl], [b].[CreatedAtUtc], [b].[Description], [b].[ISBN], [b].[IsDeleted], [b].[Price], [b].[PublicationYear], [b].[Publisher], [b].[StockQuantity], [b].[Title], [b].[UpdatedAtUtc]
FROM [Books] AS [b]
WHERE [b].[IsDeleted] = CAST(0 AS bit) AND [b].[Id] = @__p_0
2025-06-11 10:55:47.946 +07:00 [INF] (Bookstore.Infrastructure.Services.GoogleCloudStorageService) Uploading original image to GCS: images/covers/62278a80-23dc-4353-88f5-1dc415d5f9d0.jpg
2025-06-11 10:55:49.237 +07:00 [INF] (Bookstore.Infrastructure.Services.GoogleCloudStorageService) Uploading resized image to GCS: images/covers/62278a80-23dc-4353-88f5-1dc415d5f9d0_M.jpg
2025-06-11 10:55:49.756 +07:00 [INF] (Bookstore.Infrastructure.Services.GoogleCloudStorageService) Uploading resized image to GCS: images/covers/62278a80-23dc-4353-88f5-1dc415d5f9d0_T.jpg
2025-06-11 10:55:49.992 +07:00 [INF] (Bookstore.Infrastructure.Services.GoogleCloudStorageService) Image and renditions uploaded successfully for base name: 62278a80-23dc-4353-88f5-1dc415d5f9d0
2025-06-11 10:55:50.110 +07:00 [INF] (Microsoft.EntityFrameworkCore.Database.Command) Executed DbCommand (9ms) [Parameters=[@p13='1cf348ee-deb2-46ab-aa5c-3815a7969e2d', @p0='b2c3d4e5-f6a1-4b2c-9d3e-8f1a2b3c4d5e' (Nullable = true), @p1='b8d7b4e0-5a3e-4c9c-8e1d-9a1c3f5b7e0a', @p2='https://storage.googleapis.com/bookmanagement-images/images/covers/62278a80-23dc-4353-88f5-1dc415d5f9d0_M.jpg' (Size = 4000), @p3='2025-06-10T12:41:54.7718231', @p4='A landmark science fiction novel set in the distant future amidst a feudal interstellar society.' (Size = 4000), @p5='978-0441172719' (Size = 4000), @p6='False', @p7='15.99' (Precision = 18) (Scale = 2), @p8='1965' (Nullable = true), @p9='Ace Books' (Size = 4000), @p10='25', @p11='Dune' (Nullable = false) (Size = 4000), @p12='2025-06-11T03:55:50.0345308Z'], CommandType='"Text"', CommandTimeout='30']
SET IMPLICIT_TRANSACTIONS OFF;
SET NOCOUNT ON;
UPDATE [Books] SET [AuthorId] = @p0, [CategoryId] = @p1, [CoverImageUrl] = @p2, [CreatedAtUtc] = @p3, [Description] = @p4, [ISBN] = @p5, [IsDeleted] = @p6, [Price] = @p7, [PublicationYear] = @p8, [Publisher] = @p9, [StockQuantity] = @p10, [Title] = @p11, [UpdatedAtUtc] = @p12
OUTPUT 1
WHERE [Id] = @p13;
2025-06-11 10:55:50.152 +07:00 [INF] (Microsoft.EntityFrameworkCore.Database.Command) Executed DbCommand (6ms) [Parameters=[@__id_0='1cf348ee-deb2-46ab-aa5c-3815a7969e2d'], CommandType='"Text"', CommandTimeout='30']
SELECT [b].[Id], [b].[AuthorId], [b].[CategoryId], [b].[CoverImageUrl], [b].[CreatedAtUtc], [b].[Description], [b].[ISBN], [b].[IsDeleted], [b].[Price], [b].[PublicationYear], [b].[Publisher], [b].[StockQuantity], [b].[Title], [b].[UpdatedAtUtc], [a].[Id], [a].[Biography], [a].[CreatedAtUtc], [a].[Name], [a].[UpdatedAtUtc], [c0].[Id], [c0].[CreatedAtUtc], [c0].[Description], [c0].[IsDeleted], [c0].[Name], [c0].[ParentCategoryId], [c0].[UpdatedAtUtc]
FROM [Books] AS [b]
LEFT JOIN [Authors] AS [a] ON [b].[AuthorId] = [a].[Id]
INNER JOIN (
    SELECT [c].[Id], [c].[CreatedAtUtc], [c].[Description], [c].[IsDeleted], [c].[Name], [c].[ParentCategoryId], [c].[UpdatedAtUtc]
    FROM [Categories] AS [c]
    WHERE [c].[IsDeleted] = CAST(0 AS bit)
) AS [c0] ON [b].[CategoryId] = [c0].[Id]
WHERE [b].[IsDeleted] = CAST(0 AS bit) AND [b].[Id] = @__id_0
2025-06-11 10:55:55.749 +07:00 [INF] (Microsoft.EntityFrameworkCore.Database.Command) Executed DbCommand (3ms) [Parameters=[@__p_0='1cf348ee-deb2-46ab-aa5c-3815a7969e2d' (Nullable = true)], CommandType='"Text"', CommandTimeout='30']
SELECT TOP(1) [b].[Id], [b].[AuthorId], [b].[CategoryId], [b].[CoverImageUrl], [b].[CreatedAtUtc], [b].[Description], [b].[ISBN], [b].[IsDeleted], [b].[Price], [b].[PublicationYear], [b].[Publisher], [b].[StockQuantity], [b].[Title], [b].[UpdatedAtUtc]
FROM [Books] AS [b]
WHERE [b].[IsDeleted] = CAST(0 AS bit) AND [b].[Id] = @__p_0
2025-06-11 10:55:55.761 +07:00 [INF] (Microsoft.EntityFrameworkCore.Database.Command) Executed DbCommand (3ms) [Parameters=[@__p_0='da2a34a1-f94b-4610-818a-8b1d0564f01b' (Nullable = true)], CommandType='"Text"', CommandTimeout='30']
SELECT TOP(1) [c].[Id], [c].[CreatedAtUtc], [c].[Description], [c].[IsDeleted], [c].[Name], [c].[ParentCategoryId], [c].[UpdatedAtUtc]
FROM [Categories] AS [c]
WHERE [c].[IsDeleted] = CAST(0 AS bit) AND [c].[Id] = @__p_0
2025-06-11 10:55:55.783 +07:00 [INF] (Microsoft.EntityFrameworkCore.Database.Command) Executed DbCommand (2ms) [Parameters=[@__p_0='b2c3d4e5-f6a1-4b2c-9d3e-8f1a2b3c4d5e' (Nullable = true)], CommandType='"Text"', CommandTimeout='30']
SELECT TOP(1) [a].[Id], [a].[Biography], [a].[CreatedAtUtc], [a].[Name], [a].[UpdatedAtUtc]
FROM [Authors] AS [a]
WHERE [a].[Id] = @__p_0
2025-06-11 10:55:55.819 +07:00 [INF] (Microsoft.EntityFrameworkCore.Database.Command) Executed DbCommand (5ms) [Parameters=[@p13='1cf348ee-deb2-46ab-aa5c-3815a7969e2d', @p0='b2c3d4e5-f6a1-4b2c-9d3e-8f1a2b3c4d5e' (Nullable = true), @p1='da2a34a1-f94b-4610-818a-8b1d0564f01b', @p2='https://storage.googleapis.com/bookmanagement-images/images/covers/62278a80-23dc-4353-88f5-1dc415d5f9d0_M.jpg' (Size = 4000), @p3='2025-06-10T12:41:54.7718231', @p4='A landmark science fiction novel set in the distant future amidst a feudal interstellar society.' (Size = 4000), @p5='978-0441172719' (Size = 4000), @p6='False', @p7='15.99' (Precision = 18) (Scale = 2), @p8='1965' (Nullable = true), @p9='Ace Books' (Size = 4000), @p10='25', @p11='Dune' (Nullable = false) (Size = 4000), @p12='2025-06-11T03:55:55.8143298Z'], CommandType='"Text"', CommandTimeout='30']
SET IMPLICIT_TRANSACTIONS OFF;
SET NOCOUNT ON;
UPDATE [Books] SET [AuthorId] = @p0, [CategoryId] = @p1, [CoverImageUrl] = @p2, [CreatedAtUtc] = @p3, [Description] = @p4, [ISBN] = @p5, [IsDeleted] = @p6, [Price] = @p7, [PublicationYear] = @p8, [Publisher] = @p9, [StockQuantity] = @p10, [Title] = @p11, [UpdatedAtUtc] = @p12
OUTPUT 1
WHERE [Id] = @p13;
2025-06-11 10:55:58.346 +07:00 [INF] (Microsoft.EntityFrameworkCore.Database.Command) Executed DbCommand (5ms) [Parameters=[@__p_0='0', @__p_1='15'], CommandType='"Text"', CommandTimeout='30']
SELECT [b0].[Id], [b0].[AuthorId], [b0].[CategoryId], [b0].[CoverImageUrl], [b0].[CreatedAtUtc], [b0].[Description], [b0].[ISBN], [b0].[IsDeleted], [b0].[Price], [b0].[PublicationYear], [b0].[Publisher], [b0].[StockQuantity], [b0].[Title], [b0].[UpdatedAtUtc], [a].[Id], [a].[Biography], [a].[CreatedAtUtc], [a].[Name], [a].[UpdatedAtUtc], [c0].[Id], [c0].[CreatedAtUtc], [c0].[Description], [c0].[IsDeleted], [c0].[Name], [c0].[ParentCategoryId], [c0].[UpdatedAtUtc]
FROM (
    SELECT [b].[Id], [b].[AuthorId], [b].[CategoryId], [b].[CoverImageUrl], [b].[CreatedAtUtc], [b].[Description], [b].[ISBN], [b].[IsDeleted], [b].[Price], [b].[PublicationYear], [b].[Publisher], [b].[StockQuantity], [b].[Title], [b].[UpdatedAtUtc]
    FROM [Books] AS [b]
    WHERE [b].[IsDeleted] = CAST(0 AS bit)
    ORDER BY [b].[CreatedAtUtc] DESC
    OFFSET @__p_0 ROWS FETCH NEXT @__p_1 ROWS ONLY
) AS [b0]
LEFT JOIN [Authors] AS [a] ON [b0].[AuthorId] = [a].[Id]
INNER JOIN (
    SELECT [c].[Id], [c].[CreatedAtUtc], [c].[Description], [c].[IsDeleted], [c].[Name], [c].[ParentCategoryId], [c].[UpdatedAtUtc]
    FROM [Categories] AS [c]
    WHERE [c].[IsDeleted] = CAST(0 AS bit)
) AS [c0] ON [b0].[CategoryId] = [c0].[Id]
ORDER BY [b0].[CreatedAtUtc] DESC
2025-06-11 10:56:03.262 +07:00 [INF] (Bookstore.Application.Services.AuthorService) Fetching all authors. Page: 1, PageSize: 10, Search: null
2025-06-11 10:56:03.266 +07:00 [INF] (Microsoft.EntityFrameworkCore.Database.Command) Executed DbCommand (2ms) [Parameters=[@__p_0='0', @__p_1='10'], CommandType='"Text"', CommandTimeout='30']
SELECT [a].[Id], [a].[Biography], [a].[CreatedAtUtc], [a].[Name], [a].[UpdatedAtUtc]
FROM [Authors] AS [a]
ORDER BY [a].[Name]
OFFSET @__p_0 ROWS FETCH NEXT @__p_1 ROWS ONLY
2025-06-11 10:56:03.283 +07:00 [INF] (Microsoft.EntityFrameworkCore.Database.Command) Executed DbCommand (2ms) [Parameters=[@__p_0='0', @__p_1='10'], CommandType='"Text"', CommandTimeout='30']
SELECT [c].[Id], [c].[CreatedAtUtc], [c].[Description], [c].[IsDeleted], [c].[Name], [c].[ParentCategoryId], [c].[UpdatedAtUtc]
FROM [Categories] AS [c]
WHERE [c].[IsDeleted] = CAST(0 AS bit)
ORDER BY [c].[Name]
OFFSET @__p_0 ROWS FETCH NEXT @__p_1 ROWS ONLY
2025-06-11 10:56:03.301 +07:00 [INF] (Microsoft.EntityFrameworkCore.Database.Command) Executed DbCommand (4ms) [Parameters=[@__id_0='ba80e2b5-b426-44eb-acfa-06315f9fcb6b'], CommandType='"Text"', CommandTimeout='30']
SELECT [b].[Id], [b].[AuthorId], [b].[CategoryId], [b].[CoverImageUrl], [b].[CreatedAtUtc], [b].[Description], [b].[ISBN], [b].[IsDeleted], [b].[Price], [b].[PublicationYear], [b].[Publisher], [b].[StockQuantity], [b].[Title], [b].[UpdatedAtUtc], [a].[Id], [a].[Biography], [a].[CreatedAtUtc], [a].[Name], [a].[UpdatedAtUtc], [c0].[Id], [c0].[CreatedAtUtc], [c0].[Description], [c0].[IsDeleted], [c0].[Name], [c0].[ParentCategoryId], [c0].[UpdatedAtUtc]
FROM [Books] AS [b]
LEFT JOIN [Authors] AS [a] ON [b].[AuthorId] = [a].[Id]
INNER JOIN (
    SELECT [c].[Id], [c].[CreatedAtUtc], [c].[Description], [c].[IsDeleted], [c].[Name], [c].[ParentCategoryId], [c].[UpdatedAtUtc]
    FROM [Categories] AS [c]
    WHERE [c].[IsDeleted] = CAST(0 AS bit)
) AS [c0] ON [b].[CategoryId] = [c0].[Id]
WHERE [b].[IsDeleted] = CAST(0 AS bit) AND [b].[Id] = @__id_0
2025-06-11 10:56:25.319 +07:00 [INF] (Microsoft.EntityFrameworkCore.Database.Command) Executed DbCommand (2ms) [Parameters=[@__p_0='ba80e2b5-b426-44eb-acfa-06315f9fcb6b' (Nullable = true)], CommandType='"Text"', CommandTimeout='30']
SELECT TOP(1) [b].[Id], [b].[AuthorId], [b].[CategoryId], [b].[CoverImageUrl], [b].[CreatedAtUtc], [b].[Description], [b].[ISBN], [b].[IsDeleted], [b].[Price], [b].[PublicationYear], [b].[Publisher], [b].[StockQuantity], [b].[Title], [b].[UpdatedAtUtc]
FROM [Books] AS [b]
WHERE [b].[IsDeleted] = CAST(0 AS bit) AND [b].[Id] = @__p_0
2025-06-11 10:56:25.330 +07:00 [INF] (Bookstore.Infrastructure.Services.GoogleCloudStorageService) Attempting to delete GCS objects for base name: images/covers/af34c6e0-f7d2-4907-b267-cb33c6ba3dbe
2025-06-11 10:56:25.351 +07:00 [INF] (Bookstore.Infrastructure.Services.GoogleCloudStorageService) Uploading original image to GCS: images/covers/4fb31e88-d08c-4e89-8fc0-1a41ffca25a3.jpg
2025-06-11 10:56:25.488 +07:00 [INF] (Bookstore.Infrastructure.Services.GoogleCloudStorageService) Deleted GCS object: images/covers/af34c6e0-f7d2-4907-b267-cb33c6ba3dbe_T.jpg
2025-06-11 10:56:25.492 +07:00 [INF] (Bookstore.Infrastructure.Services.GoogleCloudStorageService) Deleted GCS object: images/covers/af34c6e0-f7d2-4907-b267-cb33c6ba3dbe.jpg
2025-06-11 10:56:25.514 +07:00 [INF] (Bookstore.Infrastructure.Services.GoogleCloudStorageService) Deleted GCS object: images/covers/af34c6e0-f7d2-4907-b267-cb33c6ba3dbe_M.jpg
2025-06-11 10:56:26.103 +07:00 [INF] (Bookstore.Infrastructure.Services.GoogleCloudStorageService) Uploading resized image to GCS: images/covers/4fb31e88-d08c-4e89-8fc0-1a41ffca25a3_M.jpg
2025-06-11 10:56:26.375 +07:00 [INF] (Bookstore.Infrastructure.Services.GoogleCloudStorageService) Uploading resized image to GCS: images/covers/4fb31e88-d08c-4e89-8fc0-1a41ffca25a3_T.jpg
2025-06-11 10:56:26.598 +07:00 [INF] (Bookstore.Infrastructure.Services.GoogleCloudStorageService) Image and renditions uploaded successfully for base name: 4fb31e88-d08c-4e89-8fc0-1a41ffca25a3
2025-06-11 10:56:26.604 +07:00 [INF] (Microsoft.EntityFrameworkCore.Database.Command) Executed DbCommand (4ms) [Parameters=[@p13='ba80e2b5-b426-44eb-acfa-06315f9fcb6b', @p0='1f3a5e8b-9c2d-4b6f-8a1d-7e4b0c9a2d1e' (Nullable = true), @p1='a91a6327-bf73-411c-a18a-4b92b3085d9e', @p2='https://storage.googleapis.com/bookmanagement-images/images/covers/4fb31e88-d08c-4e89-8fc0-1a41ffca25a3_M.jpg' (Size = 4000), @p3='2025-04-25T11:14:27.9233333', @p4='A novel by Harper Lee published in 1960. Instantly successful, widely read in high schools and middle schools in the United States.' (Size = 4000), @p5='978-0061120084' (Size = 4000), @p6='False', @p7='9.99' (Precision = 18) (Scale = 2), @p8='1960' (Nullable = true), @p9='Harper Perennial Modern Classics' (Size = 4000), @p10='0', @p11='To Kill a Mockingbird' (Nullable = false) (Size = 4000), @p12='2025-06-11T03:56:26.5993551Z'], CommandType='"Text"', CommandTimeout='30']
SET IMPLICIT_TRANSACTIONS OFF;
SET NOCOUNT ON;
UPDATE [Books] SET [AuthorId] = @p0, [CategoryId] = @p1, [CoverImageUrl] = @p2, [CreatedAtUtc] = @p3, [Description] = @p4, [ISBN] = @p5, [IsDeleted] = @p6, [Price] = @p7, [PublicationYear] = @p8, [Publisher] = @p9, [StockQuantity] = @p10, [Title] = @p11, [UpdatedAtUtc] = @p12
OUTPUT 1
WHERE [Id] = @p13;
2025-06-11 10:56:26.624 +07:00 [INF] (Microsoft.EntityFrameworkCore.Database.Command) Executed DbCommand (3ms) [Parameters=[@__id_0='ba80e2b5-b426-44eb-acfa-06315f9fcb6b'], CommandType='"Text"', CommandTimeout='30']
SELECT [b].[Id], [b].[AuthorId], [b].[CategoryId], [b].[CoverImageUrl], [b].[CreatedAtUtc], [b].[Description], [b].[ISBN], [b].[IsDeleted], [b].[Price], [b].[PublicationYear], [b].[Publisher], [b].[StockQuantity], [b].[Title], [b].[UpdatedAtUtc], [a].[Id], [a].[Biography], [a].[CreatedAtUtc], [a].[Name], [a].[UpdatedAtUtc], [c0].[Id], [c0].[CreatedAtUtc], [c0].[Description], [c0].[IsDeleted], [c0].[Name], [c0].[ParentCategoryId], [c0].[UpdatedAtUtc]
FROM [Books] AS [b]
LEFT JOIN [Authors] AS [a] ON [b].[AuthorId] = [a].[Id]
INNER JOIN (
    SELECT [c].[Id], [c].[CreatedAtUtc], [c].[Description], [c].[IsDeleted], [c].[Name], [c].[ParentCategoryId], [c].[UpdatedAtUtc]
    FROM [Categories] AS [c]
    WHERE [c].[IsDeleted] = CAST(0 AS bit)
) AS [c0] ON [b].[CategoryId] = [c0].[Id]
WHERE [b].[IsDeleted] = CAST(0 AS bit) AND [b].[Id] = @__id_0
2025-06-11 10:56:35.585 +07:00 [INF] (Microsoft.EntityFrameworkCore.Database.Command) Executed DbCommand (3ms) [Parameters=[@__p_0='ba80e2b5-b426-44eb-acfa-06315f9fcb6b' (Nullable = true)], CommandType='"Text"', CommandTimeout='30']
SELECT TOP(1) [b].[Id], [b].[AuthorId], [b].[CategoryId], [b].[CoverImageUrl], [b].[CreatedAtUtc], [b].[Description], [b].[ISBN], [b].[IsDeleted], [b].[Price], [b].[PublicationYear], [b].[Publisher], [b].[StockQuantity], [b].[Title], [b].[UpdatedAtUtc]
FROM [Books] AS [b]
WHERE [b].[IsDeleted] = CAST(0 AS bit) AND [b].[Id] = @__p_0
2025-06-11 10:56:35.592 +07:00 [INF] (Microsoft.EntityFrameworkCore.Database.Command) Executed DbCommand (3ms) [Parameters=[@__p_0='36a5332f-c2c3-479a-9f5d-2201468ee3eb' (Nullable = true)], CommandType='"Text"', CommandTimeout='30']
SELECT TOP(1) [c].[Id], [c].[CreatedAtUtc], [c].[Description], [c].[IsDeleted], [c].[Name], [c].[ParentCategoryId], [c].[UpdatedAtUtc]
FROM [Categories] AS [c]
WHERE [c].[IsDeleted] = CAST(0 AS bit) AND [c].[Id] = @__p_0
2025-06-11 10:56:35.601 +07:00 [INF] (Microsoft.EntityFrameworkCore.Database.Command) Executed DbCommand (2ms) [Parameters=[@__p_0='1f3a5e8b-9c2d-4b6f-8a1d-7e4b0c9a2d1e' (Nullable = true)], CommandType='"Text"', CommandTimeout='30']
SELECT TOP(1) [a].[Id], [a].[Biography], [a].[CreatedAtUtc], [a].[Name], [a].[UpdatedAtUtc]
FROM [Authors] AS [a]
WHERE [a].[Id] = @__p_0
2025-06-11 10:56:35.610 +07:00 [INF] (Microsoft.EntityFrameworkCore.Database.Command) Executed DbCommand (4ms) [Parameters=[@p13='ba80e2b5-b426-44eb-acfa-06315f9fcb6b', @p0='1f3a5e8b-9c2d-4b6f-8a1d-7e4b0c9a2d1e' (Nullable = true), @p1='36a5332f-c2c3-479a-9f5d-2201468ee3eb', @p2='https://storage.googleapis.com/bookmanagement-images/images/covers/4fb31e88-d08c-4e89-8fc0-1a41ffca25a3_M.jpg' (Size = 4000), @p3='2025-04-25T11:14:27.9233333', @p4='A novel by Harper Lee published in 1960. Instantly successful, widely read in high schools and middle schools in the United States.' (Size = 4000), @p5='978-0061120084' (Size = 4000), @p6='False', @p7='9.99' (Precision = 18) (Scale = 2), @p8='1960' (Nullable = true), @p9='Harper Perennial Modern Classics' (Size = 4000), @p10='0', @p11='To Kill a Mockingbird' (Nullable = false) (Size = 4000), @p12='2025-06-11T03:56:35.6059902Z'], CommandType='"Text"', CommandTimeout='30']
SET IMPLICIT_TRANSACTIONS OFF;
SET NOCOUNT ON;
UPDATE [Books] SET [AuthorId] = @p0, [CategoryId] = @p1, [CoverImageUrl] = @p2, [CreatedAtUtc] = @p3, [Description] = @p4, [ISBN] = @p5, [IsDeleted] = @p6, [Price] = @p7, [PublicationYear] = @p8, [Publisher] = @p9, [StockQuantity] = @p10, [Title] = @p11, [UpdatedAtUtc] = @p12
OUTPUT 1
WHERE [Id] = @p13;
2025-06-11 10:56:39.178 +07:00 [INF] (Microsoft.EntityFrameworkCore.Database.Command) Executed DbCommand (4ms) [Parameters=[@__p_0='0', @__p_1='15'], CommandType='"Text"', CommandTimeout='30']
SELECT [b0].[Id], [b0].[AuthorId], [b0].[CategoryId], [b0].[CoverImageUrl], [b0].[CreatedAtUtc], [b0].[Description], [b0].[ISBN], [b0].[IsDeleted], [b0].[Price], [b0].[PublicationYear], [b0].[Publisher], [b0].[StockQuantity], [b0].[Title], [b0].[UpdatedAtUtc], [a].[Id], [a].[Biography], [a].[CreatedAtUtc], [a].[Name], [a].[UpdatedAtUtc], [c0].[Id], [c0].[CreatedAtUtc], [c0].[Description], [c0].[IsDeleted], [c0].[Name], [c0].[ParentCategoryId], [c0].[UpdatedAtUtc]
FROM (
    SELECT [b].[Id], [b].[AuthorId], [b].[CategoryId], [b].[CoverImageUrl], [b].[CreatedAtUtc], [b].[Description], [b].[ISBN], [b].[IsDeleted], [b].[Price], [b].[PublicationYear], [b].[Publisher], [b].[StockQuantity], [b].[Title], [b].[UpdatedAtUtc]
    FROM [Books] AS [b]
    WHERE [b].[IsDeleted] = CAST(0 AS bit)
    ORDER BY [b].[CreatedAtUtc] DESC
    OFFSET @__p_0 ROWS FETCH NEXT @__p_1 ROWS ONLY
) AS [b0]
LEFT JOIN [Authors] AS [a] ON [b0].[AuthorId] = [a].[Id]
INNER JOIN (
    SELECT [c].[Id], [c].[CreatedAtUtc], [c].[Description], [c].[IsDeleted], [c].[Name], [c].[ParentCategoryId], [c].[UpdatedAtUtc]
    FROM [Categories] AS [c]
    WHERE [c].[IsDeleted] = CAST(0 AS bit)
) AS [c0] ON [b0].[CategoryId] = [c0].[Id]
ORDER BY [b0].[CreatedAtUtc] DESC
2025-06-11 10:56:44.112 +07:00 [INF] (Microsoft.EntityFrameworkCore.Database.Command) Executed DbCommand (6ms) [Parameters=[@__p_0='0', @__p_1='15'], CommandType='"Text"', CommandTimeout='30']
SELECT [b0].[Id], [b0].[AuthorId], [b0].[CategoryId], [b0].[CoverImageUrl], [b0].[CreatedAtUtc], [b0].[Description], [b0].[ISBN], [b0].[IsDeleted], [b0].[Price], [b0].[PublicationYear], [b0].[Publisher], [b0].[StockQuantity], [b0].[Title], [b0].[UpdatedAtUtc], [a].[Id], [a].[Biography], [a].[CreatedAtUtc], [a].[Name], [a].[UpdatedAtUtc], [c0].[Id], [c0].[CreatedAtUtc], [c0].[Description], [c0].[IsDeleted], [c0].[Name], [c0].[ParentCategoryId], [c0].[UpdatedAtUtc]
FROM (
    SELECT [b].[Id], [b].[AuthorId], [b].[CategoryId], [b].[CoverImageUrl], [b].[CreatedAtUtc], [b].[Description], [b].[ISBN], [b].[IsDeleted], [b].[Price], [b].[PublicationYear], [b].[Publisher], [b].[StockQuantity], [b].[Title], [b].[UpdatedAtUtc]
    FROM [Books] AS [b]
    WHERE [b].[IsDeleted] = CAST(0 AS bit)
    ORDER BY [b].[CreatedAtUtc] DESC
    OFFSET @__p_0 ROWS FETCH NEXT @__p_1 ROWS ONLY
) AS [b0]
LEFT JOIN [Authors] AS [a] ON [b0].[AuthorId] = [a].[Id]
INNER JOIN (
    SELECT [c].[Id], [c].[CreatedAtUtc], [c].[Description], [c].[IsDeleted], [c].[Name], [c].[ParentCategoryId], [c].[UpdatedAtUtc]
    FROM [Categories] AS [c]
    WHERE [c].[IsDeleted] = CAST(0 AS bit)
) AS [c0] ON [b0].[CategoryId] = [c0].[Id]
ORDER BY [b0].[CreatedAtUtc] DESC
2025-06-11 10:56:44.118 +07:00 [INF] (Microsoft.EntityFrameworkCore.Database.Command) Executed DbCommand (2ms) [Parameters=[@__p_0='1ed59d04-83f1-4624-8739-3de94c30e54b' (Nullable = true)], CommandType='"Text"', CommandTimeout='30']
SELECT TOP(1) [b].[Id], [b].[AuthorId], [b].[CategoryId], [b].[CoverImageUrl], [b].[CreatedAtUtc], [b].[Description], [b].[ISBN], [b].[IsDeleted], [b].[Price], [b].[PublicationYear], [b].[Publisher], [b].[StockQuantity], [b].[Title], [b].[UpdatedAtUtc]
FROM [Books] AS [b]
WHERE [b].[IsDeleted] = CAST(0 AS bit) AND [b].[Id] = @__p_0
2025-06-11 10:56:44.127 +07:00 [INF] (Microsoft.EntityFrameworkCore.Database.Command) Executed DbCommand (4ms) [Parameters=[@p13='1ed59d04-83f1-4624-8739-3de94c30e54b', @p0='2a4b6f9c-8d1e-4a3b-9b2e-6d5a1f8c3e2f' (Nullable = true), @p1='b8d7b4e0-5a3e-4c9c-8e1d-9a1c3f5b7e0a', @p2='https://storage.googleapis.com/bookmanagement-images/images/covers/24c35a69-4355-4538-9cc4-f3187abc9cbc_M.jpg' (Size = 4000), @p3='2025-04-25T11:14:27.9233333', @p4='A 1965 science fiction novel by American author Frank Herbert, originally published as two separate serials in Analog magazine.' (Size = 4000), @p5='978-0441172719' (Size = 4000), @p6='True', @p7='15.50' (Precision = 18) (Scale = 2), @p8='1965' (Nullable = true), @p9='Ace Books' (Size = 4000), @p10='6', @p11='Dune' (Nullable = false) (Size = 4000), @p12='2025-06-11T03:56:44.1235408Z'], CommandType='"Text"', CommandTimeout='30']
SET IMPLICIT_TRANSACTIONS OFF;
SET NOCOUNT ON;
UPDATE [Books] SET [AuthorId] = @p0, [CategoryId] = @p1, [CoverImageUrl] = @p2, [CreatedAtUtc] = @p3, [Description] = @p4, [ISBN] = @p5, [IsDeleted] = @p6, [Price] = @p7, [PublicationYear] = @p8, [Publisher] = @p9, [StockQuantity] = @p10, [Title] = @p11, [UpdatedAtUtc] = @p12
OUTPUT 1
WHERE [Id] = @p13;
2025-06-11 10:56:44.163 +07:00 [INF] (Microsoft.EntityFrameworkCore.Database.Command) Executed DbCommand (1ms) [Parameters=[@__p_0='0', @__p_1='15'], CommandType='"Text"', CommandTimeout='30']
SELECT [b0].[Id], [b0].[AuthorId], [b0].[CategoryId], [b0].[CoverImageUrl], [b0].[CreatedAtUtc], [b0].[Description], [b0].[ISBN], [b0].[IsDeleted], [b0].[Price], [b0].[PublicationYear], [b0].[Publisher], [b0].[StockQuantity], [b0].[Title], [b0].[UpdatedAtUtc], [a].[Id], [a].[Biography], [a].[CreatedAtUtc], [a].[Name], [a].[UpdatedAtUtc], [c0].[Id], [c0].[CreatedAtUtc], [c0].[Description], [c0].[IsDeleted], [c0].[Name], [c0].[ParentCategoryId], [c0].[UpdatedAtUtc]
FROM (
    SELECT [b].[Id], [b].[AuthorId], [b].[CategoryId], [b].[CoverImageUrl], [b].[CreatedAtUtc], [b].[Description], [b].[ISBN], [b].[IsDeleted], [b].[Price], [b].[PublicationYear], [b].[Publisher], [b].[StockQuantity], [b].[Title], [b].[UpdatedAtUtc]
    FROM [Books] AS [b]
    WHERE [b].[IsDeleted] = CAST(0 AS bit)
    ORDER BY [b].[CreatedAtUtc] DESC
    OFFSET @__p_0 ROWS FETCH NEXT @__p_1 ROWS ONLY
) AS [b0]
LEFT JOIN [Authors] AS [a] ON [b0].[AuthorId] = [a].[Id]
INNER JOIN (
    SELECT [c].[Id], [c].[CreatedAtUtc], [c].[Description], [c].[IsDeleted], [c].[Name], [c].[ParentCategoryId], [c].[UpdatedAtUtc]
    FROM [Categories] AS [c]
    WHERE [c].[IsDeleted] = CAST(0 AS bit)
) AS [c0] ON [b0].[CategoryId] = [c0].[Id]
ORDER BY [b0].[CreatedAtUtc] DESC
2025-06-11 10:56:44.167 +07:00 [INF] (Microsoft.EntityFrameworkCore.Database.Command) Executed DbCommand (1ms) [Parameters=[@__p_0='0', @__p_1='15'], CommandType='"Text"', CommandTimeout='30']
SELECT [b0].[Id], [b0].[AuthorId], [b0].[CategoryId], [b0].[CoverImageUrl], [b0].[CreatedAtUtc], [b0].[Description], [b0].[ISBN], [b0].[IsDeleted], [b0].[Price], [b0].[PublicationYear], [b0].[Publisher], [b0].[StockQuantity], [b0].[Title], [b0].[UpdatedAtUtc], [a].[Id], [a].[Biography], [a].[CreatedAtUtc], [a].[Name], [a].[UpdatedAtUtc], [c0].[Id], [c0].[CreatedAtUtc], [c0].[Description], [c0].[IsDeleted], [c0].[Name], [c0].[ParentCategoryId], [c0].[UpdatedAtUtc]
FROM (
    SELECT [b].[Id], [b].[AuthorId], [b].[CategoryId], [b].[CoverImageUrl], [b].[CreatedAtUtc], [b].[Description], [b].[ISBN], [b].[IsDeleted], [b].[Price], [b].[PublicationYear], [b].[Publisher], [b].[StockQuantity], [b].[Title], [b].[UpdatedAtUtc]
    FROM [Books] AS [b]
    WHERE [b].[IsDeleted] = CAST(0 AS bit)
    ORDER BY [b].[CreatedAtUtc] DESC
    OFFSET @__p_0 ROWS FETCH NEXT @__p_1 ROWS ONLY
) AS [b0]
LEFT JOIN [Authors] AS [a] ON [b0].[AuthorId] = [a].[Id]
INNER JOIN (
    SELECT [c].[Id], [c].[CreatedAtUtc], [c].[Description], [c].[IsDeleted], [c].[Name], [c].[ParentCategoryId], [c].[UpdatedAtUtc]
    FROM [Categories] AS [c]
    WHERE [c].[IsDeleted] = CAST(0 AS bit)
) AS [c0] ON [b0].[CategoryId] = [c0].[Id]
ORDER BY [b0].[CreatedAtUtc] DESC
2025-06-11 10:56:56.994 +07:00 [INF] (Bookstore.Application.Services.AuthorService) Fetching all authors. Page: 1, PageSize: 10, Search: null
2025-06-11 10:56:56.995 +07:00 [INF] (Microsoft.EntityFrameworkCore.Database.Command) Executed DbCommand (4ms) [Parameters=[@__p_0='0', @__p_1='10'], CommandType='"Text"', CommandTimeout='30']
SELECT [c].[Id], [c].[CreatedAtUtc], [c].[Description], [c].[IsDeleted], [c].[Name], [c].[ParentCategoryId], [c].[UpdatedAtUtc]
FROM [Categories] AS [c]
WHERE [c].[IsDeleted] = CAST(0 AS bit)
ORDER BY [c].[Name]
OFFSET @__p_0 ROWS FETCH NEXT @__p_1 ROWS ONLY
2025-06-11 10:56:56.998 +07:00 [INF] (Microsoft.EntityFrameworkCore.Database.Command) Executed DbCommand (2ms) [Parameters=[@__p_0='0', @__p_1='10'], CommandType='"Text"', CommandTimeout='30']
SELECT [a].[Id], [a].[Biography], [a].[CreatedAtUtc], [a].[Name], [a].[UpdatedAtUtc]
FROM [Authors] AS [a]
ORDER BY [a].[Name]
OFFSET @__p_0 ROWS FETCH NEXT @__p_1 ROWS ONLY
2025-06-11 10:56:57.040 +07:00 [INF] (Microsoft.EntityFrameworkCore.Database.Command) Executed DbCommand (3ms) [Parameters=[@__id_0='6d858026-d70a-4441-8837-01f8d972cb26'], CommandType='"Text"', CommandTimeout='30']
SELECT [b].[Id], [b].[AuthorId], [b].[CategoryId], [b].[CoverImageUrl], [b].[CreatedAtUtc], [b].[Description], [b].[ISBN], [b].[IsDeleted], [b].[Price], [b].[PublicationYear], [b].[Publisher], [b].[StockQuantity], [b].[Title], [b].[UpdatedAtUtc], [a].[Id], [a].[Biography], [a].[CreatedAtUtc], [a].[Name], [a].[UpdatedAtUtc], [c0].[Id], [c0].[CreatedAtUtc], [c0].[Description], [c0].[IsDeleted], [c0].[Name], [c0].[ParentCategoryId], [c0].[UpdatedAtUtc]
FROM [Books] AS [b]
LEFT JOIN [Authors] AS [a] ON [b].[AuthorId] = [a].[Id]
INNER JOIN (
    SELECT [c].[Id], [c].[CreatedAtUtc], [c].[Description], [c].[IsDeleted], [c].[Name], [c].[ParentCategoryId], [c].[UpdatedAtUtc]
    FROM [Categories] AS [c]
    WHERE [c].[IsDeleted] = CAST(0 AS bit)
) AS [c0] ON [b].[CategoryId] = [c0].[Id]
WHERE [b].[IsDeleted] = CAST(0 AS bit) AND [b].[Id] = @__id_0
2025-06-11 10:57:09.882 +07:00 [INF] (Microsoft.EntityFrameworkCore.Database.Command) Executed DbCommand (3ms) [Parameters=[@__p_0='6d858026-d70a-4441-8837-01f8d972cb26' (Nullable = true)], CommandType='"Text"', CommandTimeout='30']
SELECT TOP(1) [b].[Id], [b].[AuthorId], [b].[CategoryId], [b].[CoverImageUrl], [b].[CreatedAtUtc], [b].[Description], [b].[ISBN], [b].[IsDeleted], [b].[Price], [b].[PublicationYear], [b].[Publisher], [b].[StockQuantity], [b].[Title], [b].[UpdatedAtUtc]
FROM [Books] AS [b]
WHERE [b].[IsDeleted] = CAST(0 AS bit) AND [b].[Id] = @__p_0
2025-06-11 10:57:09.887 +07:00 [INF] (Microsoft.EntityFrameworkCore.Database.Command) Executed DbCommand (1ms) [Parameters=[@__p_0='707f89a4-da65-4b5e-a890-485a3b929301' (Nullable = true)], CommandType='"Text"', CommandTimeout='30']
SELECT TOP(1) [c].[Id], [c].[CreatedAtUtc], [c].[Description], [c].[IsDeleted], [c].[Name], [c].[ParentCategoryId], [c].[UpdatedAtUtc]
FROM [Categories] AS [c]
WHERE [c].[IsDeleted] = CAST(0 AS bit) AND [c].[Id] = @__p_0
2025-06-11 10:57:09.895 +07:00 [INF] (Microsoft.EntityFrameworkCore.Database.Command) Executed DbCommand (1ms) [Parameters=[@__p_0='8a0b2f5c-2d7e-4a9b-9b8e-0d1a7f4c9e8f' (Nullable = true)], CommandType='"Text"', CommandTimeout='30']
SELECT TOP(1) [a].[Id], [a].[Biography], [a].[CreatedAtUtc], [a].[Name], [a].[UpdatedAtUtc]
FROM [Authors] AS [a]
WHERE [a].[Id] = @__p_0
2025-06-11 10:57:09.905 +07:00 [INF] (Microsoft.EntityFrameworkCore.Database.Command) Executed DbCommand (5ms) [Parameters=[@p13='6d858026-d70a-4441-8837-01f8d972cb26', @p0='8a0b2f5c-2d7e-4a9b-9b8e-0d1a7f4c9e8f' (Nullable = true), @p1='707f89a4-da65-4b5e-a890-485a3b929301', @p2='https://storage.googleapis.com/bookmanagement-images/images/covers/fab18c61-e17d-488c-b9eb-e7a90d0709b4_M.jpg' (Size = 4000), @p3='2025-05-10T15:37:37.1449683', @p4='Clean struture code' (Size = 4000), @p5='0362500213' (Size = 4000), @p6='False', @p7='123.00' (Precision = 18) (Scale = 2), @p8='2024' (Nullable = true), @p9='Khoa Hoc' (Size = 4000), @p10='4', @p11='Clean Code' (Nullable = false) (Size = 4000), @p12='2025-06-11T03:57:09.9007287Z'], CommandType='"Text"', CommandTimeout='30']
SET IMPLICIT_TRANSACTIONS OFF;
SET NOCOUNT ON;
UPDATE [Books] SET [AuthorId] = @p0, [CategoryId] = @p1, [CoverImageUrl] = @p2, [CreatedAtUtc] = @p3, [Description] = @p4, [ISBN] = @p5, [IsDeleted] = @p6, [Price] = @p7, [PublicationYear] = @p8, [Publisher] = @p9, [StockQuantity] = @p10, [Title] = @p11, [UpdatedAtUtc] = @p12
OUTPUT 1
WHERE [Id] = @p13;
2025-06-11 10:57:13.941 +07:00 [INF] (Microsoft.EntityFrameworkCore.Database.Command) Executed DbCommand (2ms) [Parameters=[@__p_0='0', @__p_1='10'], CommandType='"Text"', CommandTimeout='30']
SELECT [c].[Id], [c].[CreatedAtUtc], [c].[Description], [c].[IsDeleted], [c].[Name], [c].[ParentCategoryId], [c].[UpdatedAtUtc]
FROM [Categories] AS [c]
WHERE [c].[IsDeleted] = CAST(0 AS bit)
ORDER BY [c].[Name]
OFFSET @__p_0 ROWS FETCH NEXT @__p_1 ROWS ONLY
2025-06-11 10:57:13.971 +07:00 [INF] (Bookstore.Application.Services.AuthorService) Fetching all authors. Page: 1, PageSize: 10, Search: null
2025-06-11 10:57:13.976 +07:00 [INF] (Microsoft.EntityFrameworkCore.Database.Command) Executed DbCommand (1ms) [Parameters=[@__p_0='0', @__p_1='10'], CommandType='"Text"', CommandTimeout='30']
SELECT [a].[Id], [a].[Biography], [a].[CreatedAtUtc], [a].[Name], [a].[UpdatedAtUtc]
FROM [Authors] AS [a]
ORDER BY [a].[Name]
OFFSET @__p_0 ROWS FETCH NEXT @__p_1 ROWS ONLY
2025-06-11 10:57:13.990 +07:00 [INF] (Microsoft.EntityFrameworkCore.Database.Command) Executed DbCommand (3ms) [Parameters=[@__id_0='5d8fc980-abf3-49f8-a735-92c402be0cbe'], CommandType='"Text"', CommandTimeout='30']
SELECT [b].[Id], [b].[AuthorId], [b].[CategoryId], [b].[CoverImageUrl], [b].[CreatedAtUtc], [b].[Description], [b].[ISBN], [b].[IsDeleted], [b].[Price], [b].[PublicationYear], [b].[Publisher], [b].[StockQuantity], [b].[Title], [b].[UpdatedAtUtc], [a].[Id], [a].[Biography], [a].[CreatedAtUtc], [a].[Name], [a].[UpdatedAtUtc], [c0].[Id], [c0].[CreatedAtUtc], [c0].[Description], [c0].[IsDeleted], [c0].[Name], [c0].[ParentCategoryId], [c0].[UpdatedAtUtc]
FROM [Books] AS [b]
LEFT JOIN [Authors] AS [a] ON [b].[AuthorId] = [a].[Id]
INNER JOIN (
    SELECT [c].[Id], [c].[CreatedAtUtc], [c].[Description], [c].[IsDeleted], [c].[Name], [c].[ParentCategoryId], [c].[UpdatedAtUtc]
    FROM [Categories] AS [c]
    WHERE [c].[IsDeleted] = CAST(0 AS bit)
) AS [c0] ON [b].[CategoryId] = [c0].[Id]
WHERE [b].[IsDeleted] = CAST(0 AS bit) AND [b].[Id] = @__id_0
2025-06-11 10:58:02.256 +07:00 [INF] (Microsoft.EntityFrameworkCore.Database.Command) Executed DbCommand (2ms) [Parameters=[@__p_0='5d8fc980-abf3-49f8-a735-92c402be0cbe' (Nullable = true)], CommandType='"Text"', CommandTimeout='30']
SELECT TOP(1) [b].[Id], [b].[AuthorId], [b].[CategoryId], [b].[CoverImageUrl], [b].[CreatedAtUtc], [b].[Description], [b].[ISBN], [b].[IsDeleted], [b].[Price], [b].[PublicationYear], [b].[Publisher], [b].[StockQuantity], [b].[Title], [b].[UpdatedAtUtc]
FROM [Books] AS [b]
WHERE [b].[IsDeleted] = CAST(0 AS bit) AND [b].[Id] = @__p_0
2025-06-11 10:58:02.260 +07:00 [INF] (Bookstore.Infrastructure.Services.GoogleCloudStorageService) Uploading original image to GCS: images/covers/3f98fc1c-7961-4984-a7b1-b36eda69b0c1.jpg
2025-06-11 10:58:02.603 +07:00 [INF] (Bookstore.Infrastructure.Services.GoogleCloudStorageService) Uploading resized image to GCS: images/covers/3f98fc1c-7961-4984-a7b1-b36eda69b0c1_M.jpg
2025-06-11 10:58:02.822 +07:00 [INF] (Bookstore.Infrastructure.Services.GoogleCloudStorageService) Uploading resized image to GCS: images/covers/3f98fc1c-7961-4984-a7b1-b36eda69b0c1_T.jpg
2025-06-11 10:58:05.147 +07:00 [INF] (Bookstore.Infrastructure.Services.GoogleCloudStorageService) Image and renditions uploaded successfully for base name: 3f98fc1c-7961-4984-a7b1-b36eda69b0c1
2025-06-11 10:58:05.162 +07:00 [INF] (Microsoft.EntityFrameworkCore.Database.Command) Executed DbCommand (13ms) [Parameters=[@p13='5d8fc980-abf3-49f8-a735-92c402be0cbe', @p0='e5f6a1b2-c3d4-4e5f-8a6b-5c4d5e6f7a8b' (Nullable = true), @p1='da2a34a1-f94b-4610-818a-8b1d0564f01b', @p2='https://storage.googleapis.com/bookmanagement-images/images/covers/3f98fc1c-7961-4984-a7b1-b36eda69b0c1_M.jpg' (Size = 4000), @p3='2025-04-25T11:14:27.9233333', @p4='The authorized self-titled biography book of Steve Jobs.' (Size = 4000), @p5='978-1451648539' (Size = 4000), @p6='False', @p7='21.00' (Precision = 18) (Scale = 2), @p8='2011' (Nullable = true), @p9='Simon & Schuster' (Size = 4000), @p10='9', @p11='Steve Jobs' (Nullable = false) (Size = 4000), @p12='2025-06-11T03:58:05.1484049Z'], CommandType='"Text"', CommandTimeout='30']
SET IMPLICIT_TRANSACTIONS OFF;
SET NOCOUNT ON;
UPDATE [Books] SET [AuthorId] = @p0, [CategoryId] = @p1, [CoverImageUrl] = @p2, [CreatedAtUtc] = @p3, [Description] = @p4, [ISBN] = @p5, [IsDeleted] = @p6, [Price] = @p7, [PublicationYear] = @p8, [Publisher] = @p9, [StockQuantity] = @p10, [Title] = @p11, [UpdatedAtUtc] = @p12
OUTPUT 1
WHERE [Id] = @p13;
2025-06-11 10:58:05.184 +07:00 [INF] (Microsoft.EntityFrameworkCore.Database.Command) Executed DbCommand (4ms) [Parameters=[@__id_0='5d8fc980-abf3-49f8-a735-92c402be0cbe'], CommandType='"Text"', CommandTimeout='30']
SELECT [b].[Id], [b].[AuthorId], [b].[CategoryId], [b].[CoverImageUrl], [b].[CreatedAtUtc], [b].[Description], [b].[ISBN], [b].[IsDeleted], [b].[Price], [b].[PublicationYear], [b].[Publisher], [b].[StockQuantity], [b].[Title], [b].[UpdatedAtUtc], [a].[Id], [a].[Biography], [a].[CreatedAtUtc], [a].[Name], [a].[UpdatedAtUtc], [c0].[Id], [c0].[CreatedAtUtc], [c0].[Description], [c0].[IsDeleted], [c0].[Name], [c0].[ParentCategoryId], [c0].[UpdatedAtUtc]
FROM [Books] AS [b]
LEFT JOIN [Authors] AS [a] ON [b].[AuthorId] = [a].[Id]
INNER JOIN (
    SELECT [c].[Id], [c].[CreatedAtUtc], [c].[Description], [c].[IsDeleted], [c].[Name], [c].[ParentCategoryId], [c].[UpdatedAtUtc]
    FROM [Categories] AS [c]
    WHERE [c].[IsDeleted] = CAST(0 AS bit)
) AS [c0] ON [b].[CategoryId] = [c0].[Id]
WHERE [b].[IsDeleted] = CAST(0 AS bit) AND [b].[Id] = @__id_0
2025-06-11 10:58:23.180 +07:00 [INF] (Microsoft.EntityFrameworkCore.Database.Command) Executed DbCommand (6ms) [Parameters=[@__p_0='5d8fc980-abf3-49f8-a735-92c402be0cbe' (Nullable = true)], CommandType='"Text"', CommandTimeout='30']
SELECT TOP(1) [b].[Id], [b].[AuthorId], [b].[CategoryId], [b].[CoverImageUrl], [b].[CreatedAtUtc], [b].[Description], [b].[ISBN], [b].[IsDeleted], [b].[Price], [b].[PublicationYear], [b].[Publisher], [b].[StockQuantity], [b].[Title], [b].[UpdatedAtUtc]
FROM [Books] AS [b]
WHERE [b].[IsDeleted] = CAST(0 AS bit) AND [b].[Id] = @__p_0
2025-06-11 10:58:23.189 +07:00 [INF] (Microsoft.EntityFrameworkCore.Database.Command) Executed DbCommand (2ms) [Parameters=[@__p_0='36a5332f-c2c3-479a-9f5d-2201468ee3eb' (Nullable = true)], CommandType='"Text"', CommandTimeout='30']
SELECT TOP(1) [c].[Id], [c].[CreatedAtUtc], [c].[Description], [c].[IsDeleted], [c].[Name], [c].[ParentCategoryId], [c].[UpdatedAtUtc]
FROM [Categories] AS [c]
WHERE [c].[IsDeleted] = CAST(0 AS bit) AND [c].[Id] = @__p_0
2025-06-11 10:58:23.193 +07:00 [INF] (Microsoft.EntityFrameworkCore.Database.Command) Executed DbCommand (2ms) [Parameters=[@__p_0='8a0b2f5c-2d7e-4a9b-9b8e-0d1a7f4c9e8f' (Nullable = true)], CommandType='"Text"', CommandTimeout='30']
SELECT TOP(1) [a].[Id], [a].[Biography], [a].[CreatedAtUtc], [a].[Name], [a].[UpdatedAtUtc]
FROM [Authors] AS [a]
WHERE [a].[Id] = @__p_0
2025-06-11 10:58:23.203 +07:00 [INF] (Microsoft.EntityFrameworkCore.Database.Command) Executed DbCommand (5ms) [Parameters=[@p13='5d8fc980-abf3-49f8-a735-92c402be0cbe', @p0='8a0b2f5c-2d7e-4a9b-9b8e-0d1a7f4c9e8f' (Nullable = true), @p1='36a5332f-c2c3-479a-9f5d-2201468ee3eb', @p2='https://storage.googleapis.com/bookmanagement-images/images/covers/3f98fc1c-7961-4984-a7b1-b36eda69b0c1_M.jpg' (Size = 4000), @p3='2025-04-25T11:14:27.9233333', @p4='The authorized self-titled biography book of Steve Jobs.' (Size = 4000), @p5='978-1451648539' (Size = 4000), @p6='False', @p7='21.00' (Precision = 18) (Scale = 2), @p8='2011' (Nullable = true), @p9='Simon & Schuster' (Size = 4000), @p10='9', @p11='Steve Jobs' (Nullable = false) (Size = 4000), @p12='2025-06-11T03:58:23.1976453Z'], CommandType='"Text"', CommandTimeout='30']
SET IMPLICIT_TRANSACTIONS OFF;
SET NOCOUNT ON;
UPDATE [Books] SET [AuthorId] = @p0, [CategoryId] = @p1, [CoverImageUrl] = @p2, [CreatedAtUtc] = @p3, [Description] = @p4, [ISBN] = @p5, [IsDeleted] = @p6, [Price] = @p7, [PublicationYear] = @p8, [Publisher] = @p9, [StockQuantity] = @p10, [Title] = @p11, [UpdatedAtUtc] = @p12
OUTPUT 1
WHERE [Id] = @p13;
2025-06-11 10:58:26.265 +07:00 [INF] (Microsoft.EntityFrameworkCore.Database.Command) Executed DbCommand (9ms) [Parameters=[@__p_0='0', @__p_1='15'], CommandType='"Text"', CommandTimeout='30']
SELECT [b0].[Id], [b0].[AuthorId], [b0].[CategoryId], [b0].[CoverImageUrl], [b0].[CreatedAtUtc], [b0].[Description], [b0].[ISBN], [b0].[IsDeleted], [b0].[Price], [b0].[PublicationYear], [b0].[Publisher], [b0].[StockQuantity], [b0].[Title], [b0].[UpdatedAtUtc], [a].[Id], [a].[Biography], [a].[CreatedAtUtc], [a].[Name], [a].[UpdatedAtUtc], [c0].[Id], [c0].[CreatedAtUtc], [c0].[Description], [c0].[IsDeleted], [c0].[Name], [c0].[ParentCategoryId], [c0].[UpdatedAtUtc]
FROM (
    SELECT [b].[Id], [b].[AuthorId], [b].[CategoryId], [b].[CoverImageUrl], [b].[CreatedAtUtc], [b].[Description], [b].[ISBN], [b].[IsDeleted], [b].[Price], [b].[PublicationYear], [b].[Publisher], [b].[StockQuantity], [b].[Title], [b].[UpdatedAtUtc]
    FROM [Books] AS [b]
    WHERE [b].[IsDeleted] = CAST(0 AS bit)
    ORDER BY [b].[CreatedAtUtc] DESC
    OFFSET @__p_0 ROWS FETCH NEXT @__p_1 ROWS ONLY
) AS [b0]
LEFT JOIN [Authors] AS [a] ON [b0].[AuthorId] = [a].[Id]
INNER JOIN (
    SELECT [c].[Id], [c].[CreatedAtUtc], [c].[Description], [c].[IsDeleted], [c].[Name], [c].[ParentCategoryId], [c].[UpdatedAtUtc]
    FROM [Categories] AS [c]
    WHERE [c].[IsDeleted] = CAST(0 AS bit)
) AS [c0] ON [b0].[CategoryId] = [c0].[Id]
ORDER BY [b0].[CreatedAtUtc] DESC
2025-06-11 10:58:29.726 +07:00 [INF] (Bookstore.Application.Services.AuthorService) Fetching all authors. Page: 1, PageSize: 10, Search: null
2025-06-11 10:58:29.737 +07:00 [INF] (Microsoft.EntityFrameworkCore.Database.Command) Executed DbCommand (8ms) [Parameters=[@__p_0='0', @__p_1='10'], CommandType='"Text"', CommandTimeout='30']
SELECT [a].[Id], [a].[Biography], [a].[CreatedAtUtc], [a].[Name], [a].[UpdatedAtUtc]
FROM [Authors] AS [a]
ORDER BY [a].[Name]
OFFSET @__p_0 ROWS FETCH NEXT @__p_1 ROWS ONLY
2025-06-11 10:58:29.738 +07:00 [INF] (Microsoft.EntityFrameworkCore.Database.Command) Executed DbCommand (11ms) [Parameters=[@__p_0='0', @__p_1='10'], CommandType='"Text"', CommandTimeout='30']
SELECT [c].[Id], [c].[CreatedAtUtc], [c].[Description], [c].[IsDeleted], [c].[Name], [c].[ParentCategoryId], [c].[UpdatedAtUtc]
FROM [Categories] AS [c]
WHERE [c].[IsDeleted] = CAST(0 AS bit)
ORDER BY [c].[Name]
OFFSET @__p_0 ROWS FETCH NEXT @__p_1 ROWS ONLY
2025-06-11 10:58:29.754 +07:00 [INF] (Microsoft.EntityFrameworkCore.Database.Command) Executed DbCommand (11ms) [Parameters=[@__id_0='39f2e54f-3480-424d-9611-a9b9097314a9'], CommandType='"Text"', CommandTimeout='30']
SELECT [b].[Id], [b].[AuthorId], [b].[CategoryId], [b].[CoverImageUrl], [b].[CreatedAtUtc], [b].[Description], [b].[ISBN], [b].[IsDeleted], [b].[Price], [b].[PublicationYear], [b].[Publisher], [b].[StockQuantity], [b].[Title], [b].[UpdatedAtUtc], [a].[Id], [a].[Biography], [a].[CreatedAtUtc], [a].[Name], [a].[UpdatedAtUtc], [c0].[Id], [c0].[CreatedAtUtc], [c0].[Description], [c0].[IsDeleted], [c0].[Name], [c0].[ParentCategoryId], [c0].[UpdatedAtUtc]
FROM [Books] AS [b]
LEFT JOIN [Authors] AS [a] ON [b].[AuthorId] = [a].[Id]
INNER JOIN (
    SELECT [c].[Id], [c].[CreatedAtUtc], [c].[Description], [c].[IsDeleted], [c].[Name], [c].[ParentCategoryId], [c].[UpdatedAtUtc]
    FROM [Categories] AS [c]
    WHERE [c].[IsDeleted] = CAST(0 AS bit)
) AS [c0] ON [b].[CategoryId] = [c0].[Id]
WHERE [b].[IsDeleted] = CAST(0 AS bit) AND [b].[Id] = @__id_0
2025-06-11 10:59:07.474 +07:00 [INF] (Microsoft.EntityFrameworkCore.Database.Command) Executed DbCommand (8ms) [Parameters=[@__p_0='39f2e54f-3480-424d-9611-a9b9097314a9' (Nullable = true)], CommandType='"Text"', CommandTimeout='30']
SELECT TOP(1) [b].[Id], [b].[AuthorId], [b].[CategoryId], [b].[CoverImageUrl], [b].[CreatedAtUtc], [b].[Description], [b].[ISBN], [b].[IsDeleted], [b].[Price], [b].[PublicationYear], [b].[Publisher], [b].[StockQuantity], [b].[Title], [b].[UpdatedAtUtc]
FROM [Books] AS [b]
WHERE [b].[IsDeleted] = CAST(0 AS bit) AND [b].[Id] = @__p_0
2025-06-11 10:59:07.488 +07:00 [INF] (Bookstore.Infrastructure.Services.GoogleCloudStorageService) Uploading original image to GCS: images/covers/93dd4983-36ce-4825-a64b-7c517bb10078.jpg
2025-06-11 10:59:07.897 +07:00 [INF] (Bookstore.Infrastructure.Services.GoogleCloudStorageService) Uploading resized image to GCS: images/covers/93dd4983-36ce-4825-a64b-7c517bb10078_M.jpg
2025-06-11 10:59:08.164 +07:00 [INF] (Bookstore.Infrastructure.Services.GoogleCloudStorageService) Uploading resized image to GCS: images/covers/93dd4983-36ce-4825-a64b-7c517bb10078_T.jpg
2025-06-11 10:59:08.352 +07:00 [INF] (Bookstore.Infrastructure.Services.GoogleCloudStorageService) Image and renditions uploaded successfully for base name: 93dd4983-36ce-4825-a64b-7c517bb10078
2025-06-11 10:59:08.359 +07:00 [INF] (Microsoft.EntityFrameworkCore.Database.Command) Executed DbCommand (5ms) [Parameters=[@p13='39f2e54f-3480-424d-9611-a9b9097314a9', @p0='7f9a1e4b-3c6d-4f8a-8a7d-1c0f6e3b8d7e' (Nullable = true), @p1='c2e98d10-c917-4b4e-b419-e6a4ecad31e8', @p2='https://storage.googleapis.com/bookmanagement-images/images/covers/93dd4983-36ce-4825-a64b-7c517bb10078_M.jpg' (Size = 4000), @p3='2025-04-25T11:14:27.9233333', @p4='A 1996 romantic novel by American novelist Nicholas Sparks.' (Size = 4000), @p5='978-0446605236' (Size = 4000), @p6='False', @p7='7.99' (Precision = 18) (Scale = 2), @p8='1996' (Nullable = true), @p9='Warner Books' (Size = 4000), @p10='58', @p11='The Notebook' (Nullable = false) (Size = 4000), @p12='2025-06-11T03:59:08.3541225Z'], CommandType='"Text"', CommandTimeout='30']
SET IMPLICIT_TRANSACTIONS OFF;
SET NOCOUNT ON;
UPDATE [Books] SET [AuthorId] = @p0, [CategoryId] = @p1, [CoverImageUrl] = @p2, [CreatedAtUtc] = @p3, [Description] = @p4, [ISBN] = @p5, [IsDeleted] = @p6, [Price] = @p7, [PublicationYear] = @p8, [Publisher] = @p9, [StockQuantity] = @p10, [Title] = @p11, [UpdatedAtUtc] = @p12
OUTPUT 1
WHERE [Id] = @p13;
2025-06-11 10:59:08.380 +07:00 [INF] (Microsoft.EntityFrameworkCore.Database.Command) Executed DbCommand (3ms) [Parameters=[@__id_0='39f2e54f-3480-424d-9611-a9b9097314a9'], CommandType='"Text"', CommandTimeout='30']
SELECT [b].[Id], [b].[AuthorId], [b].[CategoryId], [b].[CoverImageUrl], [b].[CreatedAtUtc], [b].[Description], [b].[ISBN], [b].[IsDeleted], [b].[Price], [b].[PublicationYear], [b].[Publisher], [b].[StockQuantity], [b].[Title], [b].[UpdatedAtUtc], [a].[Id], [a].[Biography], [a].[CreatedAtUtc], [a].[Name], [a].[UpdatedAtUtc], [c0].[Id], [c0].[CreatedAtUtc], [c0].[Description], [c0].[IsDeleted], [c0].[Name], [c0].[ParentCategoryId], [c0].[UpdatedAtUtc]
FROM [Books] AS [b]
LEFT JOIN [Authors] AS [a] ON [b].[AuthorId] = [a].[Id]
INNER JOIN (
    SELECT [c].[Id], [c].[CreatedAtUtc], [c].[Description], [c].[IsDeleted], [c].[Name], [c].[ParentCategoryId], [c].[UpdatedAtUtc]
    FROM [Categories] AS [c]
    WHERE [c].[IsDeleted] = CAST(0 AS bit)
) AS [c0] ON [b].[CategoryId] = [c0].[Id]
WHERE [b].[IsDeleted] = CAST(0 AS bit) AND [b].[Id] = @__id_0
2025-06-11 10:59:32.203 +07:00 [INF] (Microsoft.EntityFrameworkCore.Database.Command) Executed DbCommand (2ms) [Parameters=[@__p_0='39f2e54f-3480-424d-9611-a9b9097314a9' (Nullable = true)], CommandType='"Text"', CommandTimeout='30']
SELECT TOP(1) [b].[Id], [b].[AuthorId], [b].[CategoryId], [b].[CoverImageUrl], [b].[CreatedAtUtc], [b].[Description], [b].[ISBN], [b].[IsDeleted], [b].[Price], [b].[PublicationYear], [b].[Publisher], [b].[StockQuantity], [b].[Title], [b].[UpdatedAtUtc]
FROM [Books] AS [b]
WHERE [b].[IsDeleted] = CAST(0 AS bit) AND [b].[Id] = @__p_0
2025-06-11 10:59:32.209 +07:00 [INF] (Microsoft.EntityFrameworkCore.Database.Command) Executed DbCommand (1ms) [Parameters=[@__p_0='da2a34a1-f94b-4610-818a-8b1d0564f01b' (Nullable = true)], CommandType='"Text"', CommandTimeout='30']
SELECT TOP(1) [c].[Id], [c].[CreatedAtUtc], [c].[Description], [c].[IsDeleted], [c].[Name], [c].[ParentCategoryId], [c].[UpdatedAtUtc]
FROM [Categories] AS [c]
WHERE [c].[IsDeleted] = CAST(0 AS bit) AND [c].[Id] = @__p_0
2025-06-11 10:59:32.217 +07:00 [INF] (Microsoft.EntityFrameworkCore.Database.Command) Executed DbCommand (2ms) [Parameters=[@__p_0='1f3a5e8b-9c2d-4b6f-8a1d-7e4b0c9a2d1e' (Nullable = true)], CommandType='"Text"', CommandTimeout='30']
SELECT TOP(1) [a].[Id], [a].[Biography], [a].[CreatedAtUtc], [a].[Name], [a].[UpdatedAtUtc]
FROM [Authors] AS [a]
WHERE [a].[Id] = @__p_0
2025-06-11 10:59:32.232 +07:00 [INF] (Microsoft.EntityFrameworkCore.Database.Command) Executed DbCommand (12ms) [Parameters=[@p13='39f2e54f-3480-424d-9611-a9b9097314a9', @p0='1f3a5e8b-9c2d-4b6f-8a1d-7e4b0c9a2d1e' (Nullable = true), @p1='da2a34a1-f94b-4610-818a-8b1d0564f01b', @p2='https://storage.googleapis.com/bookmanagement-images/images/covers/93dd4983-36ce-4825-a64b-7c517bb10078_M.jpg' (Size = 4000), @p3='2025-04-25T11:14:27.9233333', @p4='A 1996 romantic novel by American novelist Nicholas Sparks.' (Size = 4000), @p5='978-0446605236' (Size = 4000), @p6='False', @p7='7.99' (Precision = 18) (Scale = 2), @p8='1996' (Nullable = true), @p9='Warner Books' (Size = 4000), @p10='58', @p11='The Notebook' (Nullable = false) (Size = 4000), @p12='2025-06-11T03:59:32.2201852Z'], CommandType='"Text"', CommandTimeout='30']
SET IMPLICIT_TRANSACTIONS OFF;
SET NOCOUNT ON;
UPDATE [Books] SET [AuthorId] = @p0, [CategoryId] = @p1, [CoverImageUrl] = @p2, [CreatedAtUtc] = @p3, [Description] = @p4, [ISBN] = @p5, [IsDeleted] = @p6, [Price] = @p7, [PublicationYear] = @p8, [Publisher] = @p9, [StockQuantity] = @p10, [Title] = @p11, [UpdatedAtUtc] = @p12
OUTPUT 1
WHERE [Id] = @p13;
2025-06-11 10:59:36.102 +07:00 [INF] (Microsoft.EntityFrameworkCore.Database.Command) Executed DbCommand (4ms) [Parameters=[@__p_0='0', @__p_1='15'], CommandType='"Text"', CommandTimeout='30']
SELECT [b0].[Id], [b0].[AuthorId], [b0].[CategoryId], [b0].[CoverImageUrl], [b0].[CreatedAtUtc], [b0].[Description], [b0].[ISBN], [b0].[IsDeleted], [b0].[Price], [b0].[PublicationYear], [b0].[Publisher], [b0].[StockQuantity], [b0].[Title], [b0].[UpdatedAtUtc], [a].[Id], [a].[Biography], [a].[CreatedAtUtc], [a].[Name], [a].[UpdatedAtUtc], [c0].[Id], [c0].[CreatedAtUtc], [c0].[Description], [c0].[IsDeleted], [c0].[Name], [c0].[ParentCategoryId], [c0].[UpdatedAtUtc]
FROM (
    SELECT [b].[Id], [b].[AuthorId], [b].[CategoryId], [b].[CoverImageUrl], [b].[CreatedAtUtc], [b].[Description], [b].[ISBN], [b].[IsDeleted], [b].[Price], [b].[PublicationYear], [b].[Publisher], [b].[StockQuantity], [b].[Title], [b].[UpdatedAtUtc]
    FROM [Books] AS [b]
    WHERE [b].[IsDeleted] = CAST(0 AS bit)
    ORDER BY [b].[CreatedAtUtc] DESC
    OFFSET @__p_0 ROWS FETCH NEXT @__p_1 ROWS ONLY
) AS [b0]
LEFT JOIN [Authors] AS [a] ON [b0].[AuthorId] = [a].[Id]
INNER JOIN (
    SELECT [c].[Id], [c].[CreatedAtUtc], [c].[Description], [c].[IsDeleted], [c].[Name], [c].[ParentCategoryId], [c].[UpdatedAtUtc]
    FROM [Categories] AS [c]
    WHERE [c].[IsDeleted] = CAST(0 AS bit)
) AS [c0] ON [b0].[CategoryId] = [c0].[Id]
ORDER BY [b0].[CreatedAtUtc] DESC
2025-06-11 10:59:39.604 +07:00 [INF] (Microsoft.EntityFrameworkCore.Database.Command) Executed DbCommand (3ms) [Parameters=[@__p_0='0', @__p_1='10'], CommandType='"Text"', CommandTimeout='30']
SELECT [c].[Id], [c].[CreatedAtUtc], [c].[Description], [c].[IsDeleted], [c].[Name], [c].[ParentCategoryId], [c].[UpdatedAtUtc]
FROM [Categories] AS [c]
WHERE [c].[IsDeleted] = CAST(0 AS bit)
ORDER BY [c].[Name]
OFFSET @__p_0 ROWS FETCH NEXT @__p_1 ROWS ONLY
2025-06-11 10:59:39.606 +07:00 [INF] (Bookstore.Application.Services.AuthorService) Fetching all authors. Page: 1, PageSize: 10, Search: null
2025-06-11 10:59:39.611 +07:00 [INF] (Microsoft.EntityFrameworkCore.Database.Command) Executed DbCommand (1ms) [Parameters=[@__p_0='0', @__p_1='10'], CommandType='"Text"', CommandTimeout='30']
SELECT [a].[Id], [a].[Biography], [a].[CreatedAtUtc], [a].[Name], [a].[UpdatedAtUtc]
FROM [Authors] AS [a]
ORDER BY [a].[Name]
OFFSET @__p_0 ROWS FETCH NEXT @__p_1 ROWS ONLY
2025-06-11 10:59:39.642 +07:00 [INF] (Microsoft.EntityFrameworkCore.Database.Command) Executed DbCommand (4ms) [Parameters=[@__id_0='6c50f852-d8c7-4ef9-a26a-c9d292ef9108'], CommandType='"Text"', CommandTimeout='30']
SELECT [b].[Id], [b].[AuthorId], [b].[CategoryId], [b].[CoverImageUrl], [b].[CreatedAtUtc], [b].[Description], [b].[ISBN], [b].[IsDeleted], [b].[Price], [b].[PublicationYear], [b].[Publisher], [b].[StockQuantity], [b].[Title], [b].[UpdatedAtUtc], [a].[Id], [a].[Biography], [a].[CreatedAtUtc], [a].[Name], [a].[UpdatedAtUtc], [c0].[Id], [c0].[CreatedAtUtc], [c0].[Description], [c0].[IsDeleted], [c0].[Name], [c0].[ParentCategoryId], [c0].[UpdatedAtUtc]
FROM [Books] AS [b]
LEFT JOIN [Authors] AS [a] ON [b].[AuthorId] = [a].[Id]
INNER JOIN (
    SELECT [c].[Id], [c].[CreatedAtUtc], [c].[Description], [c].[IsDeleted], [c].[Name], [c].[ParentCategoryId], [c].[UpdatedAtUtc]
    FROM [Categories] AS [c]
    WHERE [c].[IsDeleted] = CAST(0 AS bit)
) AS [c0] ON [b].[CategoryId] = [c0].[Id]
WHERE [b].[IsDeleted] = CAST(0 AS bit) AND [b].[Id] = @__id_0
2025-06-11 11:00:05.607 +07:00 [INF] (Microsoft.EntityFrameworkCore.Database.Command) Executed DbCommand (4ms) [Parameters=[@__p_0='6c50f852-d8c7-4ef9-a26a-c9d292ef9108' (Nullable = true)], CommandType='"Text"', CommandTimeout='30']
SELECT TOP(1) [b].[Id], [b].[AuthorId], [b].[CategoryId], [b].[CoverImageUrl], [b].[CreatedAtUtc], [b].[Description], [b].[ISBN], [b].[IsDeleted], [b].[Price], [b].[PublicationYear], [b].[Publisher], [b].[StockQuantity], [b].[Title], [b].[UpdatedAtUtc]
FROM [Books] AS [b]
WHERE [b].[IsDeleted] = CAST(0 AS bit) AND [b].[Id] = @__p_0
2025-06-11 11:00:05.628 +07:00 [INF] (Bookstore.Infrastructure.Services.GoogleCloudStorageService) Uploading original image to GCS: images/covers/2461ce15-899d-4e5b-a2c0-7d28976a4ba3.jpg
2025-06-11 11:00:06.043 +07:00 [INF] (Bookstore.Infrastructure.Services.GoogleCloudStorageService) Uploading resized image to GCS: images/covers/2461ce15-899d-4e5b-a2c0-7d28976a4ba3_M.jpg
2025-06-11 11:00:06.256 +07:00 [INF] (Bookstore.Infrastructure.Services.GoogleCloudStorageService) Uploading resized image to GCS: images/covers/2461ce15-899d-4e5b-a2c0-7d28976a4ba3_T.jpg
2025-06-11 11:00:06.473 +07:00 [INF] (Bookstore.Infrastructure.Services.GoogleCloudStorageService) Image and renditions uploaded successfully for base name: 2461ce15-899d-4e5b-a2c0-7d28976a4ba3
2025-06-11 11:00:06.480 +07:00 [INF] (Microsoft.EntityFrameworkCore.Database.Command) Executed DbCommand (5ms) [Parameters=[@p13='6c50f852-d8c7-4ef9-a26a-c9d292ef9108', @p0='6e8f0d3a-4b5c-4e7f-9f6c-2b9e5d2a7c6d' (Nullable = true), @p1='da2a34a1-f94b-4610-818a-8b1d0564f01b', @p2='https://storage.googleapis.com/bookmanagement-images/images/covers/2461ce15-899d-4e5b-a2c0-7d28976a4ba3_M.jpg' (Size = 4000), @p3='2025-04-25T11:14:27.9233333', @p4='A dystopian social science fiction novel and cautionary tale by English writer George Orwell.' (Size = 4000), @p5='978-0451524935' (Size = 4000), @p6='False', @p7='8.99' (Precision = 18) (Scale = 2), @p8='1949' (Nullable = true), @p9='Signet Classics' (Size = 4000), @p10='123', @p11='1984' (Nullable = false) (Size = 4000), @p12='2025-06-11T04:00:06.4749457Z'], CommandType='"Text"', CommandTimeout='30']
SET IMPLICIT_TRANSACTIONS OFF;
SET NOCOUNT ON;
UPDATE [Books] SET [AuthorId] = @p0, [CategoryId] = @p1, [CoverImageUrl] = @p2, [CreatedAtUtc] = @p3, [Description] = @p4, [ISBN] = @p5, [IsDeleted] = @p6, [Price] = @p7, [PublicationYear] = @p8, [Publisher] = @p9, [StockQuantity] = @p10, [Title] = @p11, [UpdatedAtUtc] = @p12
OUTPUT 1
WHERE [Id] = @p13;
2025-06-11 11:00:06.501 +07:00 [INF] (Microsoft.EntityFrameworkCore.Database.Command) Executed DbCommand (3ms) [Parameters=[@__id_0='6c50f852-d8c7-4ef9-a26a-c9d292ef9108'], CommandType='"Text"', CommandTimeout='30']
SELECT [b].[Id], [b].[AuthorId], [b].[CategoryId], [b].[CoverImageUrl], [b].[CreatedAtUtc], [b].[Description], [b].[ISBN], [b].[IsDeleted], [b].[Price], [b].[PublicationYear], [b].[Publisher], [b].[StockQuantity], [b].[Title], [b].[UpdatedAtUtc], [a].[Id], [a].[Biography], [a].[CreatedAtUtc], [a].[Name], [a].[UpdatedAtUtc], [c0].[Id], [c0].[CreatedAtUtc], [c0].[Description], [c0].[IsDeleted], [c0].[Name], [c0].[ParentCategoryId], [c0].[UpdatedAtUtc]
FROM [Books] AS [b]
LEFT JOIN [Authors] AS [a] ON [b].[AuthorId] = [a].[Id]
INNER JOIN (
    SELECT [c].[Id], [c].[CreatedAtUtc], [c].[Description], [c].[IsDeleted], [c].[Name], [c].[ParentCategoryId], [c].[UpdatedAtUtc]
    FROM [Categories] AS [c]
    WHERE [c].[IsDeleted] = CAST(0 AS bit)
) AS [c0] ON [b].[CategoryId] = [c0].[Id]
WHERE [b].[IsDeleted] = CAST(0 AS bit) AND [b].[Id] = @__id_0
2025-06-11 11:00:15.593 +07:00 [INF] (Microsoft.EntityFrameworkCore.Database.Command) Executed DbCommand (3ms) [Parameters=[@__p_0='6c50f852-d8c7-4ef9-a26a-c9d292ef9108' (Nullable = true)], CommandType='"Text"', CommandTimeout='30']
SELECT TOP(1) [b].[Id], [b].[AuthorId], [b].[CategoryId], [b].[CoverImageUrl], [b].[CreatedAtUtc], [b].[Description], [b].[ISBN], [b].[IsDeleted], [b].[Price], [b].[PublicationYear], [b].[Publisher], [b].[StockQuantity], [b].[Title], [b].[UpdatedAtUtc]
FROM [Books] AS [b]
WHERE [b].[IsDeleted] = CAST(0 AS bit) AND [b].[Id] = @__p_0
2025-06-11 11:00:15.599 +07:00 [INF] (Microsoft.EntityFrameworkCore.Database.Command) Executed DbCommand (2ms) [Parameters=[@__p_0='a91a6327-bf73-411c-a18a-4b92b3085d9e' (Nullable = true)], CommandType='"Text"', CommandTimeout='30']
SELECT TOP(1) [c].[Id], [c].[CreatedAtUtc], [c].[Description], [c].[IsDeleted], [c].[Name], [c].[ParentCategoryId], [c].[UpdatedAtUtc]
FROM [Categories] AS [c]
WHERE [c].[IsDeleted] = CAST(0 AS bit) AND [c].[Id] = @__p_0
2025-06-11 11:00:15.607 +07:00 [INF] (Microsoft.EntityFrameworkCore.Database.Command) Executed DbCommand (2ms) [Parameters=[@__p_0='6e8f0d3a-4b5c-4e7f-9f6c-2b9e5d2a7c6d' (Nullable = true)], CommandType='"Text"', CommandTimeout='30']
SELECT TOP(1) [a].[Id], [a].[Biography], [a].[CreatedAtUtc], [a].[Name], [a].[UpdatedAtUtc]
FROM [Authors] AS [a]
WHERE [a].[Id] = @__p_0
2025-06-11 11:00:15.615 +07:00 [INF] (Microsoft.EntityFrameworkCore.Database.Command) Executed DbCommand (4ms) [Parameters=[@p13='6c50f852-d8c7-4ef9-a26a-c9d292ef9108', @p0='6e8f0d3a-4b5c-4e7f-9f6c-2b9e5d2a7c6d' (Nullable = true), @p1='a91a6327-bf73-411c-a18a-4b92b3085d9e', @p2='https://storage.googleapis.com/bookmanagement-images/images/covers/2461ce15-899d-4e5b-a2c0-7d28976a4ba3_M.jpg' (Size = 4000), @p3='2025-04-25T11:14:27.9233333', @p4='A dystopian social science fiction novel and cautionary tale by English writer George Orwell.' (Size = 4000), @p5='978-0451524935' (Size = 4000), @p6='False', @p7='8.99' (Precision = 18) (Scale = 2), @p8='1949' (Nullable = true), @p9='Signet Classics' (Size = 4000), @p10='123', @p11='1984' (Nullable = false) (Size = 4000), @p12='2025-06-11T04:00:15.6105326Z'], CommandType='"Text"', CommandTimeout='30']
SET IMPLICIT_TRANSACTIONS OFF;
SET NOCOUNT ON;
UPDATE [Books] SET [AuthorId] = @p0, [CategoryId] = @p1, [CoverImageUrl] = @p2, [CreatedAtUtc] = @p3, [Description] = @p4, [ISBN] = @p5, [IsDeleted] = @p6, [Price] = @p7, [PublicationYear] = @p8, [Publisher] = @p9, [StockQuantity] = @p10, [Title] = @p11, [UpdatedAtUtc] = @p12
OUTPUT 1
WHERE [Id] = @p13;
2025-06-11 11:00:28.281 +07:00 [INF] (Microsoft.EntityFrameworkCore.Database.Command) Executed DbCommand (4ms) [Parameters=[@__p_0='0', @__p_1='15'], CommandType='"Text"', CommandTimeout='30']
SELECT [b0].[Id], [b0].[AuthorId], [b0].[CategoryId], [b0].[CoverImageUrl], [b0].[CreatedAtUtc], [b0].[Description], [b0].[ISBN], [b0].[IsDeleted], [b0].[Price], [b0].[PublicationYear], [b0].[Publisher], [b0].[StockQuantity], [b0].[Title], [b0].[UpdatedAtUtc], [a].[Id], [a].[Biography], [a].[CreatedAtUtc], [a].[Name], [a].[UpdatedAtUtc], [c0].[Id], [c0].[CreatedAtUtc], [c0].[Description], [c0].[IsDeleted], [c0].[Name], [c0].[ParentCategoryId], [c0].[UpdatedAtUtc]
FROM (
    SELECT [b].[Id], [b].[AuthorId], [b].[CategoryId], [b].[CoverImageUrl], [b].[CreatedAtUtc], [b].[Description], [b].[ISBN], [b].[IsDeleted], [b].[Price], [b].[PublicationYear], [b].[Publisher], [b].[StockQuantity], [b].[Title], [b].[UpdatedAtUtc]
    FROM [Books] AS [b]
    WHERE [b].[IsDeleted] = CAST(0 AS bit)
    ORDER BY [b].[CreatedAtUtc] DESC
    OFFSET @__p_0 ROWS FETCH NEXT @__p_1 ROWS ONLY
) AS [b0]
LEFT JOIN [Authors] AS [a] ON [b0].[AuthorId] = [a].[Id]
INNER JOIN (
    SELECT [c].[Id], [c].[CreatedAtUtc], [c].[Description], [c].[IsDeleted], [c].[Name], [c].[ParentCategoryId], [c].[UpdatedAtUtc]
    FROM [Categories] AS [c]
    WHERE [c].[IsDeleted] = CAST(0 AS bit)
) AS [c0] ON [b0].[CategoryId] = [c0].[Id]
ORDER BY [b0].[CreatedAtUtc] DESC
2025-06-11 11:00:32.604 +07:00 [INF] (Microsoft.EntityFrameworkCore.Database.Command) Executed DbCommand (1ms) [Parameters=[@__p_0='0', @__p_1='15'], CommandType='"Text"', CommandTimeout='30']
SELECT [b0].[Id], [b0].[AuthorId], [b0].[CategoryId], [b0].[CoverImageUrl], [b0].[CreatedAtUtc], [b0].[Description], [b0].[ISBN], [b0].[IsDeleted], [b0].[Price], [b0].[PublicationYear], [b0].[Publisher], [b0].[StockQuantity], [b0].[Title], [b0].[UpdatedAtUtc], [a].[Id], [a].[Biography], [a].[CreatedAtUtc], [a].[Name], [a].[UpdatedAtUtc], [c0].[Id], [c0].[CreatedAtUtc], [c0].[Description], [c0].[IsDeleted], [c0].[Name], [c0].[ParentCategoryId], [c0].[UpdatedAtUtc]
FROM (
    SELECT [b].[Id], [b].[AuthorId], [b].[CategoryId], [b].[CoverImageUrl], [b].[CreatedAtUtc], [b].[Description], [b].[ISBN], [b].[IsDeleted], [b].[Price], [b].[PublicationYear], [b].[Publisher], [b].[StockQuantity], [b].[Title], [b].[UpdatedAtUtc]
    FROM [Books] AS [b]
    WHERE [b].[IsDeleted] = CAST(0 AS bit)
    ORDER BY [b].[CreatedAtUtc] DESC
    OFFSET @__p_0 ROWS FETCH NEXT @__p_1 ROWS ONLY
) AS [b0]
LEFT JOIN [Authors] AS [a] ON [b0].[AuthorId] = [a].[Id]
INNER JOIN (
    SELECT [c].[Id], [c].[CreatedAtUtc], [c].[Description], [c].[IsDeleted], [c].[Name], [c].[ParentCategoryId], [c].[UpdatedAtUtc]
    FROM [Categories] AS [c]
    WHERE [c].[IsDeleted] = CAST(0 AS bit)
) AS [c0] ON [b0].[CategoryId] = [c0].[Id]
ORDER BY [b0].[CreatedAtUtc] DESC
2025-06-11 11:00:45.871 +07:00 [INF] (Microsoft.EntityFrameworkCore.Database.Command) Executed DbCommand (2ms) [Parameters=[@__p_0='0', @__p_1='15'], CommandType='"Text"', CommandTimeout='30']
SELECT [c].[Id], [c].[CreatedAtUtc], [c].[Description], [c].[IsDeleted], [c].[Name], [c].[ParentCategoryId], [c].[UpdatedAtUtc]
FROM [Categories] AS [c]
WHERE [c].[IsDeleted] = CAST(0 AS bit)
ORDER BY [c].[Name]
OFFSET @__p_0 ROWS FETCH NEXT @__p_1 ROWS ONLY
2025-06-11 11:00:53.019 +07:00 [INF] (Bookstore.Application.Services.AuthorService) Fetching all authors. Page: 1, PageSize: 10, Search: null
2025-06-11 11:00:53.021 +07:00 [INF] (Microsoft.EntityFrameworkCore.Database.Command) Executed DbCommand (2ms) [Parameters=[@__p_0='0', @__p_1='10'], CommandType='"Text"', CommandTimeout='30']
SELECT [c].[Id], [c].[CreatedAtUtc], [c].[Description], [c].[IsDeleted], [c].[Name], [c].[ParentCategoryId], [c].[UpdatedAtUtc]
FROM [Categories] AS [c]
WHERE [c].[IsDeleted] = CAST(0 AS bit)
ORDER BY [c].[Name]
OFFSET @__p_0 ROWS FETCH NEXT @__p_1 ROWS ONLY
2025-06-11 11:00:53.023 +07:00 [INF] (Microsoft.EntityFrameworkCore.Database.Command) Executed DbCommand (2ms) [Parameters=[@__p_0='0', @__p_1='10'], CommandType='"Text"', CommandTimeout='30']
SELECT [a].[Id], [a].[Biography], [a].[CreatedAtUtc], [a].[Name], [a].[UpdatedAtUtc]
FROM [Authors] AS [a]
ORDER BY [a].[Name]
OFFSET @__p_0 ROWS FETCH NEXT @__p_1 ROWS ONLY
2025-06-11 11:00:53.067 +07:00 [INF] (Microsoft.EntityFrameworkCore.Database.Command) Executed DbCommand (3ms) [Parameters=[@__id_0='a73ebc4c-212f-4c02-81bf-cb05aa0f4471'], CommandType='"Text"', CommandTimeout='30']
SELECT [b].[Id], [b].[AuthorId], [b].[CategoryId], [b].[CoverImageUrl], [b].[CreatedAtUtc], [b].[Description], [b].[ISBN], [b].[IsDeleted], [b].[Price], [b].[PublicationYear], [b].[Publisher], [b].[StockQuantity], [b].[Title], [b].[UpdatedAtUtc], [a].[Id], [a].[Biography], [a].[CreatedAtUtc], [a].[Name], [a].[UpdatedAtUtc], [c0].[Id], [c0].[CreatedAtUtc], [c0].[Description], [c0].[IsDeleted], [c0].[Name], [c0].[ParentCategoryId], [c0].[UpdatedAtUtc]
FROM [Books] AS [b]
LEFT JOIN [Authors] AS [a] ON [b].[AuthorId] = [a].[Id]
INNER JOIN (
    SELECT [c].[Id], [c].[CreatedAtUtc], [c].[Description], [c].[IsDeleted], [c].[Name], [c].[ParentCategoryId], [c].[UpdatedAtUtc]
    FROM [Categories] AS [c]
    WHERE [c].[IsDeleted] = CAST(0 AS bit)
) AS [c0] ON [b].[CategoryId] = [c0].[Id]
WHERE [b].[IsDeleted] = CAST(0 AS bit) AND [b].[Id] = @__id_0
2025-06-11 11:01:46.099 +07:00 [INF] (Microsoft.EntityFrameworkCore.Database.Command) Executed DbCommand (2ms) [Parameters=[@__p_0='a73ebc4c-212f-4c02-81bf-cb05aa0f4471' (Nullable = true)], CommandType='"Text"', CommandTimeout='30']
SELECT TOP(1) [b].[Id], [b].[AuthorId], [b].[CategoryId], [b].[CoverImageUrl], [b].[CreatedAtUtc], [b].[Description], [b].[ISBN], [b].[IsDeleted], [b].[Price], [b].[PublicationYear], [b].[Publisher], [b].[StockQuantity], [b].[Title], [b].[UpdatedAtUtc]
FROM [Books] AS [b]
WHERE [b].[IsDeleted] = CAST(0 AS bit) AND [b].[Id] = @__p_0
2025-06-11 11:01:46.102 +07:00 [INF] (Bookstore.Infrastructure.Services.GoogleCloudStorageService) Uploading original image to GCS: images/covers/0aef40a0-ad65-414f-8f4d-fd6a6dd92d43.jpg
2025-06-11 11:01:46.493 +07:00 [INF] (Bookstore.Infrastructure.Services.GoogleCloudStorageService) Uploading resized image to GCS: images/covers/0aef40a0-ad65-414f-8f4d-fd6a6dd92d43_M.jpg
2025-06-11 11:01:46.706 +07:00 [INF] (Bookstore.Infrastructure.Services.GoogleCloudStorageService) Uploading resized image to GCS: images/covers/0aef40a0-ad65-414f-8f4d-fd6a6dd92d43_T.jpg
2025-06-11 11:01:46.901 +07:00 [INF] (Bookstore.Infrastructure.Services.GoogleCloudStorageService) Image and renditions uploaded successfully for base name: 0aef40a0-ad65-414f-8f4d-fd6a6dd92d43
2025-06-11 11:01:46.914 +07:00 [INF] (Microsoft.EntityFrameworkCore.Database.Command) Executed DbCommand (10ms) [Parameters=[@p13='a73ebc4c-212f-4c02-81bf-cb05aa0f4471', @p0='c3d4e5f6-a1b2-4c3d-8e4f-7a2b3c4d5e6f' (Nullable = true), @p1='a91a6327-bf73-411c-a18a-4b92b3085d9e', @p2='https://storage.googleapis.com/bookmanagement-images/images/covers/0aef40a0-ad65-414f-8f4d-fd6a6dd92d43_M.jpg' (Size = 4000), @p3='2025-04-25T11:14:27.9233333', @p4='Explores the history of humankind from the Stone Age up to the present day.' (Size = 4000), @p5='978-0062316097' (Size = 4000), @p6='False', @p7='18.50' (Precision = 18) (Scale = 2), @p8='2015' (Nullable = true), @p9='Harper' (Size = 4000), @p10='109', @p11='Sapiens: A Brief History of Humankind' (Nullable = false) (Size = 4000), @p12='2025-06-11T04:01:46.9037737Z'], CommandType='"Text"', CommandTimeout='30']
SET IMPLICIT_TRANSACTIONS OFF;
SET NOCOUNT ON;
UPDATE [Books] SET [AuthorId] = @p0, [CategoryId] = @p1, [CoverImageUrl] = @p2, [CreatedAtUtc] = @p3, [Description] = @p4, [ISBN] = @p5, [IsDeleted] = @p6, [Price] = @p7, [PublicationYear] = @p8, [Publisher] = @p9, [StockQuantity] = @p10, [Title] = @p11, [UpdatedAtUtc] = @p12
OUTPUT 1
WHERE [Id] = @p13;
2025-06-11 11:01:46.932 +07:00 [INF] (Microsoft.EntityFrameworkCore.Database.Command) Executed DbCommand (3ms) [Parameters=[@__id_0='a73ebc4c-212f-4c02-81bf-cb05aa0f4471'], CommandType='"Text"', CommandTimeout='30']
SELECT [b].[Id], [b].[AuthorId], [b].[CategoryId], [b].[CoverImageUrl], [b].[CreatedAtUtc], [b].[Description], [b].[ISBN], [b].[IsDeleted], [b].[Price], [b].[PublicationYear], [b].[Publisher], [b].[StockQuantity], [b].[Title], [b].[UpdatedAtUtc], [a].[Id], [a].[Biography], [a].[CreatedAtUtc], [a].[Name], [a].[UpdatedAtUtc], [c0].[Id], [c0].[CreatedAtUtc], [c0].[Description], [c0].[IsDeleted], [c0].[Name], [c0].[ParentCategoryId], [c0].[UpdatedAtUtc]
FROM [Books] AS [b]
LEFT JOIN [Authors] AS [a] ON [b].[AuthorId] = [a].[Id]
INNER JOIN (
    SELECT [c].[Id], [c].[CreatedAtUtc], [c].[Description], [c].[IsDeleted], [c].[Name], [c].[ParentCategoryId], [c].[UpdatedAtUtc]
    FROM [Categories] AS [c]
    WHERE [c].[IsDeleted] = CAST(0 AS bit)
) AS [c0] ON [b].[CategoryId] = [c0].[Id]
WHERE [b].[IsDeleted] = CAST(0 AS bit) AND [b].[Id] = @__id_0
2025-06-11 11:02:02.731 +07:00 [INF] (Microsoft.EntityFrameworkCore.Database.Command) Executed DbCommand (2ms) [Parameters=[@__p_0='a73ebc4c-212f-4c02-81bf-cb05aa0f4471' (Nullable = true)], CommandType='"Text"', CommandTimeout='30']
SELECT TOP(1) [b].[Id], [b].[AuthorId], [b].[CategoryId], [b].[CoverImageUrl], [b].[CreatedAtUtc], [b].[Description], [b].[ISBN], [b].[IsDeleted], [b].[Price], [b].[PublicationYear], [b].[Publisher], [b].[StockQuantity], [b].[Title], [b].[UpdatedAtUtc]
FROM [Books] AS [b]
WHERE [b].[IsDeleted] = CAST(0 AS bit) AND [b].[Id] = @__p_0
2025-06-11 11:02:02.737 +07:00 [INF] (Microsoft.EntityFrameworkCore.Database.Command) Executed DbCommand (1ms) [Parameters=[@__p_0='a91a6327-bf73-411c-a18a-4b92b3085d9e' (Nullable = true)], CommandType='"Text"', CommandTimeout='30']
SELECT TOP(1) [c].[Id], [c].[CreatedAtUtc], [c].[Description], [c].[IsDeleted], [c].[Name], [c].[ParentCategoryId], [c].[UpdatedAtUtc]
FROM [Categories] AS [c]
WHERE [c].[IsDeleted] = CAST(0 AS bit) AND [c].[Id] = @__p_0
2025-06-11 11:02:02.743 +07:00 [INF] (Microsoft.EntityFrameworkCore.Database.Command) Executed DbCommand (1ms) [Parameters=[@__p_0='a1b2c3d4-e5f6-4a1b-8c2d-9e0f1a2b3c4d' (Nullable = true)], CommandType='"Text"', CommandTimeout='30']
SELECT TOP(1) [a].[Id], [a].[Biography], [a].[CreatedAtUtc], [a].[Name], [a].[UpdatedAtUtc]
FROM [Authors] AS [a]
WHERE [a].[Id] = @__p_0
2025-06-11 11:02:02.751 +07:00 [INF] (Microsoft.EntityFrameworkCore.Database.Command) Executed DbCommand (3ms) [Parameters=[@p13='a73ebc4c-212f-4c02-81bf-cb05aa0f4471', @p0='a1b2c3d4-e5f6-4a1b-8c2d-9e0f1a2b3c4d' (Nullable = true), @p1='a91a6327-bf73-411c-a18a-4b92b3085d9e', @p2='https://storage.googleapis.com/bookmanagement-images/images/covers/0aef40a0-ad65-414f-8f4d-fd6a6dd92d43_M.jpg' (Size = 4000), @p3='2025-04-25T11:14:27.9233333', @p4='Explores the history of humankind from the Stone Age up to the present day.' (Size = 4000), @p5='978-0062316097' (Size = 4000), @p6='False', @p7='18.50' (Precision = 18) (Scale = 2), @p8='2015' (Nullable = true), @p9='Harper' (Size = 4000), @p10='109', @p11='Sapiens: A Brief History of Humankind' (Nullable = false) (Size = 4000), @p12='2025-06-11T04:02:02.7478089Z'], CommandType='"Text"', CommandTimeout='30']
SET IMPLICIT_TRANSACTIONS OFF;
SET NOCOUNT ON;
UPDATE [Books] SET [AuthorId] = @p0, [CategoryId] = @p1, [CoverImageUrl] = @p2, [CreatedAtUtc] = @p3, [Description] = @p4, [ISBN] = @p5, [IsDeleted] = @p6, [Price] = @p7, [PublicationYear] = @p8, [Publisher] = @p9, [StockQuantity] = @p10, [Title] = @p11, [UpdatedAtUtc] = @p12
OUTPUT 1
WHERE [Id] = @p13;
2025-06-11 11:02:11.603 +07:00 [INF] (Bookstore.Application.Services.AuthorService) Fetching all authors. Page: 1, PageSize: 10, Search: null
2025-06-11 11:02:11.605 +07:00 [INF] (Microsoft.EntityFrameworkCore.Database.Command) Executed DbCommand (2ms) [Parameters=[@__p_0='0', @__p_1='10'], CommandType='"Text"', CommandTimeout='30']
SELECT [c].[Id], [c].[CreatedAtUtc], [c].[Description], [c].[IsDeleted], [c].[Name], [c].[ParentCategoryId], [c].[UpdatedAtUtc]
FROM [Categories] AS [c]
WHERE [c].[IsDeleted] = CAST(0 AS bit)
ORDER BY [c].[Name]
OFFSET @__p_0 ROWS FETCH NEXT @__p_1 ROWS ONLY
2025-06-11 11:02:11.607 +07:00 [INF] (Microsoft.EntityFrameworkCore.Database.Command) Executed DbCommand (1ms) [Parameters=[@__p_0='0', @__p_1='10'], CommandType='"Text"', CommandTimeout='30']
SELECT [a].[Id], [a].[Biography], [a].[CreatedAtUtc], [a].[Name], [a].[UpdatedAtUtc]
FROM [Authors] AS [a]
ORDER BY [a].[Name]
OFFSET @__p_0 ROWS FETCH NEXT @__p_1 ROWS ONLY
2025-06-11 11:02:11.644 +07:00 [INF] (Microsoft.EntityFrameworkCore.Database.Command) Executed DbCommand (4ms) [Parameters=[@__id_0='a73ebc4c-212f-4c02-81bf-cb05aa0f4471'], CommandType='"Text"', CommandTimeout='30']
SELECT [b].[Id], [b].[AuthorId], [b].[CategoryId], [b].[CoverImageUrl], [b].[CreatedAtUtc], [b].[Description], [b].[ISBN], [b].[IsDeleted], [b].[Price], [b].[PublicationYear], [b].[Publisher], [b].[StockQuantity], [b].[Title], [b].[UpdatedAtUtc], [a].[Id], [a].[Biography], [a].[CreatedAtUtc], [a].[Name], [a].[UpdatedAtUtc], [c0].[Id], [c0].[CreatedAtUtc], [c0].[Description], [c0].[IsDeleted], [c0].[Name], [c0].[ParentCategoryId], [c0].[UpdatedAtUtc]
FROM [Books] AS [b]
LEFT JOIN [Authors] AS [a] ON [b].[AuthorId] = [a].[Id]
INNER JOIN (
    SELECT [c].[Id], [c].[CreatedAtUtc], [c].[Description], [c].[IsDeleted], [c].[Name], [c].[ParentCategoryId], [c].[UpdatedAtUtc]
    FROM [Categories] AS [c]
    WHERE [c].[IsDeleted] = CAST(0 AS bit)
) AS [c0] ON [b].[CategoryId] = [c0].[Id]
WHERE [b].[IsDeleted] = CAST(0 AS bit) AND [b].[Id] = @__id_0
2025-06-11 11:02:15.671 +07:00 [INF] (Microsoft.EntityFrameworkCore.Database.Command) Executed DbCommand (1ms) [Parameters=[@__p_0='0', @__p_1='10'], CommandType='"Text"', CommandTimeout='30']
SELECT [c].[Id], [c].[CreatedAtUtc], [c].[Description], [c].[IsDeleted], [c].[Name], [c].[ParentCategoryId], [c].[UpdatedAtUtc]
FROM [Categories] AS [c]
WHERE [c].[IsDeleted] = CAST(0 AS bit)
ORDER BY [c].[Name]
OFFSET @__p_0 ROWS FETCH NEXT @__p_1 ROWS ONLY
2025-06-11 11:02:15.673 +07:00 [INF] (Bookstore.Application.Services.AuthorService) Fetching all authors. Page: 1, PageSize: 10, Search: null
2025-06-11 11:02:15.676 +07:00 [INF] (Microsoft.EntityFrameworkCore.Database.Command) Executed DbCommand (1ms) [Parameters=[@__p_0='0', @__p_1='10'], CommandType='"Text"', CommandTimeout='30']
SELECT [a].[Id], [a].[Biography], [a].[CreatedAtUtc], [a].[Name], [a].[UpdatedAtUtc]
FROM [Authors] AS [a]
ORDER BY [a].[Name]
OFFSET @__p_0 ROWS FETCH NEXT @__p_1 ROWS ONLY
2025-06-11 11:02:15.739 +07:00 [INF] (Microsoft.EntityFrameworkCore.Database.Command) Executed DbCommand (0ms) [Parameters=[@__id_0='0b4ef926-9d6a-481e-bfa0-eb2187080fcb'], CommandType='"Text"', CommandTimeout='30']
SELECT [b].[Id], [b].[AuthorId], [b].[CategoryId], [b].[CoverImageUrl], [b].[CreatedAtUtc], [b].[Description], [b].[ISBN], [b].[IsDeleted], [b].[Price], [b].[PublicationYear], [b].[Publisher], [b].[StockQuantity], [b].[Title], [b].[UpdatedAtUtc], [a].[Id], [a].[Biography], [a].[CreatedAtUtc], [a].[Name], [a].[UpdatedAtUtc], [c0].[Id], [c0].[CreatedAtUtc], [c0].[Description], [c0].[IsDeleted], [c0].[Name], [c0].[ParentCategoryId], [c0].[UpdatedAtUtc]
FROM [Books] AS [b]
LEFT JOIN [Authors] AS [a] ON [b].[AuthorId] = [a].[Id]
INNER JOIN (
    SELECT [c].[Id], [c].[CreatedAtUtc], [c].[Description], [c].[IsDeleted], [c].[Name], [c].[ParentCategoryId], [c].[UpdatedAtUtc]
    FROM [Categories] AS [c]
    WHERE [c].[IsDeleted] = CAST(0 AS bit)
) AS [c0] ON [b].[CategoryId] = [c0].[Id]
WHERE [b].[IsDeleted] = CAST(0 AS bit) AND [b].[Id] = @__id_0
2025-06-11 11:13:03.056 +07:00 [INF] (Bookstore.Application.Services.DashboardService) Fetching home dashboard data.
2025-06-11 11:13:03.126 +07:00 [INF] (Microsoft.EntityFrameworkCore.Database.Command) Executed DbCommand (19ms) [Parameters=[], CommandType='"Text"', CommandTimeout='30']
SELECT [b].[Id], [b].[AuthorId], [b].[CategoryId], [b].[CoverImageUrl], [b].[CreatedAtUtc], [b].[Description], [b].[ISBN], [b].[IsDeleted], [b].[Price], [b].[PublicationYear], [b].[Publisher], [b].[StockQuantity], [b].[Title], [b].[UpdatedAtUtc], [a].[Id], [a].[Biography], [a].[CreatedAtUtc], [a].[Name], [a].[UpdatedAtUtc]
FROM [Books] AS [b]
LEFT JOIN [Authors] AS [a] ON [b].[AuthorId] = [a].[Id]
WHERE [b].[IsDeleted] = CAST(0 AS bit)
ORDER BY [b].[CreatedAtUtc] DESC
2025-06-11 11:13:03.132 +07:00 [INF] (Bookstore.Application.Services.DashboardService) Fetched 10 newest books.
2025-06-11 11:13:03.164 +07:00 [INF] (Microsoft.EntityFrameworkCore.Database.Command) Executed DbCommand (20ms) [Parameters=[@__p_2='5', @__inclusiveStartDate_0='2025-05-12T00:00:00.0000000Z', @__inclusiveEndDate_1='2025-06-12T00:00:00.0000000Z'], CommandType='"Text"', CommandTimeout='30']
SELECT [s].[BookId], [b2].[Title] AS [BookTitle], [s].[TotalQuantitySold]
FROM (
    SELECT TOP(@__p_2) [o].[BookId], COALESCE(SUM([o].[Quantity]), 0) AS [TotalQuantitySold]
    FROM [OrderDetails] AS [o]
    INNER JOIN [Orders] AS [o0] ON [o].[OrderId] = [o0].[Id]
    INNER JOIN (
        SELECT [b].[Id], [b].[IsDeleted]
        FROM [Books] AS [b]
        WHERE [b].[IsDeleted] = CAST(0 AS bit)
    ) AS [b0] ON [o].[BookId] = [b0].[Id]
    WHERE [o0].[Status] = CAST(3 AS tinyint) AND [o0].[OrderDate] >= @__inclusiveStartDate_0 AND [o0].[OrderDate] < @__inclusiveEndDate_1 AND [b0].[IsDeleted] = CAST(0 AS bit)
    GROUP BY [o].[BookId]
    ORDER BY COALESCE(SUM([o].[Quantity]), 0) DESC
) AS [s]
INNER JOIN (
    SELECT [b1].[Id], [b1].[Title]
    FROM [Books] AS [b1]
    WHERE [b1].[IsDeleted] = CAST(0 AS bit)
) AS [b2] ON [s].[BookId] = [b2].[Id]
ORDER BY [s].[TotalQuantitySold] DESC
2025-06-11 11:13:03.178 +07:00 [INF] (Microsoft.EntityFrameworkCore.Database.Command) Executed DbCommand (6ms) [Parameters=[@__bestsellerBookIds_0='["c191919e-e763-4e03-9e2b-24d944f4d401","5d8fc980-abf3-49f8-a735-92c402be0cbe","6d858026-d70a-4441-8837-01f8d972cb26","6c50f852-d8c7-4ef9-a26a-c9d292ef9108","39f2e54f-3480-424d-9611-a9b9097314a9"]' (Size = 4000)], CommandType='"Text"', CommandTimeout='30']
SELECT [b].[Id], [b].[AuthorId], [b].[CategoryId], [b].[CoverImageUrl], [b].[CreatedAtUtc], [b].[Description], [b].[ISBN], [b].[IsDeleted], [b].[Price], [b].[PublicationYear], [b].[Publisher], [b].[StockQuantity], [b].[Title], [b].[UpdatedAtUtc], [a].[Id], [a].[Biography], [a].[CreatedAtUtc], [a].[Name], [a].[UpdatedAtUtc]
FROM [Books] AS [b]
LEFT JOIN [Authors] AS [a] ON [b].[AuthorId] = [a].[Id]
WHERE [b].[IsDeleted] = CAST(0 AS bit) AND [b].[Id] IN (
    SELECT [b0].[value]
    FROM OPENJSON(@__bestsellerBookIds_0) WITH ([value] uniqueidentifier '$') AS [b0]
) AND [b].[IsDeleted] = CAST(0 AS bit)
2025-06-11 11:13:03.187 +07:00 [INF] (Bookstore.Application.Services.DashboardService) Fetched 5 bestselling books.
2025-06-11 11:13:03.192 +07:00 [INF] (Microsoft.EntityFrameworkCore.Database.Command) Executed DbCommand (3ms) [Parameters=[@__currentDate_0='2025-06-11T04:13:03.1884436Z', @__currentDate_1='2025-06-11T04:13:03.1884436Z' (Nullable = true)], CommandType='"Text"', CommandTimeout='30']
SELECT [p].[Id], [p].[Code], [p].[CreatedAtUtc], [p].[CurrentUsage], [p].[Description], [p].[DiscountAmount], [p].[DiscountPercentage], [p].[EndDate], [p].[IsActive], [p].[MaxUsage], [p].[StartDate], [p].[UpdatedAtUtc]
FROM [Promotions] AS [p]
WHERE [p].[IsActive] = CAST(1 AS bit) AND [p].[StartDate] <= @__currentDate_0 AND ([p].[EndDate] IS NULL OR [p].[EndDate] >= @__currentDate_1) AND ([p].[MaxUsage] IS NULL OR [p].[CurrentUsage] < [p].[MaxUsage])
ORDER BY [p].[EndDate]
2025-06-11 11:13:03.200 +07:00 [INF] (Microsoft.EntityFrameworkCore.Database.Command) Executed DbCommand (3ms) [Parameters=[], CommandType='"Text"', CommandTimeout='30']
SELECT [c].[Id], [c].[CreatedAtUtc], [c].[Description], [c].[IsDeleted], [c].[Name], [c].[ParentCategoryId], [c].[UpdatedAtUtc]
FROM [Categories] AS [c]
WHERE [c].[IsDeleted] = CAST(0 AS bit) AND [c].[ParentCategoryId] IS NULL AND [c].[IsDeleted] = CAST(0 AS bit)
ORDER BY [c].[Name]
2025-06-11 11:13:03.204 +07:00 [INF] (Bookstore.Application.Services.DashboardService) Successfully fetched home dashboard data.
2025-06-11 11:13:14.505 +07:00 [INF] (Microsoft.EntityFrameworkCore.Database.Command) Executed DbCommand (9ms) [Parameters=[@__email_0='Admin' (Size = 450)], CommandType='"Text"', CommandTimeout='30']
SELECT [u1].[Id], [u1].[CreatedAtUtc], [u1].[Email], [u1].[FirstName], [u1].[IsActive], [u1].[LastName], [u1].[PasswordHash], [u1].[PhoneNumber], [u1].[UpdatedAtUtc], [u1].[UserName], [s].[UserId], [s].[RoleId], [s].[Id], [s].[CreatedAtUtc], [s].[Name], [s].[UpdatedAtUtc]
FROM (
    SELECT TOP(1) [u].[Id], [u].[CreatedAtUtc], [u].[Email], [u].[FirstName], [u].[IsActive], [u].[LastName], [u].[PasswordHash], [u].[PhoneNumber], [u].[UpdatedAtUtc], [u].[UserName]
    FROM [Users] AS [u]
    WHERE [u].[Email] = @__email_0
) AS [u1]
LEFT JOIN (
    SELECT [u0].[UserId], [u0].[RoleId], [r].[Id], [r].[CreatedAtUtc], [r].[Name], [r].[UpdatedAtUtc]
    FROM [UserRoles] AS [u0]
    INNER JOIN [Roles] AS [r] ON [u0].[RoleId] = [r].[Id]
) AS [s] ON [u1].[Id] = [s].[UserId]
ORDER BY [u1].[Id], [s].[UserId], [s].[RoleId]
2025-06-11 11:13:14.525 +07:00 [INF] (Microsoft.EntityFrameworkCore.Database.Command) Executed DbCommand (14ms) [Parameters=[@__username_0='Admin' (Size = 450)], CommandType='"Text"', CommandTimeout='30']
SELECT [u1].[Id], [u1].[CreatedAtUtc], [u1].[Email], [u1].[FirstName], [u1].[IsActive], [u1].[LastName], [u1].[PasswordHash], [u1].[PhoneNumber], [u1].[UpdatedAtUtc], [u1].[UserName], [s].[UserId], [s].[RoleId], [s].[Id], [s].[CreatedAtUtc], [s].[Name], [s].[UpdatedAtUtc]
FROM (
    SELECT TOP(1) [u].[Id], [u].[CreatedAtUtc], [u].[Email], [u].[FirstName], [u].[IsActive], [u].[LastName], [u].[PasswordHash], [u].[PhoneNumber], [u].[UpdatedAtUtc], [u].[UserName]
    FROM [Users] AS [u]
    WHERE [u].[UserName] = @__username_0
) AS [u1]
LEFT JOIN (
    SELECT [u0].[UserId], [u0].[RoleId], [r].[Id], [r].[CreatedAtUtc], [r].[Name], [r].[UpdatedAtUtc]
    FROM [UserRoles] AS [u0]
    INNER JOIN [Roles] AS [r] ON [u0].[RoleId] = [r].[Id]
) AS [s] ON [u1].[Id] = [s].[UserId]
ORDER BY [u1].[Id], [s].[UserId], [s].[RoleId]
2025-06-11 11:13:14.818 +07:00 [INF] (Microsoft.EntityFrameworkCore.Database.Command) Executed DbCommand (6ms) [Parameters=[@__userId_0='f54527eb-f806-40db-bf76-c7b0e5fa6d39'], CommandType='"Text"', CommandTimeout='30']
SELECT [r].[Name]
FROM [UserRoles] AS [u]
INNER JOIN [Roles] AS [r] ON [u].[RoleId] = [r].[Id]
WHERE [u].[UserId] = @__userId_0
2025-06-11 11:13:14.950 +07:00 [INF] (Bookstore.Application.Services.DashboardService) Fetching home dashboard data.
2025-06-11 11:13:14.952 +07:00 [INF] (Microsoft.EntityFrameworkCore.Database.Command) Executed DbCommand (0ms) [Parameters=[], CommandType='"Text"', CommandTimeout='30']
SELECT [b].[Id], [b].[AuthorId], [b].[CategoryId], [b].[CoverImageUrl], [b].[CreatedAtUtc], [b].[Description], [b].[ISBN], [b].[IsDeleted], [b].[Price], [b].[PublicationYear], [b].[Publisher], [b].[StockQuantity], [b].[Title], [b].[UpdatedAtUtc], [a].[Id], [a].[Biography], [a].[CreatedAtUtc], [a].[Name], [a].[UpdatedAtUtc]
FROM [Books] AS [b]
LEFT JOIN [Authors] AS [a] ON [b].[AuthorId] = [a].[Id]
WHERE [b].[IsDeleted] = CAST(0 AS bit)
ORDER BY [b].[CreatedAtUtc] DESC
2025-06-11 11:13:14.956 +07:00 [INF] (Bookstore.Application.Services.DashboardService) Fetched 10 newest books.
2025-06-11 11:13:14.960 +07:00 [INF] (Microsoft.EntityFrameworkCore.Database.Command) Executed DbCommand (1ms) [Parameters=[@__p_2='5', @__inclusiveStartDate_0='2025-05-12T00:00:00.0000000Z', @__inclusiveEndDate_1='2025-06-12T00:00:00.0000000Z'], CommandType='"Text"', CommandTimeout='30']
SELECT [s].[BookId], [b2].[Title] AS [BookTitle], [s].[TotalQuantitySold]
FROM (
    SELECT TOP(@__p_2) [o].[BookId], COALESCE(SUM([o].[Quantity]), 0) AS [TotalQuantitySold]
    FROM [OrderDetails] AS [o]
    INNER JOIN [Orders] AS [o0] ON [o].[OrderId] = [o0].[Id]
    INNER JOIN (
        SELECT [b].[Id], [b].[IsDeleted]
        FROM [Books] AS [b]
        WHERE [b].[IsDeleted] = CAST(0 AS bit)
    ) AS [b0] ON [o].[BookId] = [b0].[Id]
    WHERE [o0].[Status] = CAST(3 AS tinyint) AND [o0].[OrderDate] >= @__inclusiveStartDate_0 AND [o0].[OrderDate] < @__inclusiveEndDate_1 AND [b0].[IsDeleted] = CAST(0 AS bit)
    GROUP BY [o].[BookId]
    ORDER BY COALESCE(SUM([o].[Quantity]), 0) DESC
) AS [s]
INNER JOIN (
    SELECT [b1].[Id], [b1].[Title]
    FROM [Books] AS [b1]
    WHERE [b1].[IsDeleted] = CAST(0 AS bit)
) AS [b2] ON [s].[BookId] = [b2].[Id]
ORDER BY [s].[TotalQuantitySold] DESC
2025-06-11 11:13:14.969 +07:00 [INF] (Microsoft.EntityFrameworkCore.Database.Command) Executed DbCommand (1ms) [Parameters=[@__bestsellerBookIds_0='["c191919e-e763-4e03-9e2b-24d944f4d401","5d8fc980-abf3-49f8-a735-92c402be0cbe","6d858026-d70a-4441-8837-01f8d972cb26","6c50f852-d8c7-4ef9-a26a-c9d292ef9108","39f2e54f-3480-424d-9611-a9b9097314a9"]' (Size = 4000)], CommandType='"Text"', CommandTimeout='30']
SELECT [b].[Id], [b].[AuthorId], [b].[CategoryId], [b].[CoverImageUrl], [b].[CreatedAtUtc], [b].[Description], [b].[ISBN], [b].[IsDeleted], [b].[Price], [b].[PublicationYear], [b].[Publisher], [b].[StockQuantity], [b].[Title], [b].[UpdatedAtUtc], [a].[Id], [a].[Biography], [a].[CreatedAtUtc], [a].[Name], [a].[UpdatedAtUtc]
FROM [Books] AS [b]
LEFT JOIN [Authors] AS [a] ON [b].[AuthorId] = [a].[Id]
WHERE [b].[IsDeleted] = CAST(0 AS bit) AND [b].[Id] IN (
    SELECT [b0].[value]
    FROM OPENJSON(@__bestsellerBookIds_0) WITH ([value] uniqueidentifier '$') AS [b0]
) AND [b].[IsDeleted] = CAST(0 AS bit)
2025-06-11 11:13:14.976 +07:00 [INF] (Bookstore.Application.Services.DashboardService) Fetched 5 bestselling books.
2025-06-11 11:13:14.978 +07:00 [INF] (Microsoft.EntityFrameworkCore.Database.Command) Executed DbCommand (1ms) [Parameters=[@__currentDate_0='2025-06-11T04:13:14.9776491Z', @__currentDate_1='2025-06-11T04:13:14.9776491Z' (Nullable = true)], CommandType='"Text"', CommandTimeout='30']
SELECT [p].[Id], [p].[Code], [p].[CreatedAtUtc], [p].[CurrentUsage], [p].[Description], [p].[DiscountAmount], [p].[DiscountPercentage], [p].[EndDate], [p].[IsActive], [p].[MaxUsage], [p].[StartDate], [p].[UpdatedAtUtc]
FROM [Promotions] AS [p]
WHERE [p].[IsActive] = CAST(1 AS bit) AND [p].[StartDate] <= @__currentDate_0 AND ([p].[EndDate] IS NULL OR [p].[EndDate] >= @__currentDate_1) AND ([p].[MaxUsage] IS NULL OR [p].[CurrentUsage] < [p].[MaxUsage])
ORDER BY [p].[EndDate]
2025-06-11 11:13:14.983 +07:00 [INF] (Microsoft.EntityFrameworkCore.Database.Command) Executed DbCommand (1ms) [Parameters=[], CommandType='"Text"', CommandTimeout='30']
SELECT [c].[Id], [c].[CreatedAtUtc], [c].[Description], [c].[IsDeleted], [c].[Name], [c].[ParentCategoryId], [c].[UpdatedAtUtc]
FROM [Categories] AS [c]
WHERE [c].[IsDeleted] = CAST(0 AS bit) AND [c].[ParentCategoryId] IS NULL AND [c].[IsDeleted] = CAST(0 AS bit)
ORDER BY [c].[Name]
2025-06-11 11:13:14.990 +07:00 [INF] (Bookstore.Application.Services.DashboardService) Successfully fetched home dashboard data.
2025-06-11 11:13:17.309 +07:00 [INF] (Microsoft.EntityFrameworkCore.Database.Command) Executed DbCommand (4ms) [Parameters=[@__id_0='1cf348ee-deb2-46ab-aa5c-3815a7969e2d'], CommandType='"Text"', CommandTimeout='30']
SELECT [b].[Id], [b].[AuthorId], [b].[CategoryId], [b].[CoverImageUrl], [b].[CreatedAtUtc], [b].[Description], [b].[ISBN], [b].[IsDeleted], [b].[Price], [b].[PublicationYear], [b].[Publisher], [b].[StockQuantity], [b].[Title], [b].[UpdatedAtUtc], [a].[Id], [a].[Biography], [a].[CreatedAtUtc], [a].[Name], [a].[UpdatedAtUtc], [c0].[Id], [c0].[CreatedAtUtc], [c0].[Description], [c0].[IsDeleted], [c0].[Name], [c0].[ParentCategoryId], [c0].[UpdatedAtUtc]
FROM [Books] AS [b]
LEFT JOIN [Authors] AS [a] ON [b].[AuthorId] = [a].[Id]
INNER JOIN (
    SELECT [c].[Id], [c].[CreatedAtUtc], [c].[Description], [c].[IsDeleted], [c].[Name], [c].[ParentCategoryId], [c].[UpdatedAtUtc]
    FROM [Categories] AS [c]
    WHERE [c].[IsDeleted] = CAST(0 AS bit)
) AS [c0] ON [b].[CategoryId] = [c0].[Id]
WHERE [b].[IsDeleted] = CAST(0 AS bit) AND [b].[Id] = @__id_0
2025-06-11 11:13:17.522 +07:00 [INF] (Microsoft.EntityFrameworkCore.Database.Command) Executed DbCommand (5ms) [Parameters=[@__bookId_0='1cf348ee-deb2-46ab-aa5c-3815a7969e2d', @__p_1='0', @__p_2='5'], CommandType='"Text"', CommandTimeout='30']
SELECT [r0].[Id], [r0].[BookId], [r0].[Comment], [r0].[CreatedAtUtc], [r0].[IsApproved], [r0].[Rating], [r0].[UpdatedAtUtc], [r0].[UserId], [u].[Id], [u].[CreatedAtUtc], [u].[Email], [u].[FirstName], [u].[IsActive], [u].[LastName], [u].[PasswordHash], [u].[PhoneNumber], [u].[UpdatedAtUtc], [u].[UserName]
FROM (
    SELECT [r].[Id], [r].[BookId], [r].[Comment], [r].[CreatedAtUtc], [r].[IsApproved], [r].[Rating], [r].[UpdatedAtUtc], [r].[UserId]
    FROM [Review] AS [r]
    WHERE [r].[BookId] = @__bookId_0 AND [r].[IsApproved] = CAST(1 AS bit)
    ORDER BY [r].[CreatedAtUtc] DESC
    OFFSET @__p_1 ROWS FETCH NEXT @__p_2 ROWS ONLY
) AS [r0]
INNER JOIN [Users] AS [u] ON [r0].[UserId] = [u].[Id]
ORDER BY [r0].[CreatedAtUtc] DESC
2025-06-11 11:13:17.555 +07:00 [INF] (Microsoft.EntityFrameworkCore.Database.Command) Executed DbCommand (4ms) [Parameters=[@__userId_0='f54527eb-f806-40db-bf76-c7b0e5fa6d39'], CommandType='"Text"', CommandTimeout='30']
SELECT [w].[Id], [w].[BookId], [w].[CreatedAtUtc], [w].[UserId], [b0].[Id], [b0].[AuthorId], [b0].[CategoryId], [b0].[CoverImageUrl], [b0].[CreatedAtUtc], [b0].[Description], [b0].[ISBN], [b0].[IsDeleted], [b0].[Price], [b0].[PublicationYear], [b0].[Publisher], [b0].[StockQuantity], [b0].[Title], [b0].[UpdatedAtUtc], [a].[Id], [a].[Biography], [a].[CreatedAtUtc], [a].[Name], [a].[UpdatedAtUtc]
FROM [WishlistItems] AS [w]
INNER JOIN (
    SELECT [b].[Id], [b].[AuthorId], [b].[CategoryId], [b].[CoverImageUrl], [b].[CreatedAtUtc], [b].[Description], [b].[ISBN], [b].[IsDeleted], [b].[Price], [b].[PublicationYear], [b].[Publisher], [b].[StockQuantity], [b].[Title], [b].[UpdatedAtUtc]
    FROM [Books] AS [b]
    WHERE [b].[IsDeleted] = CAST(0 AS bit)
) AS [b0] ON [w].[BookId] = [b0].[Id]
LEFT JOIN [Authors] AS [a] ON [b0].[AuthorId] = [a].[Id]
WHERE [w].[UserId] = @__userId_0 AND [b0].[IsDeleted] = CAST(0 AS bit)
ORDER BY [w].[CreatedAtUtc] DESC
2025-06-11 11:13:22.596 +07:00 [INF] (Microsoft.EntityFrameworkCore.Database.Command) Executed DbCommand (4ms) [Parameters=[@__id_0='6d858026-d70a-4441-8837-01f8d972cb26'], CommandType='"Text"', CommandTimeout='30']
SELECT [b].[Id], [b].[AuthorId], [b].[CategoryId], [b].[CoverImageUrl], [b].[CreatedAtUtc], [b].[Description], [b].[ISBN], [b].[IsDeleted], [b].[Price], [b].[PublicationYear], [b].[Publisher], [b].[StockQuantity], [b].[Title], [b].[UpdatedAtUtc], [a].[Id], [a].[Biography], [a].[CreatedAtUtc], [a].[Name], [a].[UpdatedAtUtc], [c0].[Id], [c0].[CreatedAtUtc], [c0].[Description], [c0].[IsDeleted], [c0].[Name], [c0].[ParentCategoryId], [c0].[UpdatedAtUtc]
FROM [Books] AS [b]
LEFT JOIN [Authors] AS [a] ON [b].[AuthorId] = [a].[Id]
INNER JOIN (
    SELECT [c].[Id], [c].[CreatedAtUtc], [c].[Description], [c].[IsDeleted], [c].[Name], [c].[ParentCategoryId], [c].[UpdatedAtUtc]
    FROM [Categories] AS [c]
    WHERE [c].[IsDeleted] = CAST(0 AS bit)
) AS [c0] ON [b].[CategoryId] = [c0].[Id]
WHERE [b].[IsDeleted] = CAST(0 AS bit) AND [b].[Id] = @__id_0
2025-06-11 11:13:22.714 +07:00 [INF] (Microsoft.EntityFrameworkCore.Database.Command) Executed DbCommand (3ms) [Parameters=[@__bookId_0='6d858026-d70a-4441-8837-01f8d972cb26', @__p_1='0', @__p_2='5'], CommandType='"Text"', CommandTimeout='30']
SELECT [r0].[Id], [r0].[BookId], [r0].[Comment], [r0].[CreatedAtUtc], [r0].[IsApproved], [r0].[Rating], [r0].[UpdatedAtUtc], [r0].[UserId], [u].[Id], [u].[CreatedAtUtc], [u].[Email], [u].[FirstName], [u].[IsActive], [u].[LastName], [u].[PasswordHash], [u].[PhoneNumber], [u].[UpdatedAtUtc], [u].[UserName]
FROM (
    SELECT [r].[Id], [r].[BookId], [r].[Comment], [r].[CreatedAtUtc], [r].[IsApproved], [r].[Rating], [r].[UpdatedAtUtc], [r].[UserId]
    FROM [Review] AS [r]
    WHERE [r].[BookId] = @__bookId_0 AND [r].[IsApproved] = CAST(1 AS bit)
    ORDER BY [r].[CreatedAtUtc] DESC
    OFFSET @__p_1 ROWS FETCH NEXT @__p_2 ROWS ONLY
) AS [r0]
INNER JOIN [Users] AS [u] ON [r0].[UserId] = [u].[Id]
ORDER BY [r0].[CreatedAtUtc] DESC
2025-06-11 11:13:22.743 +07:00 [INF] (Microsoft.EntityFrameworkCore.Database.Command) Executed DbCommand (6ms) [Parameters=[@__userId_0='f54527eb-f806-40db-bf76-c7b0e5fa6d39'], CommandType='"Text"', CommandTimeout='30']
SELECT [w].[Id], [w].[BookId], [w].[CreatedAtUtc], [w].[UserId], [b0].[Id], [b0].[AuthorId], [b0].[CategoryId], [b0].[CoverImageUrl], [b0].[CreatedAtUtc], [b0].[Description], [b0].[ISBN], [b0].[IsDeleted], [b0].[Price], [b0].[PublicationYear], [b0].[Publisher], [b0].[StockQuantity], [b0].[Title], [b0].[UpdatedAtUtc], [a].[Id], [a].[Biography], [a].[CreatedAtUtc], [a].[Name], [a].[UpdatedAtUtc]
FROM [WishlistItems] AS [w]
INNER JOIN (
    SELECT [b].[Id], [b].[AuthorId], [b].[CategoryId], [b].[CoverImageUrl], [b].[CreatedAtUtc], [b].[Description], [b].[ISBN], [b].[IsDeleted], [b].[Price], [b].[PublicationYear], [b].[Publisher], [b].[StockQuantity], [b].[Title], [b].[UpdatedAtUtc]
    FROM [Books] AS [b]
    WHERE [b].[IsDeleted] = CAST(0 AS bit)
) AS [b0] ON [w].[BookId] = [b0].[Id]
LEFT JOIN [Authors] AS [a] ON [b0].[AuthorId] = [a].[Id]
WHERE [w].[UserId] = @__userId_0 AND [b0].[IsDeleted] = CAST(0 AS bit)
ORDER BY [w].[CreatedAtUtc] DESC
2025-06-11 11:13:28.024 +07:00 [INF] (Microsoft.EntityFrameworkCore.Database.Command) Executed DbCommand (2ms) [Parameters=[@__p_0='0', @__p_1='10'], CommandType='"Text"', CommandTimeout='30']
SELECT [c].[Id], [c].[CreatedAtUtc], [c].[Description], [c].[IsDeleted], [c].[Name], [c].[ParentCategoryId], [c].[UpdatedAtUtc]
FROM [Categories] AS [c]
WHERE [c].[IsDeleted] = CAST(0 AS bit)
ORDER BY [c].[Name]
OFFSET @__p_0 ROWS FETCH NEXT @__p_1 ROWS ONLY
2025-06-11 11:13:29.735 +07:00 [INF] (Microsoft.EntityFrameworkCore.Database.Command) Executed DbCommand (2ms) [Parameters=[@__p_0='707f89a4-da65-4b5e-a890-485a3b929301' (Nullable = true)], CommandType='"Text"', CommandTimeout='30']
SELECT TOP(1) [c].[Id], [c].[CreatedAtUtc], [c].[Description], [c].[IsDeleted], [c].[Name], [c].[ParentCategoryId], [c].[UpdatedAtUtc]
FROM [Categories] AS [c]
WHERE [c].[IsDeleted] = CAST(0 AS bit) AND [c].[Id] = @__p_0
2025-06-11 11:13:29.758 +07:00 [INF] (Microsoft.EntityFrameworkCore.Database.Command) Executed DbCommand (5ms) [Parameters=[@__catId_0='707f89a4-da65-4b5e-a890-485a3b929301', @__p_1='0', @__p_2='20'], CommandType='"Text"', CommandTimeout='30']
SELECT [b0].[Id], [b0].[AuthorId], [b0].[CategoryId], [b0].[CoverImageUrl], [b0].[CreatedAtUtc], [b0].[Description], [b0].[ISBN], [b0].[IsDeleted], [b0].[Price], [b0].[PublicationYear], [b0].[Publisher], [b0].[StockQuantity], [b0].[Title], [b0].[UpdatedAtUtc], [a].[Id], [a].[Biography], [a].[CreatedAtUtc], [a].[Name], [a].[UpdatedAtUtc], [c0].[Id], [c0].[CreatedAtUtc], [c0].[Description], [c0].[IsDeleted], [c0].[Name], [c0].[ParentCategoryId], [c0].[UpdatedAtUtc]
FROM (
    SELECT [b].[Id], [b].[AuthorId], [b].[CategoryId], [b].[CoverImageUrl], [b].[CreatedAtUtc], [b].[Description], [b].[ISBN], [b].[IsDeleted], [b].[Price], [b].[PublicationYear], [b].[Publisher], [b].[StockQuantity], [b].[Title], [b].[UpdatedAtUtc]
    FROM [Books] AS [b]
    WHERE [b].[IsDeleted] = CAST(0 AS bit) AND [b].[CategoryId] = @__catId_0
    ORDER BY [b].[CreatedAtUtc] DESC
    OFFSET @__p_1 ROWS FETCH NEXT @__p_2 ROWS ONLY
) AS [b0]
LEFT JOIN [Authors] AS [a] ON [b0].[AuthorId] = [a].[Id]
INNER JOIN (
    SELECT [c].[Id], [c].[CreatedAtUtc], [c].[Description], [c].[IsDeleted], [c].[Name], [c].[ParentCategoryId], [c].[UpdatedAtUtc]
    FROM [Categories] AS [c]
    WHERE [c].[IsDeleted] = CAST(0 AS bit)
) AS [c0] ON [b0].[CategoryId] = [c0].[Id]
ORDER BY [b0].[CreatedAtUtc] DESC
2025-06-11 11:13:30.561 +07:00 [INF] (Microsoft.EntityFrameworkCore.Database.Command) Executed DbCommand (3ms) [Parameters=[@__id_0='6d858026-d70a-4441-8837-01f8d972cb26'], CommandType='"Text"', CommandTimeout='30']
SELECT [b].[Id], [b].[AuthorId], [b].[CategoryId], [b].[CoverImageUrl], [b].[CreatedAtUtc], [b].[Description], [b].[ISBN], [b].[IsDeleted], [b].[Price], [b].[PublicationYear], [b].[Publisher], [b].[StockQuantity], [b].[Title], [b].[UpdatedAtUtc], [a].[Id], [a].[Biography], [a].[CreatedAtUtc], [a].[Name], [a].[UpdatedAtUtc], [c0].[Id], [c0].[CreatedAtUtc], [c0].[Description], [c0].[IsDeleted], [c0].[Name], [c0].[ParentCategoryId], [c0].[UpdatedAtUtc]
FROM [Books] AS [b]
LEFT JOIN [Authors] AS [a] ON [b].[AuthorId] = [a].[Id]
INNER JOIN (
    SELECT [c].[Id], [c].[CreatedAtUtc], [c].[Description], [c].[IsDeleted], [c].[Name], [c].[ParentCategoryId], [c].[UpdatedAtUtc]
    FROM [Categories] AS [c]
    WHERE [c].[IsDeleted] = CAST(0 AS bit)
) AS [c0] ON [b].[CategoryId] = [c0].[Id]
WHERE [b].[IsDeleted] = CAST(0 AS bit) AND [b].[Id] = @__id_0
2025-06-11 11:13:30.637 +07:00 [INF] (Microsoft.EntityFrameworkCore.Database.Command) Executed DbCommand (4ms) [Parameters=[@__bookId_0='6d858026-d70a-4441-8837-01f8d972cb26', @__p_1='0', @__p_2='5'], CommandType='"Text"', CommandTimeout='30']
SELECT [r0].[Id], [r0].[BookId], [r0].[Comment], [r0].[CreatedAtUtc], [r0].[IsApproved], [r0].[Rating], [r0].[UpdatedAtUtc], [r0].[UserId], [u].[Id], [u].[CreatedAtUtc], [u].[Email], [u].[FirstName], [u].[IsActive], [u].[LastName], [u].[PasswordHash], [u].[PhoneNumber], [u].[UpdatedAtUtc], [u].[UserName]
FROM (
    SELECT [r].[Id], [r].[BookId], [r].[Comment], [r].[CreatedAtUtc], [r].[IsApproved], [r].[Rating], [r].[UpdatedAtUtc], [r].[UserId]
    FROM [Review] AS [r]
    WHERE [r].[BookId] = @__bookId_0 AND [r].[IsApproved] = CAST(1 AS bit)
    ORDER BY [r].[CreatedAtUtc] DESC
    OFFSET @__p_1 ROWS FETCH NEXT @__p_2 ROWS ONLY
) AS [r0]
INNER JOIN [Users] AS [u] ON [r0].[UserId] = [u].[Id]
ORDER BY [r0].[CreatedAtUtc] DESC
2025-06-11 11:13:30.662 +07:00 [INF] (Microsoft.EntityFrameworkCore.Database.Command) Executed DbCommand (3ms) [Parameters=[@__userId_0='f54527eb-f806-40db-bf76-c7b0e5fa6d39'], CommandType='"Text"', CommandTimeout='30']
SELECT [w].[Id], [w].[BookId], [w].[CreatedAtUtc], [w].[UserId], [b0].[Id], [b0].[AuthorId], [b0].[CategoryId], [b0].[CoverImageUrl], [b0].[CreatedAtUtc], [b0].[Description], [b0].[ISBN], [b0].[IsDeleted], [b0].[Price], [b0].[PublicationYear], [b0].[Publisher], [b0].[StockQuantity], [b0].[Title], [b0].[UpdatedAtUtc], [a].[Id], [a].[Biography], [a].[CreatedAtUtc], [a].[Name], [a].[UpdatedAtUtc]
FROM [WishlistItems] AS [w]
INNER JOIN (
    SELECT [b].[Id], [b].[AuthorId], [b].[CategoryId], [b].[CoverImageUrl], [b].[CreatedAtUtc], [b].[Description], [b].[ISBN], [b].[IsDeleted], [b].[Price], [b].[PublicationYear], [b].[Publisher], [b].[StockQuantity], [b].[Title], [b].[UpdatedAtUtc]
    FROM [Books] AS [b]
    WHERE [b].[IsDeleted] = CAST(0 AS bit)
) AS [b0] ON [w].[BookId] = [b0].[Id]
LEFT JOIN [Authors] AS [a] ON [b0].[AuthorId] = [a].[Id]
WHERE [w].[UserId] = @__userId_0 AND [b0].[IsDeleted] = CAST(0 AS bit)
ORDER BY [w].[CreatedAtUtc] DESC
2025-06-11 11:13:33.086 +07:00 [INF] (Microsoft.EntityFrameworkCore.Database.Command) Executed DbCommand (2ms) [Parameters=[@__p_0='aa5416a0-f515-42ae-84a9-bf6b555a3f88' (Nullable = true)], CommandType='"Text"', CommandTimeout='30']
SELECT TOP(1) [c].[Id], [c].[CreatedAtUtc], [c].[Description], [c].[IsDeleted], [c].[Name], [c].[ParentCategoryId], [c].[UpdatedAtUtc]
FROM [Categories] AS [c]
WHERE [c].[IsDeleted] = CAST(0 AS bit) AND [c].[Id] = @__p_0
2025-06-11 11:13:33.096 +07:00 [INF] (Microsoft.EntityFrameworkCore.Database.Command) Executed DbCommand (5ms) [Parameters=[@__catId_0='aa5416a0-f515-42ae-84a9-bf6b555a3f88', @__p_1='0', @__p_2='20'], CommandType='"Text"', CommandTimeout='30']
SELECT [b0].[Id], [b0].[AuthorId], [b0].[CategoryId], [b0].[CoverImageUrl], [b0].[CreatedAtUtc], [b0].[Description], [b0].[ISBN], [b0].[IsDeleted], [b0].[Price], [b0].[PublicationYear], [b0].[Publisher], [b0].[StockQuantity], [b0].[Title], [b0].[UpdatedAtUtc], [a].[Id], [a].[Biography], [a].[CreatedAtUtc], [a].[Name], [a].[UpdatedAtUtc], [c0].[Id], [c0].[CreatedAtUtc], [c0].[Description], [c0].[IsDeleted], [c0].[Name], [c0].[ParentCategoryId], [c0].[UpdatedAtUtc]
FROM (
    SELECT [b].[Id], [b].[AuthorId], [b].[CategoryId], [b].[CoverImageUrl], [b].[CreatedAtUtc], [b].[Description], [b].[ISBN], [b].[IsDeleted], [b].[Price], [b].[PublicationYear], [b].[Publisher], [b].[StockQuantity], [b].[Title], [b].[UpdatedAtUtc]
    FROM [Books] AS [b]
    WHERE [b].[IsDeleted] = CAST(0 AS bit) AND [b].[CategoryId] = @__catId_0
    ORDER BY [b].[CreatedAtUtc] DESC
    OFFSET @__p_1 ROWS FETCH NEXT @__p_2 ROWS ONLY
) AS [b0]
LEFT JOIN [Authors] AS [a] ON [b0].[AuthorId] = [a].[Id]
INNER JOIN (
    SELECT [c].[Id], [c].[CreatedAtUtc], [c].[Description], [c].[IsDeleted], [c].[Name], [c].[ParentCategoryId], [c].[UpdatedAtUtc]
    FROM [Categories] AS [c]
    WHERE [c].[IsDeleted] = CAST(0 AS bit)
) AS [c0] ON [b0].[CategoryId] = [c0].[Id]
ORDER BY [b0].[CreatedAtUtc] DESC
2025-06-11 11:13:36.126 +07:00 [INF] (Microsoft.EntityFrameworkCore.Database.Command) Executed DbCommand (2ms) [Parameters=[@__p_0='a91a6327-bf73-411c-a18a-4b92b3085d9e' (Nullable = true)], CommandType='"Text"', CommandTimeout='30']
SELECT TOP(1) [c].[Id], [c].[CreatedAtUtc], [c].[Description], [c].[IsDeleted], [c].[Name], [c].[ParentCategoryId], [c].[UpdatedAtUtc]
FROM [Categories] AS [c]
WHERE [c].[IsDeleted] = CAST(0 AS bit) AND [c].[Id] = @__p_0
2025-06-11 11:13:36.144 +07:00 [INF] (Microsoft.EntityFrameworkCore.Database.Command) Executed DbCommand (4ms) [Parameters=[@__catId_0='a91a6327-bf73-411c-a18a-4b92b3085d9e', @__p_1='0', @__p_2='20'], CommandType='"Text"', CommandTimeout='30']
SELECT [b0].[Id], [b0].[AuthorId], [b0].[CategoryId], [b0].[CoverImageUrl], [b0].[CreatedAtUtc], [b0].[Description], [b0].[ISBN], [b0].[IsDeleted], [b0].[Price], [b0].[PublicationYear], [b0].[Publisher], [b0].[StockQuantity], [b0].[Title], [b0].[UpdatedAtUtc], [a].[Id], [a].[Biography], [a].[CreatedAtUtc], [a].[Name], [a].[UpdatedAtUtc], [c0].[Id], [c0].[CreatedAtUtc], [c0].[Description], [c0].[IsDeleted], [c0].[Name], [c0].[ParentCategoryId], [c0].[UpdatedAtUtc]
FROM (
    SELECT [b].[Id], [b].[AuthorId], [b].[CategoryId], [b].[CoverImageUrl], [b].[CreatedAtUtc], [b].[Description], [b].[ISBN], [b].[IsDeleted], [b].[Price], [b].[PublicationYear], [b].[Publisher], [b].[StockQuantity], [b].[Title], [b].[UpdatedAtUtc]
    FROM [Books] AS [b]
    WHERE [b].[IsDeleted] = CAST(0 AS bit) AND [b].[CategoryId] = @__catId_0
    ORDER BY [b].[CreatedAtUtc] DESC
    OFFSET @__p_1 ROWS FETCH NEXT @__p_2 ROWS ONLY
) AS [b0]
LEFT JOIN [Authors] AS [a] ON [b0].[AuthorId] = [a].[Id]
INNER JOIN (
    SELECT [c].[Id], [c].[CreatedAtUtc], [c].[Description], [c].[IsDeleted], [c].[Name], [c].[ParentCategoryId], [c].[UpdatedAtUtc]
    FROM [Categories] AS [c]
    WHERE [c].[IsDeleted] = CAST(0 AS bit)
) AS [c0] ON [b0].[CategoryId] = [c0].[Id]
ORDER BY [b0].[CreatedAtUtc] DESC
2025-06-11 11:13:37.140 +07:00 [INF] (Microsoft.EntityFrameworkCore.Database.Command) Executed DbCommand (4ms) [Parameters=[@__id_0='a73ebc4c-212f-4c02-81bf-cb05aa0f4471'], CommandType='"Text"', CommandTimeout='30']
SELECT [b].[Id], [b].[AuthorId], [b].[CategoryId], [b].[CoverImageUrl], [b].[CreatedAtUtc], [b].[Description], [b].[ISBN], [b].[IsDeleted], [b].[Price], [b].[PublicationYear], [b].[Publisher], [b].[StockQuantity], [b].[Title], [b].[UpdatedAtUtc], [a].[Id], [a].[Biography], [a].[CreatedAtUtc], [a].[Name], [a].[UpdatedAtUtc], [c0].[Id], [c0].[CreatedAtUtc], [c0].[Description], [c0].[IsDeleted], [c0].[Name], [c0].[ParentCategoryId], [c0].[UpdatedAtUtc]
FROM [Books] AS [b]
LEFT JOIN [Authors] AS [a] ON [b].[AuthorId] = [a].[Id]
INNER JOIN (
    SELECT [c].[Id], [c].[CreatedAtUtc], [c].[Description], [c].[IsDeleted], [c].[Name], [c].[ParentCategoryId], [c].[UpdatedAtUtc]
    FROM [Categories] AS [c]
    WHERE [c].[IsDeleted] = CAST(0 AS bit)
) AS [c0] ON [b].[CategoryId] = [c0].[Id]
WHERE [b].[IsDeleted] = CAST(0 AS bit) AND [b].[Id] = @__id_0
2025-06-11 11:13:37.236 +07:00 [INF] (Microsoft.EntityFrameworkCore.Database.Command) Executed DbCommand (4ms) [Parameters=[@__bookId_0='a73ebc4c-212f-4c02-81bf-cb05aa0f4471', @__p_1='0', @__p_2='5'], CommandType='"Text"', CommandTimeout='30']
SELECT [r0].[Id], [r0].[BookId], [r0].[Comment], [r0].[CreatedAtUtc], [r0].[IsApproved], [r0].[Rating], [r0].[UpdatedAtUtc], [r0].[UserId], [u].[Id], [u].[CreatedAtUtc], [u].[Email], [u].[FirstName], [u].[IsActive], [u].[LastName], [u].[PasswordHash], [u].[PhoneNumber], [u].[UpdatedAtUtc], [u].[UserName]
FROM (
    SELECT [r].[Id], [r].[BookId], [r].[Comment], [r].[CreatedAtUtc], [r].[IsApproved], [r].[Rating], [r].[UpdatedAtUtc], [r].[UserId]
    FROM [Review] AS [r]
    WHERE [r].[BookId] = @__bookId_0 AND [r].[IsApproved] = CAST(1 AS bit)
    ORDER BY [r].[CreatedAtUtc] DESC
    OFFSET @__p_1 ROWS FETCH NEXT @__p_2 ROWS ONLY
) AS [r0]
INNER JOIN [Users] AS [u] ON [r0].[UserId] = [u].[Id]
ORDER BY [r0].[CreatedAtUtc] DESC
2025-06-11 11:13:37.261 +07:00 [INF] (Microsoft.EntityFrameworkCore.Database.Command) Executed DbCommand (5ms) [Parameters=[@__userId_0='f54527eb-f806-40db-bf76-c7b0e5fa6d39'], CommandType='"Text"', CommandTimeout='30']
SELECT [w].[Id], [w].[BookId], [w].[CreatedAtUtc], [w].[UserId], [b0].[Id], [b0].[AuthorId], [b0].[CategoryId], [b0].[CoverImageUrl], [b0].[CreatedAtUtc], [b0].[Description], [b0].[ISBN], [b0].[IsDeleted], [b0].[Price], [b0].[PublicationYear], [b0].[Publisher], [b0].[StockQuantity], [b0].[Title], [b0].[UpdatedAtUtc], [a].[Id], [a].[Biography], [a].[CreatedAtUtc], [a].[Name], [a].[UpdatedAtUtc]
FROM [WishlistItems] AS [w]
INNER JOIN (
    SELECT [b].[Id], [b].[AuthorId], [b].[CategoryId], [b].[CoverImageUrl], [b].[CreatedAtUtc], [b].[Description], [b].[ISBN], [b].[IsDeleted], [b].[Price], [b].[PublicationYear], [b].[Publisher], [b].[StockQuantity], [b].[Title], [b].[UpdatedAtUtc]
    FROM [Books] AS [b]
    WHERE [b].[IsDeleted] = CAST(0 AS bit)
) AS [b0] ON [w].[BookId] = [b0].[Id]
LEFT JOIN [Authors] AS [a] ON [b0].[AuthorId] = [a].[Id]
WHERE [w].[UserId] = @__userId_0 AND [b0].[IsDeleted] = CAST(0 AS bit)
ORDER BY [w].[CreatedAtUtc] DESC
2025-06-11 11:13:38.577 +07:00 [INF] (Microsoft.EntityFrameworkCore.Database.Command) Executed DbCommand (5ms) [Parameters=[@__id_0='6c50f852-d8c7-4ef9-a26a-c9d292ef9108'], CommandType='"Text"', CommandTimeout='30']
SELECT [b].[Id], [b].[AuthorId], [b].[CategoryId], [b].[CoverImageUrl], [b].[CreatedAtUtc], [b].[Description], [b].[ISBN], [b].[IsDeleted], [b].[Price], [b].[PublicationYear], [b].[Publisher], [b].[StockQuantity], [b].[Title], [b].[UpdatedAtUtc], [a].[Id], [a].[Biography], [a].[CreatedAtUtc], [a].[Name], [a].[UpdatedAtUtc], [c0].[Id], [c0].[CreatedAtUtc], [c0].[Description], [c0].[IsDeleted], [c0].[Name], [c0].[ParentCategoryId], [c0].[UpdatedAtUtc]
FROM [Books] AS [b]
LEFT JOIN [Authors] AS [a] ON [b].[AuthorId] = [a].[Id]
INNER JOIN (
    SELECT [c].[Id], [c].[CreatedAtUtc], [c].[Description], [c].[IsDeleted], [c].[Name], [c].[ParentCategoryId], [c].[UpdatedAtUtc]
    FROM [Categories] AS [c]
    WHERE [c].[IsDeleted] = CAST(0 AS bit)
) AS [c0] ON [b].[CategoryId] = [c0].[Id]
WHERE [b].[IsDeleted] = CAST(0 AS bit) AND [b].[Id] = @__id_0
2025-06-11 11:13:38.656 +07:00 [INF] (Microsoft.EntityFrameworkCore.Database.Command) Executed DbCommand (3ms) [Parameters=[@__bookId_0='6c50f852-d8c7-4ef9-a26a-c9d292ef9108', @__p_1='0', @__p_2='5'], CommandType='"Text"', CommandTimeout='30']
SELECT [r0].[Id], [r0].[BookId], [r0].[Comment], [r0].[CreatedAtUtc], [r0].[IsApproved], [r0].[Rating], [r0].[UpdatedAtUtc], [r0].[UserId], [u].[Id], [u].[CreatedAtUtc], [u].[Email], [u].[FirstName], [u].[IsActive], [u].[LastName], [u].[PasswordHash], [u].[PhoneNumber], [u].[UpdatedAtUtc], [u].[UserName]
FROM (
    SELECT [r].[Id], [r].[BookId], [r].[Comment], [r].[CreatedAtUtc], [r].[IsApproved], [r].[Rating], [r].[UpdatedAtUtc], [r].[UserId]
    FROM [Review] AS [r]
    WHERE [r].[BookId] = @__bookId_0 AND [r].[IsApproved] = CAST(1 AS bit)
    ORDER BY [r].[CreatedAtUtc] DESC
    OFFSET @__p_1 ROWS FETCH NEXT @__p_2 ROWS ONLY
) AS [r0]
INNER JOIN [Users] AS [u] ON [r0].[UserId] = [u].[Id]
ORDER BY [r0].[CreatedAtUtc] DESC
2025-06-11 11:13:38.687 +07:00 [INF] (Microsoft.EntityFrameworkCore.Database.Command) Executed DbCommand (4ms) [Parameters=[@__userId_0='f54527eb-f806-40db-bf76-c7b0e5fa6d39'], CommandType='"Text"', CommandTimeout='30']
SELECT [w].[Id], [w].[BookId], [w].[CreatedAtUtc], [w].[UserId], [b0].[Id], [b0].[AuthorId], [b0].[CategoryId], [b0].[CoverImageUrl], [b0].[CreatedAtUtc], [b0].[Description], [b0].[ISBN], [b0].[IsDeleted], [b0].[Price], [b0].[PublicationYear], [b0].[Publisher], [b0].[StockQuantity], [b0].[Title], [b0].[UpdatedAtUtc], [a].[Id], [a].[Biography], [a].[CreatedAtUtc], [a].[Name], [a].[UpdatedAtUtc]
FROM [WishlistItems] AS [w]
INNER JOIN (
    SELECT [b].[Id], [b].[AuthorId], [b].[CategoryId], [b].[CoverImageUrl], [b].[CreatedAtUtc], [b].[Description], [b].[ISBN], [b].[IsDeleted], [b].[Price], [b].[PublicationYear], [b].[Publisher], [b].[StockQuantity], [b].[Title], [b].[UpdatedAtUtc]
    FROM [Books] AS [b]
    WHERE [b].[IsDeleted] = CAST(0 AS bit)
) AS [b0] ON [w].[BookId] = [b0].[Id]
LEFT JOIN [Authors] AS [a] ON [b0].[AuthorId] = [a].[Id]
WHERE [w].[UserId] = @__userId_0 AND [b0].[IsDeleted] = CAST(0 AS bit)
ORDER BY [w].[CreatedAtUtc] DESC
2025-06-11 11:13:41.760 +07:00 [INF] (Bookstore.Application.Services.UserService) Fetching users for admin. Page: 1, PageSize: 15, Role: All, Active: All, Search: None
2025-06-11 11:13:41.768 +07:00 [INF] (Microsoft.EntityFrameworkCore.Database.Command) Executed DbCommand (6ms) [Parameters=[@__p_0='0', @__p_1='15'], CommandType='"Text"', CommandTimeout='30']
SELECT [u1].[Id], [u1].[CreatedAtUtc], [u1].[Email], [u1].[FirstName], [u1].[IsActive], [u1].[LastName], [u1].[PasswordHash], [u1].[PhoneNumber], [u1].[UpdatedAtUtc], [u1].[UserName], [s].[UserId], [s].[RoleId], [s].[Id], [s].[CreatedAtUtc], [s].[Name], [s].[UpdatedAtUtc]
FROM (
    SELECT [u].[Id], [u].[CreatedAtUtc], [u].[Email], [u].[FirstName], [u].[IsActive], [u].[LastName], [u].[PasswordHash], [u].[PhoneNumber], [u].[UpdatedAtUtc], [u].[UserName]
    FROM [Users] AS [u]
    ORDER BY [u].[UserName]
    OFFSET @__p_0 ROWS FETCH NEXT @__p_1 ROWS ONLY
) AS [u1]
LEFT JOIN (
    SELECT [u0].[UserId], [u0].[RoleId], [r].[Id], [r].[CreatedAtUtc], [r].[Name], [r].[UpdatedAtUtc]
    FROM [UserRoles] AS [u0]
    INNER JOIN [Roles] AS [r] ON [u0].[RoleId] = [r].[Id]
) AS [s] ON [u1].[Id] = [s].[UserId]
ORDER BY [u1].[UserName], [u1].[Id], [s].[UserId], [s].[RoleId]
2025-06-11 11:13:44.427 +07:00 [INF] (Bookstore.Application.Services.ReportService) Fetching admin dashboard summary.
2025-06-11 11:13:44.431 +07:00 [INF] (Microsoft.EntityFrameworkCore.Database.Command) Executed DbCommand (3ms) [Parameters=[@__todayStart_0='2025-06-11T00:00:00.0000000Z', @__tomorrowStart_1='2025-06-12T00:00:00.0000000Z'], CommandType='"Text"', CommandTimeout='30']
SELECT COUNT(*)
FROM [Orders] AS [o]
WHERE [o].[OrderDate] >= @__todayStart_0 AND [o].[OrderDate] < @__tomorrowStart_1 AND [o].[Status] <> CAST(4 AS tinyint)
2025-06-11 11:13:44.438 +07:00 [INF] (Microsoft.EntityFrameworkCore.Database.Command) Executed DbCommand (2ms) [Parameters=[@__todayStart_0='2025-06-11T00:00:00.0000000Z', @__tomorrowStart_1='2025-06-12T00:00:00.0000000Z'], CommandType='"Text"', CommandTimeout='30']
SELECT COALESCE(SUM([o].[TotalAmount]), 0.0)
FROM [Orders] AS [o]
WHERE [o].[OrderDate] >= @__todayStart_0 AND [o].[OrderDate] < @__tomorrowStart_1 AND [o].[Status] = CAST(3 AS tinyint)
2025-06-11 11:13:44.445 +07:00 [INF] (Microsoft.EntityFrameworkCore.Database.Command) Executed DbCommand (2ms) [Parameters=[@__todayStart_0='2025-06-11T00:00:00.0000000Z', @__tomorrowStart_1='2025-06-12T00:00:00.0000000Z'], CommandType='"Text"', CommandTimeout='30']
SELECT COUNT(*)
FROM [Users] AS [u]
WHERE [u].[CreatedAtUtc] >= @__todayStart_0 AND [u].[CreatedAtUtc] < @__tomorrowStart_1
2025-06-11 11:13:44.450 +07:00 [INF] (Microsoft.EntityFrameworkCore.Database.Command) Executed DbCommand (2ms) [Parameters=[@__lowStockThreshold_0='10'], CommandType='"Text"', CommandTimeout='30']
SELECT COUNT(*)
FROM [Books] AS [b]
WHERE [b].[IsDeleted] = CAST(0 AS bit) AND [b].[IsDeleted] = CAST(0 AS bit) AND [b].[StockQuantity] > 0 AND [b].[StockQuantity] <= @__lowStockThreshold_0
2025-06-11 11:13:44.454 +07:00 [INF] (Bookstore.Application.Services.ReportService) Admin dashboard summary fetched successfully.
2025-06-11 11:13:47.739 +07:00 [INF] (Microsoft.EntityFrameworkCore.Database.Command) Executed DbCommand (3ms) [Parameters=[@__p_0='0', @__p_1='10'], CommandType='"Text"', CommandTimeout='30']
SELECT [c].[Id], [c].[CreatedAtUtc], [c].[Description], [c].[IsDeleted], [c].[Name], [c].[ParentCategoryId], [c].[UpdatedAtUtc]
FROM [Categories] AS [c]
WHERE [c].[IsDeleted] = CAST(0 AS bit)
ORDER BY [c].[Name]
OFFSET @__p_0 ROWS FETCH NEXT @__p_1 ROWS ONLY
2025-06-11 11:13:47.774 +07:00 [INF] (Microsoft.EntityFrameworkCore.Database.Command) Executed DbCommand (4ms) [Parameters=[@__p_0='0', @__p_1='15'], CommandType='"Text"', CommandTimeout='30']
SELECT [b0].[Id], [b0].[AuthorId], [b0].[CategoryId], [b0].[CoverImageUrl], [b0].[CreatedAtUtc], [b0].[Description], [b0].[ISBN], [b0].[IsDeleted], [b0].[Price], [b0].[PublicationYear], [b0].[Publisher], [b0].[StockQuantity], [b0].[Title], [b0].[UpdatedAtUtc], [a].[Id], [a].[Biography], [a].[CreatedAtUtc], [a].[Name], [a].[UpdatedAtUtc], [c0].[Id], [c0].[CreatedAtUtc], [c0].[Description], [c0].[IsDeleted], [c0].[Name], [c0].[ParentCategoryId], [c0].[UpdatedAtUtc]
FROM (
    SELECT [b].[Id], [b].[AuthorId], [b].[CategoryId], [b].[CoverImageUrl], [b].[CreatedAtUtc], [b].[Description], [b].[ISBN], [b].[IsDeleted], [b].[Price], [b].[PublicationYear], [b].[Publisher], [b].[StockQuantity], [b].[Title], [b].[UpdatedAtUtc]
    FROM [Books] AS [b]
    WHERE [b].[IsDeleted] = CAST(0 AS bit)
    ORDER BY [b].[CreatedAtUtc] DESC
    OFFSET @__p_0 ROWS FETCH NEXT @__p_1 ROWS ONLY
) AS [b0]
LEFT JOIN [Authors] AS [a] ON [b0].[AuthorId] = [a].[Id]
INNER JOIN (
    SELECT [c].[Id], [c].[CreatedAtUtc], [c].[Description], [c].[IsDeleted], [c].[Name], [c].[ParentCategoryId], [c].[UpdatedAtUtc]
    FROM [Categories] AS [c]
    WHERE [c].[IsDeleted] = CAST(0 AS bit)
) AS [c0] ON [b0].[CategoryId] = [c0].[Id]
ORDER BY [b0].[CreatedAtUtc] DESC
2025-06-11 11:13:47.777 +07:00 [INF] (Microsoft.EntityFrameworkCore.Database.Command) Executed DbCommand (1ms) [Parameters=[@__p_0='0', @__p_1='15'], CommandType='"Text"', CommandTimeout='30']
SELECT [b0].[Id], [b0].[AuthorId], [b0].[CategoryId], [b0].[CoverImageUrl], [b0].[CreatedAtUtc], [b0].[Description], [b0].[ISBN], [b0].[IsDeleted], [b0].[Price], [b0].[PublicationYear], [b0].[Publisher], [b0].[StockQuantity], [b0].[Title], [b0].[UpdatedAtUtc], [a].[Id], [a].[Biography], [a].[CreatedAtUtc], [a].[Name], [a].[UpdatedAtUtc], [c0].[Id], [c0].[CreatedAtUtc], [c0].[Description], [c0].[IsDeleted], [c0].[Name], [c0].[ParentCategoryId], [c0].[UpdatedAtUtc]
FROM (
    SELECT [b].[Id], [b].[AuthorId], [b].[CategoryId], [b].[CoverImageUrl], [b].[CreatedAtUtc], [b].[Description], [b].[ISBN], [b].[IsDeleted], [b].[Price], [b].[PublicationYear], [b].[Publisher], [b].[StockQuantity], [b].[Title], [b].[UpdatedAtUtc]
    FROM [Books] AS [b]
    WHERE [b].[IsDeleted] = CAST(0 AS bit)
    ORDER BY [b].[CreatedAtUtc] DESC
    OFFSET @__p_0 ROWS FETCH NEXT @__p_1 ROWS ONLY
) AS [b0]
LEFT JOIN [Authors] AS [a] ON [b0].[AuthorId] = [a].[Id]
INNER JOIN (
    SELECT [c].[Id], [c].[CreatedAtUtc], [c].[Description], [c].[IsDeleted], [c].[Name], [c].[ParentCategoryId], [c].[UpdatedAtUtc]
    FROM [Categories] AS [c]
    WHERE [c].[IsDeleted] = CAST(0 AS bit)
) AS [c0] ON [b0].[CategoryId] = [c0].[Id]
ORDER BY [b0].[CreatedAtUtc] DESC
2025-06-11 11:13:47.891 +07:00 [INF] (Microsoft.EntityFrameworkCore.Database.Command) Executed DbCommand (1ms) [Parameters=[@__p_0='0', @__p_1='15'], CommandType='"Text"', CommandTimeout='30']
SELECT [b0].[Id], [b0].[AuthorId], [b0].[CategoryId], [b0].[CoverImageUrl], [b0].[CreatedAtUtc], [b0].[Description], [b0].[ISBN], [b0].[IsDeleted], [b0].[Price], [b0].[PublicationYear], [b0].[Publisher], [b0].[StockQuantity], [b0].[Title], [b0].[UpdatedAtUtc], [a].[Id], [a].[Biography], [a].[CreatedAtUtc], [a].[Name], [a].[UpdatedAtUtc], [c0].[Id], [c0].[CreatedAtUtc], [c0].[Description], [c0].[IsDeleted], [c0].[Name], [c0].[ParentCategoryId], [c0].[UpdatedAtUtc]
FROM (
    SELECT [b].[Id], [b].[AuthorId], [b].[CategoryId], [b].[CoverImageUrl], [b].[CreatedAtUtc], [b].[Description], [b].[ISBN], [b].[IsDeleted], [b].[Price], [b].[PublicationYear], [b].[Publisher], [b].[StockQuantity], [b].[Title], [b].[UpdatedAtUtc]
    FROM [Books] AS [b]
    WHERE [b].[IsDeleted] = CAST(0 AS bit)
    ORDER BY [b].[CreatedAtUtc] DESC
    OFFSET @__p_0 ROWS FETCH NEXT @__p_1 ROWS ONLY
) AS [b0]
LEFT JOIN [Authors] AS [a] ON [b0].[AuthorId] = [a].[Id]
INNER JOIN (
    SELECT [c].[Id], [c].[CreatedAtUtc], [c].[Description], [c].[IsDeleted], [c].[Name], [c].[ParentCategoryId], [c].[UpdatedAtUtc]
    FROM [Categories] AS [c]
    WHERE [c].[IsDeleted] = CAST(0 AS bit)
) AS [c0] ON [b0].[CategoryId] = [c0].[Id]
ORDER BY [b0].[CreatedAtUtc] DESC
2025-06-11 11:13:47.902 +07:00 [INF] (Bookstore.Application.Services.AuthorService) Fetching all authors. Page: 1, PageSize: 10, Search: null
2025-06-11 11:13:47.906 +07:00 [INF] (Microsoft.EntityFrameworkCore.Database.Command) Executed DbCommand (1ms) [Parameters=[@__p_0='0', @__p_1='10'], CommandType='"Text"', CommandTimeout='30']
SELECT [a].[Id], [a].[Biography], [a].[CreatedAtUtc], [a].[Name], [a].[UpdatedAtUtc]
FROM [Authors] AS [a]
ORDER BY [a].[Name]
OFFSET @__p_0 ROWS FETCH NEXT @__p_1 ROWS ONLY
2025-06-11 11:13:47.965 +07:00 [INF] (Microsoft.EntityFrameworkCore.Database.Command) Executed DbCommand (1ms) [Parameters=[@__p_0='0', @__p_1='15'], CommandType='"Text"', CommandTimeout='30']
SELECT [b0].[Id], [b0].[AuthorId], [b0].[CategoryId], [b0].[CoverImageUrl], [b0].[CreatedAtUtc], [b0].[Description], [b0].[ISBN], [b0].[IsDeleted], [b0].[Price], [b0].[PublicationYear], [b0].[Publisher], [b0].[StockQuantity], [b0].[Title], [b0].[UpdatedAtUtc], [a].[Id], [a].[Biography], [a].[CreatedAtUtc], [a].[Name], [a].[UpdatedAtUtc], [c0].[Id], [c0].[CreatedAtUtc], [c0].[Description], [c0].[IsDeleted], [c0].[Name], [c0].[ParentCategoryId], [c0].[UpdatedAtUtc]
FROM (
    SELECT [b].[Id], [b].[AuthorId], [b].[CategoryId], [b].[CoverImageUrl], [b].[CreatedAtUtc], [b].[Description], [b].[ISBN], [b].[IsDeleted], [b].[Price], [b].[PublicationYear], [b].[Publisher], [b].[StockQuantity], [b].[Title], [b].[UpdatedAtUtc]
    FROM [Books] AS [b]
    WHERE [b].[IsDeleted] = CAST(0 AS bit)
    ORDER BY [b].[CreatedAtUtc] DESC
    OFFSET @__p_0 ROWS FETCH NEXT @__p_1 ROWS ONLY
) AS [b0]
LEFT JOIN [Authors] AS [a] ON [b0].[AuthorId] = [a].[Id]
INNER JOIN (
    SELECT [c].[Id], [c].[CreatedAtUtc], [c].[Description], [c].[IsDeleted], [c].[Name], [c].[ParentCategoryId], [c].[UpdatedAtUtc]
    FROM [Categories] AS [c]
    WHERE [c].[IsDeleted] = CAST(0 AS bit)
) AS [c0] ON [b0].[CategoryId] = [c0].[Id]
ORDER BY [b0].[CreatedAtUtc] DESC
2025-06-11 11:13:47.969 +07:00 [INF] (Microsoft.EntityFrameworkCore.Database.Command) Executed DbCommand (1ms) [Parameters=[@__p_0='0', @__p_1='15'], CommandType='"Text"', CommandTimeout='30']
SELECT [b0].[Id], [b0].[AuthorId], [b0].[CategoryId], [b0].[CoverImageUrl], [b0].[CreatedAtUtc], [b0].[Description], [b0].[ISBN], [b0].[IsDeleted], [b0].[Price], [b0].[PublicationYear], [b0].[Publisher], [b0].[StockQuantity], [b0].[Title], [b0].[UpdatedAtUtc], [a].[Id], [a].[Biography], [a].[CreatedAtUtc], [a].[Name], [a].[UpdatedAtUtc], [c0].[Id], [c0].[CreatedAtUtc], [c0].[Description], [c0].[IsDeleted], [c0].[Name], [c0].[ParentCategoryId], [c0].[UpdatedAtUtc]
FROM (
    SELECT [b].[Id], [b].[AuthorId], [b].[CategoryId], [b].[CoverImageUrl], [b].[CreatedAtUtc], [b].[Description], [b].[ISBN], [b].[IsDeleted], [b].[Price], [b].[PublicationYear], [b].[Publisher], [b].[StockQuantity], [b].[Title], [b].[UpdatedAtUtc]
    FROM [Books] AS [b]
    WHERE [b].[IsDeleted] = CAST(0 AS bit)
    ORDER BY [b].[CreatedAtUtc] DESC
    OFFSET @__p_0 ROWS FETCH NEXT @__p_1 ROWS ONLY
) AS [b0]
LEFT JOIN [Authors] AS [a] ON [b0].[AuthorId] = [a].[Id]
INNER JOIN (
    SELECT [c].[Id], [c].[CreatedAtUtc], [c].[Description], [c].[IsDeleted], [c].[Name], [c].[ParentCategoryId], [c].[UpdatedAtUtc]
    FROM [Categories] AS [c]
    WHERE [c].[IsDeleted] = CAST(0 AS bit)
) AS [c0] ON [b0].[CategoryId] = [c0].[Id]
ORDER BY [b0].[CreatedAtUtc] DESC
2025-06-11 11:13:50.079 +07:00 [INF] (Microsoft.EntityFrameworkCore.Database.Command) Executed DbCommand (3ms) [Parameters=[@__p_0='0', @__p_1='10'], CommandType='"Text"', CommandTimeout='30']
SELECT [c].[Id], [c].[CreatedAtUtc], [c].[Description], [c].[IsDeleted], [c].[Name], [c].[ParentCategoryId], [c].[UpdatedAtUtc]
FROM [Categories] AS [c]
WHERE [c].[IsDeleted] = CAST(0 AS bit)
ORDER BY [c].[Name]
OFFSET @__p_0 ROWS FETCH NEXT @__p_1 ROWS ONLY
2025-06-11 11:13:50.079 +07:00 [INF] (Bookstore.Application.Services.AuthorService) Fetching all authors. Page: 1, PageSize: 10, Search: null
2025-06-11 11:13:50.086 +07:00 [INF] (Microsoft.EntityFrameworkCore.Database.Command) Executed DbCommand (2ms) [Parameters=[@__p_0='0', @__p_1='10'], CommandType='"Text"', CommandTimeout='30']
SELECT [a].[Id], [a].[Biography], [a].[CreatedAtUtc], [a].[Name], [a].[UpdatedAtUtc]
FROM [Authors] AS [a]
ORDER BY [a].[Name]
OFFSET @__p_0 ROWS FETCH NEXT @__p_1 ROWS ONLY
2025-06-11 11:13:50.125 +07:00 [INF] (Microsoft.EntityFrameworkCore.Database.Command) Executed DbCommand (3ms) [Parameters=[@__id_0='0b4ef926-9d6a-481e-bfa0-eb2187080fcb'], CommandType='"Text"', CommandTimeout='30']
SELECT [b].[Id], [b].[AuthorId], [b].[CategoryId], [b].[CoverImageUrl], [b].[CreatedAtUtc], [b].[Description], [b].[ISBN], [b].[IsDeleted], [b].[Price], [b].[PublicationYear], [b].[Publisher], [b].[StockQuantity], [b].[Title], [b].[UpdatedAtUtc], [a].[Id], [a].[Biography], [a].[CreatedAtUtc], [a].[Name], [a].[UpdatedAtUtc], [c0].[Id], [c0].[CreatedAtUtc], [c0].[Description], [c0].[IsDeleted], [c0].[Name], [c0].[ParentCategoryId], [c0].[UpdatedAtUtc]
FROM [Books] AS [b]
LEFT JOIN [Authors] AS [a] ON [b].[AuthorId] = [a].[Id]
INNER JOIN (
    SELECT [c].[Id], [c].[CreatedAtUtc], [c].[Description], [c].[IsDeleted], [c].[Name], [c].[ParentCategoryId], [c].[UpdatedAtUtc]
    FROM [Categories] AS [c]
    WHERE [c].[IsDeleted] = CAST(0 AS bit)
) AS [c0] ON [b].[CategoryId] = [c0].[Id]
WHERE [b].[IsDeleted] = CAST(0 AS bit) AND [b].[Id] = @__id_0
2025-06-11 11:14:16.297 +07:00 [INF] (Microsoft.EntityFrameworkCore.Database.Command) Executed DbCommand (2ms) [Parameters=[@__p_0='0b4ef926-9d6a-481e-bfa0-eb2187080fcb' (Nullable = true)], CommandType='"Text"', CommandTimeout='30']
SELECT TOP(1) [b].[Id], [b].[AuthorId], [b].[CategoryId], [b].[CoverImageUrl], [b].[CreatedAtUtc], [b].[Description], [b].[ISBN], [b].[IsDeleted], [b].[Price], [b].[PublicationYear], [b].[Publisher], [b].[StockQuantity], [b].[Title], [b].[UpdatedAtUtc]
FROM [Books] AS [b]
WHERE [b].[IsDeleted] = CAST(0 AS bit) AND [b].[Id] = @__p_0
2025-06-11 11:14:16.305 +07:00 [INF] (Bookstore.Infrastructure.Services.GoogleCloudStorageService) Uploading original image to GCS: images/covers/8e5e7dad-bda4-41a9-a2c7-f5afb4a0dbff.jpg
2025-06-11 11:14:16.857 +07:00 [INF] (Bookstore.Infrastructure.Services.GoogleCloudStorageService) Uploading resized image to GCS: images/covers/8e5e7dad-bda4-41a9-a2c7-f5afb4a0dbff_M.jpg
2025-06-11 11:14:17.097 +07:00 [INF] (Bookstore.Infrastructure.Services.GoogleCloudStorageService) Uploading resized image to GCS: images/covers/8e5e7dad-bda4-41a9-a2c7-f5afb4a0dbff_T.jpg
2025-06-11 11:14:17.311 +07:00 [INF] (Bookstore.Infrastructure.Services.GoogleCloudStorageService) Image and renditions uploaded successfully for base name: 8e5e7dad-bda4-41a9-a2c7-f5afb4a0dbff
2025-06-11 11:14:17.317 +07:00 [INF] (Microsoft.EntityFrameworkCore.Database.Command) Executed DbCommand (4ms) [Parameters=[@p13='0b4ef926-9d6a-481e-bfa0-eb2187080fcb', @p0=NULL (DbType = Guid), @p1='707f89a4-da65-4b5e-a890-485a3b929301', @p2='https://storage.googleapis.com/bookmanagement-images/images/covers/8e5e7dad-bda4-41a9-a2c7-f5afb4a0dbff_M.jpg' (Size = 4000), @p3='2025-04-25T11:14:27.9233333', @p4='Tiny Changes, Remarkable Results.' (Size = 4000), @p5='102-0735211292' (Size = 4000), @p6='False', @p7='16.20' (Precision = 18) (Scale = 2), @p8='2018' (Nullable = true), @p9='Avery' (Size = 4000), @p10='147', @p11='Atomic Habits: An Easy & Proven Way to Build Good Habits & Break Bad Ones' (Nullable = false) (Size = 4000), @p12='2025-06-11T04:14:17.3129296Z'], CommandType='"Text"', CommandTimeout='30']
SET IMPLICIT_TRANSACTIONS OFF;
SET NOCOUNT ON;
UPDATE [Books] SET [AuthorId] = @p0, [CategoryId] = @p1, [CoverImageUrl] = @p2, [CreatedAtUtc] = @p3, [Description] = @p4, [ISBN] = @p5, [IsDeleted] = @p6, [Price] = @p7, [PublicationYear] = @p8, [Publisher] = @p9, [StockQuantity] = @p10, [Title] = @p11, [UpdatedAtUtc] = @p12
OUTPUT 1
WHERE [Id] = @p13;
2025-06-11 11:14:17.343 +07:00 [INF] (Microsoft.EntityFrameworkCore.Database.Command) Executed DbCommand (5ms) [Parameters=[@__id_0='0b4ef926-9d6a-481e-bfa0-eb2187080fcb'], CommandType='"Text"', CommandTimeout='30']
SELECT [b].[Id], [b].[AuthorId], [b].[CategoryId], [b].[CoverImageUrl], [b].[CreatedAtUtc], [b].[Description], [b].[ISBN], [b].[IsDeleted], [b].[Price], [b].[PublicationYear], [b].[Publisher], [b].[StockQuantity], [b].[Title], [b].[UpdatedAtUtc], [a].[Id], [a].[Biography], [a].[CreatedAtUtc], [a].[Name], [a].[UpdatedAtUtc], [c0].[Id], [c0].[CreatedAtUtc], [c0].[Description], [c0].[IsDeleted], [c0].[Name], [c0].[ParentCategoryId], [c0].[UpdatedAtUtc]
FROM [Books] AS [b]
LEFT JOIN [Authors] AS [a] ON [b].[AuthorId] = [a].[Id]
INNER JOIN (
    SELECT [c].[Id], [c].[CreatedAtUtc], [c].[Description], [c].[IsDeleted], [c].[Name], [c].[ParentCategoryId], [c].[UpdatedAtUtc]
    FROM [Categories] AS [c]
    WHERE [c].[IsDeleted] = CAST(0 AS bit)
) AS [c0] ON [b].[CategoryId] = [c0].[Id]
WHERE [b].[IsDeleted] = CAST(0 AS bit) AND [b].[Id] = @__id_0
2025-06-11 11:14:32.206 +07:00 [INF] (Microsoft.EntityFrameworkCore.Database.Command) Executed DbCommand (3ms) [Parameters=[@__p_0='0b4ef926-9d6a-481e-bfa0-eb2187080fcb' (Nullable = true)], CommandType='"Text"', CommandTimeout='30']
SELECT TOP(1) [b].[Id], [b].[AuthorId], [b].[CategoryId], [b].[CoverImageUrl], [b].[CreatedAtUtc], [b].[Description], [b].[ISBN], [b].[IsDeleted], [b].[Price], [b].[PublicationYear], [b].[Publisher], [b].[StockQuantity], [b].[Title], [b].[UpdatedAtUtc]
FROM [Books] AS [b]
WHERE [b].[IsDeleted] = CAST(0 AS bit) AND [b].[Id] = @__p_0
2025-06-11 11:14:32.217 +07:00 [INF] (Microsoft.EntityFrameworkCore.Database.Command) Executed DbCommand (2ms) [Parameters=[@__p_0='aa5416a0-f515-42ae-84a9-bf6b555a3f88' (Nullable = true)], CommandType='"Text"', CommandTimeout='30']
SELECT TOP(1) [c].[Id], [c].[CreatedAtUtc], [c].[Description], [c].[IsDeleted], [c].[Name], [c].[ParentCategoryId], [c].[UpdatedAtUtc]
FROM [Categories] AS [c]
WHERE [c].[IsDeleted] = CAST(0 AS bit) AND [c].[Id] = @__p_0
2025-06-11 11:14:32.222 +07:00 [INF] (Microsoft.EntityFrameworkCore.Database.Command) Executed DbCommand (2ms) [Parameters=[@__p_0='2a4b6f9c-8d1e-4a3b-9b2e-6d5a1f8c3e2f' (Nullable = true)], CommandType='"Text"', CommandTimeout='30']
SELECT TOP(1) [a].[Id], [a].[Biography], [a].[CreatedAtUtc], [a].[Name], [a].[UpdatedAtUtc]
FROM [Authors] AS [a]
WHERE [a].[Id] = @__p_0
2025-06-11 11:14:32.229 +07:00 [INF] (Microsoft.EntityFrameworkCore.Database.Command) Executed DbCommand (4ms) [Parameters=[@p13='0b4ef926-9d6a-481e-bfa0-eb2187080fcb', @p0='2a4b6f9c-8d1e-4a3b-9b2e-6d5a1f8c3e2f' (Nullable = true), @p1='aa5416a0-f515-42ae-84a9-bf6b555a3f88', @p2='https://storage.googleapis.com/bookmanagement-images/images/covers/8e5e7dad-bda4-41a9-a2c7-f5afb4a0dbff_M.jpg' (Size = 4000), @p3='2025-04-25T11:14:27.9233333', @p4='Tiny Changes, Remarkable Results.' (Size = 4000), @p5='102-0735211292' (Size = 4000), @p6='False', @p7='16.20' (Precision = 18) (Scale = 2), @p8='2018' (Nullable = true), @p9='Avery' (Size = 4000), @p10='147', @p11='Atomic Habits: An Easy & Proven Way to Build Good Habits & Break Bad Ones' (Nullable = false) (Size = 4000), @p12='2025-06-11T04:14:32.2251787Z'], CommandType='"Text"', CommandTimeout='30']
SET IMPLICIT_TRANSACTIONS OFF;
SET NOCOUNT ON;
UPDATE [Books] SET [AuthorId] = @p0, [CategoryId] = @p1, [CoverImageUrl] = @p2, [CreatedAtUtc] = @p3, [Description] = @p4, [ISBN] = @p5, [IsDeleted] = @p6, [Price] = @p7, [PublicationYear] = @p8, [Publisher] = @p9, [StockQuantity] = @p10, [Title] = @p11, [UpdatedAtUtc] = @p12
OUTPUT 1
WHERE [Id] = @p13;
2025-06-11 11:14:40.476 +07:00 [INF] (Microsoft.EntityFrameworkCore.Database.Command) Executed DbCommand (4ms) [Parameters=[@__p_0='0', @__p_1='15'], CommandType='"Text"', CommandTimeout='30']
SELECT [b0].[Id], [b0].[AuthorId], [b0].[CategoryId], [b0].[CoverImageUrl], [b0].[CreatedAtUtc], [b0].[Description], [b0].[ISBN], [b0].[IsDeleted], [b0].[Price], [b0].[PublicationYear], [b0].[Publisher], [b0].[StockQuantity], [b0].[Title], [b0].[UpdatedAtUtc], [a].[Id], [a].[Biography], [a].[CreatedAtUtc], [a].[Name], [a].[UpdatedAtUtc], [c0].[Id], [c0].[CreatedAtUtc], [c0].[Description], [c0].[IsDeleted], [c0].[Name], [c0].[ParentCategoryId], [c0].[UpdatedAtUtc]
FROM (
    SELECT [b].[Id], [b].[AuthorId], [b].[CategoryId], [b].[CoverImageUrl], [b].[CreatedAtUtc], [b].[Description], [b].[ISBN], [b].[IsDeleted], [b].[Price], [b].[PublicationYear], [b].[Publisher], [b].[StockQuantity], [b].[Title], [b].[UpdatedAtUtc]
    FROM [Books] AS [b]
    WHERE [b].[IsDeleted] = CAST(0 AS bit)
    ORDER BY [b].[CreatedAtUtc] DESC
    OFFSET @__p_0 ROWS FETCH NEXT @__p_1 ROWS ONLY
) AS [b0]
LEFT JOIN [Authors] AS [a] ON [b0].[AuthorId] = [a].[Id]
INNER JOIN (
    SELECT [c].[Id], [c].[CreatedAtUtc], [c].[Description], [c].[IsDeleted], [c].[Name], [c].[ParentCategoryId], [c].[UpdatedAtUtc]
    FROM [Categories] AS [c]
    WHERE [c].[IsDeleted] = CAST(0 AS bit)
) AS [c0] ON [b0].[CategoryId] = [c0].[Id]
ORDER BY [b0].[CreatedAtUtc] DESC
2025-06-11 11:14:44.399 +07:00 [INF] (Microsoft.EntityFrameworkCore.Database.Command) Executed DbCommand (2ms) [Parameters=[@__p_0='0', @__p_1='15'], CommandType='"Text"', CommandTimeout='30']
SELECT [c].[Id], [c].[CreatedAtUtc], [c].[Description], [c].[IsDeleted], [c].[Name], [c].[ParentCategoryId], [c].[UpdatedAtUtc]
FROM [Categories] AS [c]
WHERE [c].[IsDeleted] = CAST(0 AS bit)
ORDER BY [c].[Name]
OFFSET @__p_0 ROWS FETCH NEXT @__p_1 ROWS ONLY
2025-06-11 11:14:47.018 +07:00 [INF] (Bookstore.Application.Services.AuthorService) Fetching all authors. Page: 1, PageSize: 15, Search: null
2025-06-11 11:14:47.023 +07:00 [INF] (Microsoft.EntityFrameworkCore.Database.Command) Executed DbCommand (2ms) [Parameters=[@__p_0='0', @__p_1='15'], CommandType='"Text"', CommandTimeout='30']
SELECT [a].[Id], [a].[Biography], [a].[CreatedAtUtc], [a].[Name], [a].[UpdatedAtUtc]
FROM [Authors] AS [a]
ORDER BY [a].[Name]
OFFSET @__p_0 ROWS FETCH NEXT @__p_1 ROWS ONLY
2025-06-11 11:14:48.072 +07:00 [INF] (Microsoft.EntityFrameworkCore.Database.Command) Executed DbCommand (10ms) [Parameters=[@__p_0='15'], CommandType='"Text"', CommandTimeout='30']
SELECT [c].[Id], [c].[CreatedAtUtc], [c].[Description], [c].[IsDeleted], [c].[Name], [c].[ParentCategoryId], [c].[UpdatedAtUtc]
FROM [Categories] AS [c]
WHERE [c].[IsDeleted] = CAST(0 AS bit)
ORDER BY [c].[Name]
OFFSET @__p_0 ROWS FETCH NEXT @__p_0 ROWS ONLY
2025-06-11 11:14:49.403 +07:00 [INF] (Bookstore.Application.Services.AuthorService) Fetching all authors. Page: 2, PageSize: 15, Search: null
2025-06-11 11:14:49.410 +07:00 [INF] (Microsoft.EntityFrameworkCore.Database.Command) Executed DbCommand (2ms) [Parameters=[@__p_0='15'], CommandType='"Text"', CommandTimeout='30']
SELECT [a].[Id], [a].[Biography], [a].[CreatedAtUtc], [a].[Name], [a].[UpdatedAtUtc]
FROM [Authors] AS [a]
ORDER BY [a].[Name]
OFFSET @__p_0 ROWS FETCH NEXT @__p_0 ROWS ONLY
2025-06-11 11:14:54.817 +07:00 [INF] (Bookstore.Application.Services.SupplierService) Fetching all suppliers.
2025-06-11 11:14:54.827 +07:00 [INF] (Microsoft.EntityFrameworkCore.Database.Command) Executed DbCommand (3ms) [Parameters=[], CommandType='"Text"', CommandTimeout='30']
SELECT [s].[Id], [s].[Address], [s].[ContactPerson], [s].[CreatedAtUtc], [s].[Email], [s].[Name], [s].[Phone], [s].[UpdatedAtUtc]
FROM [Suppliers] AS [s]
ORDER BY [s].[Name]
2025-06-11 11:14:57.582 +07:00 [INF] (Bookstore.Application.Services.SupplierService) Fetching supplier with Id "f37cdd54-2881-4bb3-94bd-3220a44c1374"
2025-06-11 11:14:57.591 +07:00 [INF] (Microsoft.EntityFrameworkCore.Database.Command) Executed DbCommand (2ms) [Parameters=[@__p_0='f37cdd54-2881-4bb3-94bd-3220a44c1374' (Nullable = true)], CommandType='"Text"', CommandTimeout='30']
SELECT TOP(1) [s].[Id], [s].[Address], [s].[ContactPerson], [s].[CreatedAtUtc], [s].[Email], [s].[Name], [s].[Phone], [s].[UpdatedAtUtc]
FROM [Suppliers] AS [s]
WHERE [s].[Id] = @__p_0
2025-06-11 11:15:00.232 +07:00 [INF] (Bookstore.Application.Services.SupplierService) Fetching all suppliers.
2025-06-11 11:15:00.236 +07:00 [INF] (Microsoft.EntityFrameworkCore.Database.Command) Executed DbCommand (2ms) [Parameters=[], CommandType='"Text"', CommandTimeout='30']
SELECT [s].[Id], [s].[Address], [s].[ContactPerson], [s].[CreatedAtUtc], [s].[Email], [s].[Name], [s].[Phone], [s].[UpdatedAtUtc]
FROM [Suppliers] AS [s]
ORDER BY [s].[Name]
2025-06-11 11:15:06.104 +07:00 [INF] (Bookstore.Application.Services.DashboardService) Fetching home dashboard data.
2025-06-11 11:15:06.111 +07:00 [INF] (Microsoft.EntityFrameworkCore.Database.Command) Executed DbCommand (4ms) [Parameters=[], CommandType='"Text"', CommandTimeout='30']
SELECT [b].[Id], [b].[AuthorId], [b].[CategoryId], [b].[CoverImageUrl], [b].[CreatedAtUtc], [b].[Description], [b].[ISBN], [b].[IsDeleted], [b].[Price], [b].[PublicationYear], [b].[Publisher], [b].[StockQuantity], [b].[Title], [b].[UpdatedAtUtc], [a].[Id], [a].[Biography], [a].[CreatedAtUtc], [a].[Name], [a].[UpdatedAtUtc]
FROM [Books] AS [b]
LEFT JOIN [Authors] AS [a] ON [b].[AuthorId] = [a].[Id]
WHERE [b].[IsDeleted] = CAST(0 AS bit)
ORDER BY [b].[CreatedAtUtc] DESC
2025-06-11 11:15:06.115 +07:00 [INF] (Bookstore.Application.Services.DashboardService) Fetched 10 newest books.
2025-06-11 11:15:06.123 +07:00 [INF] (Microsoft.EntityFrameworkCore.Database.Command) Executed DbCommand (6ms) [Parameters=[@__p_2='5', @__inclusiveStartDate_0='2025-05-12T00:00:00.0000000Z', @__inclusiveEndDate_1='2025-06-12T00:00:00.0000000Z'], CommandType='"Text"', CommandTimeout='30']
SELECT [s].[BookId], [b2].[Title] AS [BookTitle], [s].[TotalQuantitySold]
FROM (
    SELECT TOP(@__p_2) [o].[BookId], COALESCE(SUM([o].[Quantity]), 0) AS [TotalQuantitySold]
    FROM [OrderDetails] AS [o]
    INNER JOIN [Orders] AS [o0] ON [o].[OrderId] = [o0].[Id]
    INNER JOIN (
        SELECT [b].[Id], [b].[IsDeleted]
        FROM [Books] AS [b]
        WHERE [b].[IsDeleted] = CAST(0 AS bit)
    ) AS [b0] ON [o].[BookId] = [b0].[Id]
    WHERE [o0].[Status] = CAST(3 AS tinyint) AND [o0].[OrderDate] >= @__inclusiveStartDate_0 AND [o0].[OrderDate] < @__inclusiveEndDate_1 AND [b0].[IsDeleted] = CAST(0 AS bit)
    GROUP BY [o].[BookId]
    ORDER BY COALESCE(SUM([o].[Quantity]), 0) DESC
) AS [s]
INNER JOIN (
    SELECT [b1].[Id], [b1].[Title]
    FROM [Books] AS [b1]
    WHERE [b1].[IsDeleted] = CAST(0 AS bit)
) AS [b2] ON [s].[BookId] = [b2].[Id]
ORDER BY [s].[TotalQuantitySold] DESC
2025-06-11 11:15:06.136 +07:00 [INF] (Microsoft.EntityFrameworkCore.Database.Command) Executed DbCommand (5ms) [Parameters=[@__bestsellerBookIds_0='["c191919e-e763-4e03-9e2b-24d944f4d401","5d8fc980-abf3-49f8-a735-92c402be0cbe","6d858026-d70a-4441-8837-01f8d972cb26","6c50f852-d8c7-4ef9-a26a-c9d292ef9108","39f2e54f-3480-424d-9611-a9b9097314a9"]' (Size = 4000)], CommandType='"Text"', CommandTimeout='30']
SELECT [b].[Id], [b].[AuthorId], [b].[CategoryId], [b].[CoverImageUrl], [b].[CreatedAtUtc], [b].[Description], [b].[ISBN], [b].[IsDeleted], [b].[Price], [b].[PublicationYear], [b].[Publisher], [b].[StockQuantity], [b].[Title], [b].[UpdatedAtUtc], [a].[Id], [a].[Biography], [a].[CreatedAtUtc], [a].[Name], [a].[UpdatedAtUtc]
FROM [Books] AS [b]
LEFT JOIN [Authors] AS [a] ON [b].[AuthorId] = [a].[Id]
WHERE [b].[IsDeleted] = CAST(0 AS bit) AND [b].[Id] IN (
    SELECT [b0].[value]
    FROM OPENJSON(@__bestsellerBookIds_0) WITH ([value] uniqueidentifier '$') AS [b0]
) AND [b].[IsDeleted] = CAST(0 AS bit)
2025-06-11 11:15:06.141 +07:00 [INF] (Bookstore.Application.Services.DashboardService) Fetched 5 bestselling books.
2025-06-11 11:15:06.148 +07:00 [INF] (Microsoft.EntityFrameworkCore.Database.Command) Executed DbCommand (3ms) [Parameters=[@__currentDate_0='2025-06-11T04:15:06.1456430Z', @__currentDate_1='2025-06-11T04:15:06.1456430Z' (Nullable = true)], CommandType='"Text"', CommandTimeout='30']
SELECT [p].[Id], [p].[Code], [p].[CreatedAtUtc], [p].[CurrentUsage], [p].[Description], [p].[DiscountAmount], [p].[DiscountPercentage], [p].[EndDate], [p].[IsActive], [p].[MaxUsage], [p].[StartDate], [p].[UpdatedAtUtc]
FROM [Promotions] AS [p]
WHERE [p].[IsActive] = CAST(1 AS bit) AND [p].[StartDate] <= @__currentDate_0 AND ([p].[EndDate] IS NULL OR [p].[EndDate] >= @__currentDate_1) AND ([p].[MaxUsage] IS NULL OR [p].[CurrentUsage] < [p].[MaxUsage])
ORDER BY [p].[EndDate]
2025-06-11 11:15:06.157 +07:00 [INF] (Microsoft.EntityFrameworkCore.Database.Command) Executed DbCommand (4ms) [Parameters=[], CommandType='"Text"', CommandTimeout='30']
SELECT [c].[Id], [c].[CreatedAtUtc], [c].[Description], [c].[IsDeleted], [c].[Name], [c].[ParentCategoryId], [c].[UpdatedAtUtc]
FROM [Categories] AS [c]
WHERE [c].[IsDeleted] = CAST(0 AS bit) AND [c].[ParentCategoryId] IS NULL AND [c].[IsDeleted] = CAST(0 AS bit)
ORDER BY [c].[Name]
2025-06-11 11:15:06.162 +07:00 [INF] (Bookstore.Application.Services.DashboardService) Successfully fetched home dashboard data.
2025-06-11 11:15:08.615 +07:00 [INF] (Microsoft.EntityFrameworkCore.Database.Command) Executed DbCommand (4ms) [Parameters=[@__id_0='cb229bc5-7b6c-4090-841c-86193c7716b4'], CommandType='"Text"', CommandTimeout='30']
SELECT [b].[Id], [b].[AuthorId], [b].[CategoryId], [b].[CoverImageUrl], [b].[CreatedAtUtc], [b].[Description], [b].[ISBN], [b].[IsDeleted], [b].[Price], [b].[PublicationYear], [b].[Publisher], [b].[StockQuantity], [b].[Title], [b].[UpdatedAtUtc], [a].[Id], [a].[Biography], [a].[CreatedAtUtc], [a].[Name], [a].[UpdatedAtUtc], [c0].[Id], [c0].[CreatedAtUtc], [c0].[Description], [c0].[IsDeleted], [c0].[Name], [c0].[ParentCategoryId], [c0].[UpdatedAtUtc]
FROM [Books] AS [b]
LEFT JOIN [Authors] AS [a] ON [b].[AuthorId] = [a].[Id]
INNER JOIN (
    SELECT [c].[Id], [c].[CreatedAtUtc], [c].[Description], [c].[IsDeleted], [c].[Name], [c].[ParentCategoryId], [c].[UpdatedAtUtc]
    FROM [Categories] AS [c]
    WHERE [c].[IsDeleted] = CAST(0 AS bit)
) AS [c0] ON [b].[CategoryId] = [c0].[Id]
WHERE [b].[IsDeleted] = CAST(0 AS bit) AND [b].[Id] = @__id_0
2025-06-11 11:15:25.477 +07:00 [INF] (Microsoft.EntityFrameworkCore.Database.Command) Executed DbCommand (2ms) [Parameters=[@__p_0='83290d32-468b-4825-bbd9-2633d5a89a6d' (Nullable = true)], CommandType='"Text"', CommandTimeout='30']
SELECT TOP(1) [c].[Id], [c].[CreatedAtUtc], [c].[Description], [c].[IsDeleted], [c].[Name], [c].[ParentCategoryId], [c].[UpdatedAtUtc]
FROM [Categories] AS [c]
WHERE [c].[IsDeleted] = CAST(0 AS bit) AND [c].[Id] = @__p_0
2025-06-11 11:15:25.489 +07:00 [INF] (Microsoft.EntityFrameworkCore.Database.Command) Executed DbCommand (4ms) [Parameters=[@__catId_0='83290d32-468b-4825-bbd9-2633d5a89a6d', @__p_1='0', @__p_2='20'], CommandType='"Text"', CommandTimeout='30']
SELECT [b0].[Id], [b0].[AuthorId], [b0].[CategoryId], [b0].[CoverImageUrl], [b0].[CreatedAtUtc], [b0].[Description], [b0].[ISBN], [b0].[IsDeleted], [b0].[Price], [b0].[PublicationYear], [b0].[Publisher], [b0].[StockQuantity], [b0].[Title], [b0].[UpdatedAtUtc], [a].[Id], [a].[Biography], [a].[CreatedAtUtc], [a].[Name], [a].[UpdatedAtUtc], [c0].[Id], [c0].[CreatedAtUtc], [c0].[Description], [c0].[IsDeleted], [c0].[Name], [c0].[ParentCategoryId], [c0].[UpdatedAtUtc]
FROM (
    SELECT [b].[Id], [b].[AuthorId], [b].[CategoryId], [b].[CoverImageUrl], [b].[CreatedAtUtc], [b].[Description], [b].[ISBN], [b].[IsDeleted], [b].[Price], [b].[PublicationYear], [b].[Publisher], [b].[StockQuantity], [b].[Title], [b].[UpdatedAtUtc]
    FROM [Books] AS [b]
    WHERE [b].[IsDeleted] = CAST(0 AS bit) AND [b].[CategoryId] = @__catId_0
    ORDER BY [b].[CreatedAtUtc] DESC
    OFFSET @__p_1 ROWS FETCH NEXT @__p_2 ROWS ONLY
) AS [b0]
LEFT JOIN [Authors] AS [a] ON [b0].[AuthorId] = [a].[Id]
INNER JOIN (
    SELECT [c].[Id], [c].[CreatedAtUtc], [c].[Description], [c].[IsDeleted], [c].[Name], [c].[ParentCategoryId], [c].[UpdatedAtUtc]
    FROM [Categories] AS [c]
    WHERE [c].[IsDeleted] = CAST(0 AS bit)
) AS [c0] ON [b0].[CategoryId] = [c0].[Id]
ORDER BY [b0].[CreatedAtUtc] DESC
2025-06-11 11:15:27.704 +07:00 [INF] (Microsoft.EntityFrameworkCore.Database.Command) Executed DbCommand (0ms) [Parameters=[@__p_0='707f89a4-da65-4b5e-a890-485a3b929301' (Nullable = true)], CommandType='"Text"', CommandTimeout='30']
SELECT TOP(1) [c].[Id], [c].[CreatedAtUtc], [c].[Description], [c].[IsDeleted], [c].[Name], [c].[ParentCategoryId], [c].[UpdatedAtUtc]
FROM [Categories] AS [c]
WHERE [c].[IsDeleted] = CAST(0 AS bit) AND [c].[Id] = @__p_0
2025-06-11 11:15:27.709 +07:00 [INF] (Microsoft.EntityFrameworkCore.Database.Command) Executed DbCommand (1ms) [Parameters=[@__catId_0='707f89a4-da65-4b5e-a890-485a3b929301', @__p_1='0', @__p_2='20'], CommandType='"Text"', CommandTimeout='30']
SELECT [b0].[Id], [b0].[AuthorId], [b0].[CategoryId], [b0].[CoverImageUrl], [b0].[CreatedAtUtc], [b0].[Description], [b0].[ISBN], [b0].[IsDeleted], [b0].[Price], [b0].[PublicationYear], [b0].[Publisher], [b0].[StockQuantity], [b0].[Title], [b0].[UpdatedAtUtc], [a].[Id], [a].[Biography], [a].[CreatedAtUtc], [a].[Name], [a].[UpdatedAtUtc], [c0].[Id], [c0].[CreatedAtUtc], [c0].[Description], [c0].[IsDeleted], [c0].[Name], [c0].[ParentCategoryId], [c0].[UpdatedAtUtc]
FROM (
    SELECT [b].[Id], [b].[AuthorId], [b].[CategoryId], [b].[CoverImageUrl], [b].[CreatedAtUtc], [b].[Description], [b].[ISBN], [b].[IsDeleted], [b].[Price], [b].[PublicationYear], [b].[Publisher], [b].[StockQuantity], [b].[Title], [b].[UpdatedAtUtc]
    FROM [Books] AS [b]
    WHERE [b].[IsDeleted] = CAST(0 AS bit) AND [b].[CategoryId] = @__catId_0
    ORDER BY [b].[CreatedAtUtc] DESC
    OFFSET @__p_1 ROWS FETCH NEXT @__p_2 ROWS ONLY
) AS [b0]
LEFT JOIN [Authors] AS [a] ON [b0].[AuthorId] = [a].[Id]
INNER JOIN (
    SELECT [c].[Id], [c].[CreatedAtUtc], [c].[Description], [c].[IsDeleted], [c].[Name], [c].[ParentCategoryId], [c].[UpdatedAtUtc]
    FROM [Categories] AS [c]
    WHERE [c].[IsDeleted] = CAST(0 AS bit)
) AS [c0] ON [b0].[CategoryId] = [c0].[Id]
ORDER BY [b0].[CreatedAtUtc] DESC
2025-06-11 11:15:29.441 +07:00 [INF] (Microsoft.EntityFrameworkCore.Database.Command) Executed DbCommand (3ms) [Parameters=[@__catId_0='da2a34a1-f94b-4610-818a-8b1d0564f01b', @__p_1='0', @__p_2='20'], CommandType='"Text"', CommandTimeout='30']
SELECT [b0].[Id], [b0].[AuthorId], [b0].[CategoryId], [b0].[CoverImageUrl], [b0].[CreatedAtUtc], [b0].[Description], [b0].[ISBN], [b0].[IsDeleted], [b0].[Price], [b0].[PublicationYear], [b0].[Publisher], [b0].[StockQuantity], [b0].[Title], [b0].[UpdatedAtUtc], [a].[Id], [a].[Biography], [a].[CreatedAtUtc], [a].[Name], [a].[UpdatedAtUtc], [c0].[Id], [c0].[CreatedAtUtc], [c0].[Description], [c0].[IsDeleted], [c0].[Name], [c0].[ParentCategoryId], [c0].[UpdatedAtUtc]
FROM (
    SELECT [b].[Id], [b].[AuthorId], [b].[CategoryId], [b].[CoverImageUrl], [b].[CreatedAtUtc], [b].[Description], [b].[ISBN], [b].[IsDeleted], [b].[Price], [b].[PublicationYear], [b].[Publisher], [b].[StockQuantity], [b].[Title], [b].[UpdatedAtUtc]
    FROM [Books] AS [b]
    WHERE [b].[IsDeleted] = CAST(0 AS bit) AND [b].[CategoryId] = @__catId_0
    ORDER BY [b].[CreatedAtUtc] DESC
    OFFSET @__p_1 ROWS FETCH NEXT @__p_2 ROWS ONLY
) AS [b0]
LEFT JOIN [Authors] AS [a] ON [b0].[AuthorId] = [a].[Id]
INNER JOIN (
    SELECT [c].[Id], [c].[CreatedAtUtc], [c].[Description], [c].[IsDeleted], [c].[Name], [c].[ParentCategoryId], [c].[UpdatedAtUtc]
    FROM [Categories] AS [c]
    WHERE [c].[IsDeleted] = CAST(0 AS bit)
) AS [c0] ON [b0].[CategoryId] = [c0].[Id]
ORDER BY [b0].[CreatedAtUtc] DESC
2025-06-11 11:15:29.442 +07:00 [INF] (Microsoft.EntityFrameworkCore.Database.Command) Executed DbCommand (0ms) [Parameters=[@__p_0='da2a34a1-f94b-4610-818a-8b1d0564f01b' (Nullable = true)], CommandType='"Text"', CommandTimeout='30']
SELECT TOP(1) [c].[Id], [c].[CreatedAtUtc], [c].[Description], [c].[IsDeleted], [c].[Name], [c].[ParentCategoryId], [c].[UpdatedAtUtc]
FROM [Categories] AS [c]
WHERE [c].[IsDeleted] = CAST(0 AS bit) AND [c].[Id] = @__p_0
2025-06-11 11:15:30.291 +07:00 [INF] (Microsoft.EntityFrameworkCore.Database.Command) Executed DbCommand (3ms) [Parameters=[@__id_0='1cf348ee-deb2-46ab-aa5c-3815a7969e2d'], CommandType='"Text"', CommandTimeout='30']
SELECT [b].[Id], [b].[AuthorId], [b].[CategoryId], [b].[CoverImageUrl], [b].[CreatedAtUtc], [b].[Description], [b].[ISBN], [b].[IsDeleted], [b].[Price], [b].[PublicationYear], [b].[Publisher], [b].[StockQuantity], [b].[Title], [b].[UpdatedAtUtc], [a].[Id], [a].[Biography], [a].[CreatedAtUtc], [a].[Name], [a].[UpdatedAtUtc], [c0].[Id], [c0].[CreatedAtUtc], [c0].[Description], [c0].[IsDeleted], [c0].[Name], [c0].[ParentCategoryId], [c0].[UpdatedAtUtc]
FROM [Books] AS [b]
LEFT JOIN [Authors] AS [a] ON [b].[AuthorId] = [a].[Id]
INNER JOIN (
    SELECT [c].[Id], [c].[CreatedAtUtc], [c].[Description], [c].[IsDeleted], [c].[Name], [c].[ParentCategoryId], [c].[UpdatedAtUtc]
    FROM [Categories] AS [c]
    WHERE [c].[IsDeleted] = CAST(0 AS bit)
) AS [c0] ON [b].[CategoryId] = [c0].[Id]
WHERE [b].[IsDeleted] = CAST(0 AS bit) AND [b].[Id] = @__id_0
2025-06-11 11:15:30.364 +07:00 [INF] (Microsoft.EntityFrameworkCore.Database.Command) Executed DbCommand (3ms) [Parameters=[@__bookId_0='1cf348ee-deb2-46ab-aa5c-3815a7969e2d', @__p_1='0', @__p_2='5'], CommandType='"Text"', CommandTimeout='30']
SELECT [r0].[Id], [r0].[BookId], [r0].[Comment], [r0].[CreatedAtUtc], [r0].[IsApproved], [r0].[Rating], [r0].[UpdatedAtUtc], [r0].[UserId], [u].[Id], [u].[CreatedAtUtc], [u].[Email], [u].[FirstName], [u].[IsActive], [u].[LastName], [u].[PasswordHash], [u].[PhoneNumber], [u].[UpdatedAtUtc], [u].[UserName]
FROM (
    SELECT [r].[Id], [r].[BookId], [r].[Comment], [r].[CreatedAtUtc], [r].[IsApproved], [r].[Rating], [r].[UpdatedAtUtc], [r].[UserId]
    FROM [Review] AS [r]
    WHERE [r].[BookId] = @__bookId_0 AND [r].[IsApproved] = CAST(1 AS bit)
    ORDER BY [r].[CreatedAtUtc] DESC
    OFFSET @__p_1 ROWS FETCH NEXT @__p_2 ROWS ONLY
) AS [r0]
INNER JOIN [Users] AS [u] ON [r0].[UserId] = [u].[Id]
ORDER BY [r0].[CreatedAtUtc] DESC
2025-06-11 11:15:30.390 +07:00 [INF] (Microsoft.EntityFrameworkCore.Database.Command) Executed DbCommand (4ms) [Parameters=[@__userId_0='f54527eb-f806-40db-bf76-c7b0e5fa6d39'], CommandType='"Text"', CommandTimeout='30']
SELECT [w].[Id], [w].[BookId], [w].[CreatedAtUtc], [w].[UserId], [b0].[Id], [b0].[AuthorId], [b0].[CategoryId], [b0].[CoverImageUrl], [b0].[CreatedAtUtc], [b0].[Description], [b0].[ISBN], [b0].[IsDeleted], [b0].[Price], [b0].[PublicationYear], [b0].[Publisher], [b0].[StockQuantity], [b0].[Title], [b0].[UpdatedAtUtc], [a].[Id], [a].[Biography], [a].[CreatedAtUtc], [a].[Name], [a].[UpdatedAtUtc]
FROM [WishlistItems] AS [w]
INNER JOIN (
    SELECT [b].[Id], [b].[AuthorId], [b].[CategoryId], [b].[CoverImageUrl], [b].[CreatedAtUtc], [b].[Description], [b].[ISBN], [b].[IsDeleted], [b].[Price], [b].[PublicationYear], [b].[Publisher], [b].[StockQuantity], [b].[Title], [b].[UpdatedAtUtc]
    FROM [Books] AS [b]
    WHERE [b].[IsDeleted] = CAST(0 AS bit)
) AS [b0] ON [w].[BookId] = [b0].[Id]
LEFT JOIN [Authors] AS [a] ON [b0].[AuthorId] = [a].[Id]
WHERE [w].[UserId] = @__userId_0 AND [b0].[IsDeleted] = CAST(0 AS bit)
ORDER BY [w].[CreatedAtUtc] DESC
2025-06-11 11:15:34.583 +07:00 [INF] (Microsoft.EntityFrameworkCore.Database.Command) Executed DbCommand (2ms) [Parameters=[@__p_0='0', @__p_1='10'], CommandType='"Text"', CommandTimeout='30']
SELECT [c].[Id], [c].[CreatedAtUtc], [c].[Description], [c].[IsDeleted], [c].[Name], [c].[ParentCategoryId], [c].[UpdatedAtUtc]
FROM [Categories] AS [c]
WHERE [c].[IsDeleted] = CAST(0 AS bit)
ORDER BY [c].[Name]
OFFSET @__p_0 ROWS FETCH NEXT @__p_1 ROWS ONLY
2025-06-11 11:15:36.735 +07:00 [INF] (Microsoft.EntityFrameworkCore.Database.Command) Executed DbCommand (4ms) [Parameters=[@__userId_0='f54527eb-f806-40db-bf76-c7b0e5fa6d39'], CommandType='"Text"', CommandTimeout='30']
SELECT [c].[UserId], [c].[BookId], [c].[CreatedAtUtc], [c].[Quantity], [c].[UpdatedAtUtc], [b0].[Id], [b0].[AuthorId], [b0].[CategoryId], [b0].[CoverImageUrl], [b0].[CreatedAtUtc], [b0].[Description], [b0].[ISBN], [b0].[IsDeleted], [b0].[Price], [b0].[PublicationYear], [b0].[Publisher], [b0].[StockQuantity], [b0].[Title], [b0].[UpdatedAtUtc], [a].[Id], [a].[Biography], [a].[CreatedAtUtc], [a].[Name], [a].[UpdatedAtUtc]
FROM [CartItems] AS [c]
INNER JOIN (
    SELECT [b].[Id], [b].[AuthorId], [b].[CategoryId], [b].[CoverImageUrl], [b].[CreatedAtUtc], [b].[Description], [b].[ISBN], [b].[IsDeleted], [b].[Price], [b].[PublicationYear], [b].[Publisher], [b].[StockQuantity], [b].[Title], [b].[UpdatedAtUtc]
    FROM [Books] AS [b]
    WHERE [b].[IsDeleted] = CAST(0 AS bit)
) AS [b0] ON [c].[BookId] = [b0].[Id]
LEFT JOIN [Authors] AS [a] ON [b0].[AuthorId] = [a].[Id]
WHERE [c].[UserId] = @__userId_0
ORDER BY [b0].[Title]
2025-06-11 11:15:38.148 +07:00 [INF] (Microsoft.EntityFrameworkCore.Database.Command) Executed DbCommand (1ms) [Parameters=[@__userId_0='f54527eb-f806-40db-bf76-c7b0e5fa6d39'], CommandType='"Text"', CommandTimeout='30']
SELECT [w].[Id], [w].[BookId], [w].[CreatedAtUtc], [w].[UserId], [b0].[Id], [b0].[AuthorId], [b0].[CategoryId], [b0].[CoverImageUrl], [b0].[CreatedAtUtc], [b0].[Description], [b0].[ISBN], [b0].[IsDeleted], [b0].[Price], [b0].[PublicationYear], [b0].[Publisher], [b0].[StockQuantity], [b0].[Title], [b0].[UpdatedAtUtc], [a].[Id], [a].[Biography], [a].[CreatedAtUtc], [a].[Name], [a].[UpdatedAtUtc]
FROM [WishlistItems] AS [w]
INNER JOIN (
    SELECT [b].[Id], [b].[AuthorId], [b].[CategoryId], [b].[CoverImageUrl], [b].[CreatedAtUtc], [b].[Description], [b].[ISBN], [b].[IsDeleted], [b].[Price], [b].[PublicationYear], [b].[Publisher], [b].[StockQuantity], [b].[Title], [b].[UpdatedAtUtc]
    FROM [Books] AS [b]
    WHERE [b].[IsDeleted] = CAST(0 AS bit)
) AS [b0] ON [w].[BookId] = [b0].[Id]
LEFT JOIN [Authors] AS [a] ON [b0].[AuthorId] = [a].[Id]
WHERE [w].[UserId] = @__userId_0 AND [b0].[IsDeleted] = CAST(0 AS bit)
ORDER BY [w].[CreatedAtUtc] DESC
2025-06-11 11:15:40.101 +07:00 [INF] (Microsoft.EntityFrameworkCore.Database.Command) Executed DbCommand (0ms) [Parameters=[@__id_0='6d858026-d70a-4441-8837-01f8d972cb26'], CommandType='"Text"', CommandTimeout='30']
SELECT [b].[Id], [b].[AuthorId], [b].[CategoryId], [b].[CoverImageUrl], [b].[CreatedAtUtc], [b].[Description], [b].[ISBN], [b].[IsDeleted], [b].[Price], [b].[PublicationYear], [b].[Publisher], [b].[StockQuantity], [b].[Title], [b].[UpdatedAtUtc], [a].[Id], [a].[Biography], [a].[CreatedAtUtc], [a].[Name], [a].[UpdatedAtUtc], [c0].[Id], [c0].[CreatedAtUtc], [c0].[Description], [c0].[IsDeleted], [c0].[Name], [c0].[ParentCategoryId], [c0].[UpdatedAtUtc]
FROM [Books] AS [b]
LEFT JOIN [Authors] AS [a] ON [b].[AuthorId] = [a].[Id]
INNER JOIN (
    SELECT [c].[Id], [c].[CreatedAtUtc], [c].[Description], [c].[IsDeleted], [c].[Name], [c].[ParentCategoryId], [c].[UpdatedAtUtc]
    FROM [Categories] AS [c]
    WHERE [c].[IsDeleted] = CAST(0 AS bit)
) AS [c0] ON [b].[CategoryId] = [c0].[Id]
WHERE [b].[IsDeleted] = CAST(0 AS bit) AND [b].[Id] = @__id_0
2025-06-11 11:15:40.195 +07:00 [INF] (Microsoft.EntityFrameworkCore.Database.Command) Executed DbCommand (1ms) [Parameters=[@__bookId_0='6d858026-d70a-4441-8837-01f8d972cb26', @__p_1='0', @__p_2='5'], CommandType='"Text"', CommandTimeout='30']
SELECT [r0].[Id], [r0].[BookId], [r0].[Comment], [r0].[CreatedAtUtc], [r0].[IsApproved], [r0].[Rating], [r0].[UpdatedAtUtc], [r0].[UserId], [u].[Id], [u].[CreatedAtUtc], [u].[Email], [u].[FirstName], [u].[IsActive], [u].[LastName], [u].[PasswordHash], [u].[PhoneNumber], [u].[UpdatedAtUtc], [u].[UserName]
FROM (
    SELECT [r].[Id], [r].[BookId], [r].[Comment], [r].[CreatedAtUtc], [r].[IsApproved], [r].[Rating], [r].[UpdatedAtUtc], [r].[UserId]
    FROM [Review] AS [r]
    WHERE [r].[BookId] = @__bookId_0 AND [r].[IsApproved] = CAST(1 AS bit)
    ORDER BY [r].[CreatedAtUtc] DESC
    OFFSET @__p_1 ROWS FETCH NEXT @__p_2 ROWS ONLY
) AS [r0]
INNER JOIN [Users] AS [u] ON [r0].[UserId] = [u].[Id]
ORDER BY [r0].[CreatedAtUtc] DESC
2025-06-11 11:15:40.246 +07:00 [INF] (Microsoft.EntityFrameworkCore.Database.Command) Executed DbCommand (1ms) [Parameters=[@__userId_0='f54527eb-f806-40db-bf76-c7b0e5fa6d39'], CommandType='"Text"', CommandTimeout='30']
SELECT [w].[Id], [w].[BookId], [w].[CreatedAtUtc], [w].[UserId], [b0].[Id], [b0].[AuthorId], [b0].[CategoryId], [b0].[CoverImageUrl], [b0].[CreatedAtUtc], [b0].[Description], [b0].[ISBN], [b0].[IsDeleted], [b0].[Price], [b0].[PublicationYear], [b0].[Publisher], [b0].[StockQuantity], [b0].[Title], [b0].[UpdatedAtUtc], [a].[Id], [a].[Biography], [a].[CreatedAtUtc], [a].[Name], [a].[UpdatedAtUtc]
FROM [WishlistItems] AS [w]
INNER JOIN (
    SELECT [b].[Id], [b].[AuthorId], [b].[CategoryId], [b].[CoverImageUrl], [b].[CreatedAtUtc], [b].[Description], [b].[ISBN], [b].[IsDeleted], [b].[Price], [b].[PublicationYear], [b].[Publisher], [b].[StockQuantity], [b].[Title], [b].[UpdatedAtUtc]
    FROM [Books] AS [b]
    WHERE [b].[IsDeleted] = CAST(0 AS bit)
) AS [b0] ON [w].[BookId] = [b0].[Id]
LEFT JOIN [Authors] AS [a] ON [b0].[AuthorId] = [a].[Id]
WHERE [w].[UserId] = @__userId_0 AND [b0].[IsDeleted] = CAST(0 AS bit)
ORDER BY [w].[CreatedAtUtc] DESC
2025-06-11 11:15:41.627 +07:00 [INF] (Microsoft.EntityFrameworkCore.Database.Command) Executed DbCommand (1ms) [Parameters=[@__userId_0='f54527eb-f806-40db-bf76-c7b0e5fa6d39'], CommandType='"Text"', CommandTimeout='30']
SELECT [w].[Id], [w].[BookId], [w].[CreatedAtUtc], [w].[UserId], [b0].[Id], [b0].[AuthorId], [b0].[CategoryId], [b0].[CoverImageUrl], [b0].[CreatedAtUtc], [b0].[Description], [b0].[ISBN], [b0].[IsDeleted], [b0].[Price], [b0].[PublicationYear], [b0].[Publisher], [b0].[StockQuantity], [b0].[Title], [b0].[UpdatedAtUtc], [a].[Id], [a].[Biography], [a].[CreatedAtUtc], [a].[Name], [a].[UpdatedAtUtc]
FROM [WishlistItems] AS [w]
INNER JOIN (
    SELECT [b].[Id], [b].[AuthorId], [b].[CategoryId], [b].[CoverImageUrl], [b].[CreatedAtUtc], [b].[Description], [b].[ISBN], [b].[IsDeleted], [b].[Price], [b].[PublicationYear], [b].[Publisher], [b].[StockQuantity], [b].[Title], [b].[UpdatedAtUtc]
    FROM [Books] AS [b]
    WHERE [b].[IsDeleted] = CAST(0 AS bit)
) AS [b0] ON [w].[BookId] = [b0].[Id]
LEFT JOIN [Authors] AS [a] ON [b0].[AuthorId] = [a].[Id]
WHERE [w].[UserId] = @__userId_0 AND [b0].[IsDeleted] = CAST(0 AS bit)
ORDER BY [w].[CreatedAtUtc] DESC
2025-06-11 11:15:45.101 +07:00 [INF] (Microsoft.EntityFrameworkCore.Database.Command) Executed DbCommand (2ms) [Parameters=[@__userId_0='f54527eb-f806-40db-bf76-c7b0e5fa6d39'], CommandType='"Text"', CommandTimeout='30']
SELECT [a].[Id], [a].[City], [a].[CreatedAtUtc], [a].[District], [a].[IsDefault], [a].[Street], [a].[UpdatedAtUtc], [a].[UserId], [a].[Village]
FROM [Addresses] AS [a]
WHERE [a].[UserId] = @__userId_0
ORDER BY [a].[IsDefault] DESC, [a].[UpdatedAtUtc] DESC
2025-06-11 11:15:46.590 +07:00 [INF] (Bookstore.Application.Services.OrderService) Fetching orders for User: "f54527eb-f806-40db-bf76-c7b0e5fa6d39", Page: 1, PageSize: 15
2025-06-11 11:15:46.590 +07:00 [INF] (Bookstore.Application.Services.OrderService) Fetching orders for User: "f54527eb-f806-40db-bf76-c7b0e5fa6d39", Page: 1, PageSize: 15
2025-06-11 11:15:46.598 +07:00 [INF] (Microsoft.EntityFrameworkCore.Database.Command) Executed DbCommand (5ms) [Parameters=[@__userId_0='f54527eb-f806-40db-bf76-c7b0e5fa6d39' (Nullable = true), @__p_1='0', @__p_2='15'], CommandType='"Text"', CommandTimeout='30']
SELECT [o1].[Id], [o1].[CreatedAtUtc], [o1].[DeliveryMethod], [o1].[InvoiceNumber], [o1].[OrderDate], [o1].[OrderShippingAddressId], [o1].[OrderType], [o1].[PaymentMethod], [o1].[PaymentStatus], [o1].[Status], [o1].[TotalAmount], [o1].[TransactionId], [o1].[UpdatedAtUtc], [o1].[UserId], [o0].[Id], [o0].[BookId], [o0].[OrderId], [o0].[Quantity], [o0].[UnitPrice]
FROM (
    SELECT [o].[Id], [o].[CreatedAtUtc], [o].[DeliveryMethod], [o].[InvoiceNumber], [o].[OrderDate], [o].[OrderShippingAddressId], [o].[OrderType], [o].[PaymentMethod], [o].[PaymentStatus], [o].[Status], [o].[TotalAmount], [o].[TransactionId], [o].[UpdatedAtUtc], [o].[UserId]
    FROM [Orders] AS [o]
    WHERE [o].[UserId] = @__userId_0
    ORDER BY [o].[OrderDate] DESC
    OFFSET @__p_1 ROWS FETCH NEXT @__p_2 ROWS ONLY
) AS [o1]
LEFT JOIN [OrderDetails] AS [o0] ON [o1].[Id] = [o0].[OrderId]
ORDER BY [o1].[OrderDate] DESC, [o1].[Id]
2025-06-11 11:15:46.598 +07:00 [INF] (Microsoft.EntityFrameworkCore.Database.Command) Executed DbCommand (3ms) [Parameters=[@__userId_0='f54527eb-f806-40db-bf76-c7b0e5fa6d39' (Nullable = true), @__p_1='0', @__p_2='15'], CommandType='"Text"', CommandTimeout='30']
SELECT [o1].[Id], [o1].[CreatedAtUtc], [o1].[DeliveryMethod], [o1].[InvoiceNumber], [o1].[OrderDate], [o1].[OrderShippingAddressId], [o1].[OrderType], [o1].[PaymentMethod], [o1].[PaymentStatus], [o1].[Status], [o1].[TotalAmount], [o1].[TransactionId], [o1].[UpdatedAtUtc], [o1].[UserId], [o0].[Id], [o0].[BookId], [o0].[OrderId], [o0].[Quantity], [o0].[UnitPrice]
FROM (
    SELECT [o].[Id], [o].[CreatedAtUtc], [o].[DeliveryMethod], [o].[InvoiceNumber], [o].[OrderDate], [o].[OrderShippingAddressId], [o].[OrderType], [o].[PaymentMethod], [o].[PaymentStatus], [o].[Status], [o].[TotalAmount], [o].[TransactionId], [o].[UpdatedAtUtc], [o].[UserId]
    FROM [Orders] AS [o]
    WHERE [o].[UserId] = @__userId_0
    ORDER BY [o].[OrderDate] DESC
    OFFSET @__p_1 ROWS FETCH NEXT @__p_2 ROWS ONLY
) AS [o1]
LEFT JOIN [OrderDetails] AS [o0] ON [o1].[Id] = [o0].[OrderId]
ORDER BY [o1].[OrderDate] DESC, [o1].[Id]
2025-06-11 11:15:49.874 +07:00 [INF] (Bookstore.Application.Services.UserService) Fetching users for admin. Page: 1, PageSize: 15, Role: All, Active: All, Search: None
2025-06-11 11:15:49.882 +07:00 [INF] (Microsoft.EntityFrameworkCore.Database.Command) Executed DbCommand (5ms) [Parameters=[@__p_0='0', @__p_1='15'], CommandType='"Text"', CommandTimeout='30']
SELECT [u1].[Id], [u1].[CreatedAtUtc], [u1].[Email], [u1].[FirstName], [u1].[IsActive], [u1].[LastName], [u1].[PasswordHash], [u1].[PhoneNumber], [u1].[UpdatedAtUtc], [u1].[UserName], [s].[UserId], [s].[RoleId], [s].[Id], [s].[CreatedAtUtc], [s].[Name], [s].[UpdatedAtUtc]
FROM (
    SELECT [u].[Id], [u].[CreatedAtUtc], [u].[Email], [u].[FirstName], [u].[IsActive], [u].[LastName], [u].[PasswordHash], [u].[PhoneNumber], [u].[UpdatedAtUtc], [u].[UserName]
    FROM [Users] AS [u]
    ORDER BY [u].[UserName]
    OFFSET @__p_0 ROWS FETCH NEXT @__p_1 ROWS ONLY
) AS [u1]
LEFT JOIN (
    SELECT [u0].[UserId], [u0].[RoleId], [r].[Id], [r].[CreatedAtUtc], [r].[Name], [r].[UpdatedAtUtc]
    FROM [UserRoles] AS [u0]
    INNER JOIN [Roles] AS [r] ON [u0].[RoleId] = [r].[Id]
) AS [s] ON [u1].[Id] = [s].[UserId]
ORDER BY [u1].[UserName], [u1].[Id], [s].[UserId], [s].[RoleId]
2025-06-11 11:15:52.377 +07:00 [INF] (Microsoft.EntityFrameworkCore.Database.Command) Executed DbCommand (2ms) [Parameters=[], CommandType='"Text"', CommandTimeout='30']
SELECT [p].[Id], [p].[Code], [p].[CreatedAtUtc], [p].[CurrentUsage], [p].[Description], [p].[DiscountAmount], [p].[DiscountPercentage], [p].[EndDate], [p].[IsActive], [p].[MaxUsage], [p].[StartDate], [p].[UpdatedAtUtc]
FROM [Promotions] AS [p]
ORDER BY [p].[CreatedAtUtc] DESC
2025-06-11 11:15:54.298 +07:00 [INF] (Bookstore.Application.Services.ReportService) Generating revenue report from "2025-06-05T00:00:00.0000000" to "2025-06-11T00:00:00.0000000"
2025-06-11 11:15:54.303 +07:00 [INF] (Microsoft.EntityFrameworkCore.Database.Command) Executed DbCommand (2ms) [Parameters=[@__inclusiveStartDate_0='2025-06-05T00:00:00.0000000', @__inclusiveEndDate_1='2025-06-12T00:00:00.0000000'], CommandType='"Text"', CommandTimeout='30']
SELECT [o].[Id], [o].[CreatedAtUtc], [o].[DeliveryMethod], [o].[InvoiceNumber], [o].[OrderDate], [o].[OrderShippingAddressId], [o].[OrderType], [o].[PaymentMethod], [o].[PaymentStatus], [o].[Status], [o].[TotalAmount], [o].[TransactionId], [o].[UpdatedAtUtc], [o].[UserId]
FROM [Orders] AS [o]
WHERE [o].[Status] = CAST(3 AS tinyint) AND [o].[OrderDate] >= @__inclusiveStartDate_0 AND [o].[OrderDate] < @__inclusiveEndDate_1
2025-06-11 11:15:54.303 +07:00 [INF] (Bookstore.Application.Services.ReportService) Generating bestsellers report from "2025-06-05T00:00:00.0000000" to "2025-06-11T00:00:00.0000000", top 7
2025-06-11 11:15:54.310 +07:00 [INF] (Bookstore.Application.Services.ReportService) Revenue report generated successfully.
2025-06-11 11:15:54.312 +07:00 [INF] (Bookstore.Application.Services.ReportService) Generating low stock report with threshold 5
2025-06-11 11:15:54.321 +07:00 [INF] (Microsoft.EntityFrameworkCore.Database.Command) Executed DbCommand (5ms) [Parameters=[@__lowStockThreshold_0='5'], CommandType='"Text"', CommandTimeout='30']
SELECT [b].[Id], [b].[AuthorId], [b].[CategoryId], [b].[CoverImageUrl], [b].[CreatedAtUtc], [b].[Description], [b].[ISBN], [b].[IsDeleted], [b].[Price], [b].[PublicationYear], [b].[Publisher], [b].[StockQuantity], [b].[Title], [b].[UpdatedAtUtc], [a].[Id], [a].[Biography], [a].[CreatedAtUtc], [a].[Name], [a].[UpdatedAtUtc]
FROM [Books] AS [b]
LEFT JOIN [Authors] AS [a] ON [b].[AuthorId] = [a].[Id]
WHERE [b].[IsDeleted] = CAST(0 AS bit) AND [b].[StockQuantity] > 0 AND [b].[StockQuantity] <= @__lowStockThreshold_0
ORDER BY [b].[StockQuantity]
2025-06-11 11:15:54.321 +07:00 [INF] (Microsoft.EntityFrameworkCore.Database.Command) Executed DbCommand (8ms) [Parameters=[@__p_2='7', @__inclusiveStartDate_0='2025-06-05T00:00:00.0000000', @__inclusiveEndDate_1='2025-06-12T00:00:00.0000000'], CommandType='"Text"', CommandTimeout='30']
SELECT [s].[BookId], [b2].[Title] AS [BookTitle], [s].[TotalQuantitySold]
FROM (
    SELECT TOP(@__p_2) [o].[BookId], COALESCE(SUM([o].[Quantity]), 0) AS [TotalQuantitySold]
    FROM [OrderDetails] AS [o]
    INNER JOIN [Orders] AS [o0] ON [o].[OrderId] = [o0].[Id]
    INNER JOIN (
        SELECT [b].[Id], [b].[IsDeleted]
        FROM [Books] AS [b]
        WHERE [b].[IsDeleted] = CAST(0 AS bit)
    ) AS [b0] ON [o].[BookId] = [b0].[Id]
    WHERE [o0].[Status] = CAST(3 AS tinyint) AND [o0].[OrderDate] >= @__inclusiveStartDate_0 AND [o0].[OrderDate] < @__inclusiveEndDate_1 AND [b0].[IsDeleted] = CAST(0 AS bit)
    GROUP BY [o].[BookId]
    ORDER BY COALESCE(SUM([o].[Quantity]), 0) DESC
) AS [s]
INNER JOIN (
    SELECT [b1].[Id], [b1].[Title]
    FROM [Books] AS [b1]
    WHERE [b1].[IsDeleted] = CAST(0 AS bit)
) AS [b2] ON [s].[BookId] = [b2].[Id]
ORDER BY [s].[TotalQuantitySold] DESC
2025-06-11 11:15:54.330 +07:00 [INF] (Bookstore.Application.Services.ReportService) Bestsellers report generated successfully.
2025-06-11 11:15:58.843 +07:00 [INF] (Bookstore.Application.Services.ReportService) Fetching admin dashboard summary.
2025-06-11 11:15:58.847 +07:00 [INF] (Microsoft.EntityFrameworkCore.Database.Command) Executed DbCommand (2ms) [Parameters=[@__todayStart_0='2025-06-11T00:00:00.0000000Z', @__tomorrowStart_1='2025-06-12T00:00:00.0000000Z'], CommandType='"Text"', CommandTimeout='30']
SELECT COUNT(*)
FROM [Orders] AS [o]
WHERE [o].[OrderDate] >= @__todayStart_0 AND [o].[OrderDate] < @__tomorrowStart_1 AND [o].[Status] <> CAST(4 AS tinyint)
2025-06-11 11:15:58.852 +07:00 [INF] (Microsoft.EntityFrameworkCore.Database.Command) Executed DbCommand (3ms) [Parameters=[@__todayStart_0='2025-06-11T00:00:00.0000000Z', @__tomorrowStart_1='2025-06-12T00:00:00.0000000Z'], CommandType='"Text"', CommandTimeout='30']
SELECT COALESCE(SUM([o].[TotalAmount]), 0.0)
FROM [Orders] AS [o]
WHERE [o].[OrderDate] >= @__todayStart_0 AND [o].[OrderDate] < @__tomorrowStart_1 AND [o].[Status] = CAST(3 AS tinyint)
2025-06-11 11:15:58.857 +07:00 [INF] (Microsoft.EntityFrameworkCore.Database.Command) Executed DbCommand (2ms) [Parameters=[@__todayStart_0='2025-06-11T00:00:00.0000000Z', @__tomorrowStart_1='2025-06-12T00:00:00.0000000Z'], CommandType='"Text"', CommandTimeout='30']
SELECT COUNT(*)
FROM [Users] AS [u]
WHERE [u].[CreatedAtUtc] >= @__todayStart_0 AND [u].[CreatedAtUtc] < @__tomorrowStart_1
2025-06-11 11:15:58.862 +07:00 [INF] (Microsoft.EntityFrameworkCore.Database.Command) Executed DbCommand (1ms) [Parameters=[@__lowStockThreshold_0='10'], CommandType='"Text"', CommandTimeout='30']
SELECT COUNT(*)
FROM [Books] AS [b]
WHERE [b].[IsDeleted] = CAST(0 AS bit) AND [b].[IsDeleted] = CAST(0 AS bit) AND [b].[StockQuantity] > 0 AND [b].[StockQuantity] <= @__lowStockThreshold_0
2025-06-11 11:15:58.866 +07:00 [INF] (Bookstore.Application.Services.ReportService) Admin dashboard summary fetched successfully.
2025-06-11 11:17:32.855 +07:00 [INF] (Bookstore.Application.Services.DashboardService) Fetching home dashboard data.
2025-06-11 11:17:32.872 +07:00 [INF] (Microsoft.EntityFrameworkCore.Database.Command) Executed DbCommand (7ms) [Parameters=[], CommandType='"Text"', CommandTimeout='30']
SELECT [b].[Id], [b].[AuthorId], [b].[CategoryId], [b].[CoverImageUrl], [b].[CreatedAtUtc], [b].[Description], [b].[ISBN], [b].[IsDeleted], [b].[Price], [b].[PublicationYear], [b].[Publisher], [b].[StockQuantity], [b].[Title], [b].[UpdatedAtUtc], [a].[Id], [a].[Biography], [a].[CreatedAtUtc], [a].[Name], [a].[UpdatedAtUtc]
FROM [Books] AS [b]
LEFT JOIN [Authors] AS [a] ON [b].[AuthorId] = [a].[Id]
WHERE [b].[IsDeleted] = CAST(0 AS bit)
ORDER BY [b].[CreatedAtUtc] DESC
2025-06-11 11:17:32.888 +07:00 [INF] (Bookstore.Application.Services.DashboardService) Fetched 10 newest books.
2025-06-11 11:17:32.905 +07:00 [INF] (Microsoft.EntityFrameworkCore.Database.Command) Executed DbCommand (11ms) [Parameters=[@__p_2='5', @__inclusiveStartDate_0='2025-05-12T00:00:00.0000000Z', @__inclusiveEndDate_1='2025-06-12T00:00:00.0000000Z'], CommandType='"Text"', CommandTimeout='30']
SELECT [s].[BookId], [b2].[Title] AS [BookTitle], [s].[TotalQuantitySold]
FROM (
    SELECT TOP(@__p_2) [o].[BookId], COALESCE(SUM([o].[Quantity]), 0) AS [TotalQuantitySold]
    FROM [OrderDetails] AS [o]
    INNER JOIN [Orders] AS [o0] ON [o].[OrderId] = [o0].[Id]
    INNER JOIN (
        SELECT [b].[Id], [b].[IsDeleted]
        FROM [Books] AS [b]
        WHERE [b].[IsDeleted] = CAST(0 AS bit)
    ) AS [b0] ON [o].[BookId] = [b0].[Id]
    WHERE [o0].[Status] = CAST(3 AS tinyint) AND [o0].[OrderDate] >= @__inclusiveStartDate_0 AND [o0].[OrderDate] < @__inclusiveEndDate_1 AND [b0].[IsDeleted] = CAST(0 AS bit)
    GROUP BY [o].[BookId]
    ORDER BY COALESCE(SUM([o].[Quantity]), 0) DESC
) AS [s]
INNER JOIN (
    SELECT [b1].[Id], [b1].[Title]
    FROM [Books] AS [b1]
    WHERE [b1].[IsDeleted] = CAST(0 AS bit)
) AS [b2] ON [s].[BookId] = [b2].[Id]
ORDER BY [s].[TotalQuantitySold] DESC
2025-06-11 11:17:32.942 +07:00 [INF] (Microsoft.EntityFrameworkCore.Database.Command) Executed DbCommand (7ms) [Parameters=[@__bestsellerBookIds_0='["c191919e-e763-4e03-9e2b-24d944f4d401","5d8fc980-abf3-49f8-a735-92c402be0cbe","6d858026-d70a-4441-8837-01f8d972cb26","6c50f852-d8c7-4ef9-a26a-c9d292ef9108","39f2e54f-3480-424d-9611-a9b9097314a9"]' (Size = 4000)], CommandType='"Text"', CommandTimeout='30']
SELECT [b].[Id], [b].[AuthorId], [b].[CategoryId], [b].[CoverImageUrl], [b].[CreatedAtUtc], [b].[Description], [b].[ISBN], [b].[IsDeleted], [b].[Price], [b].[PublicationYear], [b].[Publisher], [b].[StockQuantity], [b].[Title], [b].[UpdatedAtUtc], [a].[Id], [a].[Biography], [a].[CreatedAtUtc], [a].[Name], [a].[UpdatedAtUtc]
FROM [Books] AS [b]
LEFT JOIN [Authors] AS [a] ON [b].[AuthorId] = [a].[Id]
WHERE [b].[IsDeleted] = CAST(0 AS bit) AND [b].[Id] IN (
    SELECT [b0].[value]
    FROM OPENJSON(@__bestsellerBookIds_0) WITH ([value] uniqueidentifier '$') AS [b0]
) AND [b].[IsDeleted] = CAST(0 AS bit)
2025-06-11 11:17:32.965 +07:00 [INF] (Bookstore.Application.Services.DashboardService) Fetched 5 bestselling books.
2025-06-11 11:17:32.976 +07:00 [INF] (Microsoft.EntityFrameworkCore.Database.Command) Executed DbCommand (7ms) [Parameters=[@__currentDate_0='2025-06-11T04:17:32.9687520Z', @__currentDate_1='2025-06-11T04:17:32.9687520Z' (Nullable = true)], CommandType='"Text"', CommandTimeout='30']
SELECT [p].[Id], [p].[Code], [p].[CreatedAtUtc], [p].[CurrentUsage], [p].[Description], [p].[DiscountAmount], [p].[DiscountPercentage], [p].[EndDate], [p].[IsActive], [p].[MaxUsage], [p].[StartDate], [p].[UpdatedAtUtc]
FROM [Promotions] AS [p]
WHERE [p].[IsActive] = CAST(1 AS bit) AND [p].[StartDate] <= @__currentDate_0 AND ([p].[EndDate] IS NULL OR [p].[EndDate] >= @__currentDate_1) AND ([p].[MaxUsage] IS NULL OR [p].[CurrentUsage] < [p].[MaxUsage])
ORDER BY [p].[EndDate]
2025-06-11 11:17:32.994 +07:00 [INF] (Microsoft.EntityFrameworkCore.Database.Command) Executed DbCommand (4ms) [Parameters=[], CommandType='"Text"', CommandTimeout='30']
SELECT [c].[Id], [c].[CreatedAtUtc], [c].[Description], [c].[IsDeleted], [c].[Name], [c].[ParentCategoryId], [c].[UpdatedAtUtc]
FROM [Categories] AS [c]
WHERE [c].[IsDeleted] = CAST(0 AS bit) AND [c].[ParentCategoryId] IS NULL AND [c].[IsDeleted] = CAST(0 AS bit)
ORDER BY [c].[Name]
2025-06-11 11:17:33.005 +07:00 [INF] (Bookstore.Application.Services.DashboardService) Successfully fetched home dashboard data.
2025-06-11 11:28:13.460 +07:00 [INF] (Bookstore.Application.Services.DashboardService) Fetching home dashboard data.
2025-06-11 11:28:13.519 +07:00 [INF] (Microsoft.EntityFrameworkCore.Database.Command) Executed DbCommand (17ms) [Parameters=[], CommandType='"Text"', CommandTimeout='30']
SELECT [b].[Id], [b].[AuthorId], [b].[CategoryId], [b].[CoverImageUrl], [b].[CreatedAtUtc], [b].[Description], [b].[ISBN], [b].[IsDeleted], [b].[Price], [b].[PublicationYear], [b].[Publisher], [b].[StockQuantity], [b].[Title], [b].[UpdatedAtUtc], [a].[Id], [a].[Biography], [a].[CreatedAtUtc], [a].[Name], [a].[UpdatedAtUtc]
FROM [Books] AS [b]
LEFT JOIN [Authors] AS [a] ON [b].[AuthorId] = [a].[Id]
WHERE [b].[IsDeleted] = CAST(0 AS bit)
ORDER BY [b].[CreatedAtUtc] DESC
2025-06-11 11:28:13.523 +07:00 [INF] (Bookstore.Application.Services.DashboardService) Fetched 10 newest books.
2025-06-11 11:28:13.541 +07:00 [INF] (Microsoft.EntityFrameworkCore.Database.Command) Executed DbCommand (9ms) [Parameters=[@__p_2='5', @__inclusiveStartDate_0='2025-05-12T00:00:00.0000000Z', @__inclusiveEndDate_1='2025-06-12T00:00:00.0000000Z'], CommandType='"Text"', CommandTimeout='30']
SELECT [s].[BookId], [b2].[Title] AS [BookTitle], [s].[TotalQuantitySold]
FROM (
    SELECT TOP(@__p_2) [o].[BookId], COALESCE(SUM([o].[Quantity]), 0) AS [TotalQuantitySold]
    FROM [OrderDetails] AS [o]
    INNER JOIN [Orders] AS [o0] ON [o].[OrderId] = [o0].[Id]
    INNER JOIN (
        SELECT [b].[Id], [b].[IsDeleted]
        FROM [Books] AS [b]
        WHERE [b].[IsDeleted] = CAST(0 AS bit)
    ) AS [b0] ON [o].[BookId] = [b0].[Id]
    WHERE [o0].[Status] = CAST(3 AS tinyint) AND [o0].[OrderDate] >= @__inclusiveStartDate_0 AND [o0].[OrderDate] < @__inclusiveEndDate_1 AND [b0].[IsDeleted] = CAST(0 AS bit)
    GROUP BY [o].[BookId]
    ORDER BY COALESCE(SUM([o].[Quantity]), 0) DESC
) AS [s]
INNER JOIN (
    SELECT [b1].[Id], [b1].[Title]
    FROM [Books] AS [b1]
    WHERE [b1].[IsDeleted] = CAST(0 AS bit)
) AS [b2] ON [s].[BookId] = [b2].[Id]
ORDER BY [s].[TotalQuantitySold] DESC
2025-06-11 11:28:13.552 +07:00 [INF] (Microsoft.EntityFrameworkCore.Database.Command) Executed DbCommand (5ms) [Parameters=[@__bestsellerBookIds_0='["c191919e-e763-4e03-9e2b-24d944f4d401","5d8fc980-abf3-49f8-a735-92c402be0cbe","6d858026-d70a-4441-8837-01f8d972cb26","6c50f852-d8c7-4ef9-a26a-c9d292ef9108","39f2e54f-3480-424d-9611-a9b9097314a9"]' (Size = 4000)], CommandType='"Text"', CommandTimeout='30']
SELECT [b].[Id], [b].[AuthorId], [b].[CategoryId], [b].[CoverImageUrl], [b].[CreatedAtUtc], [b].[Description], [b].[ISBN], [b].[IsDeleted], [b].[Price], [b].[PublicationYear], [b].[Publisher], [b].[StockQuantity], [b].[Title], [b].[UpdatedAtUtc], [a].[Id], [a].[Biography], [a].[CreatedAtUtc], [a].[Name], [a].[UpdatedAtUtc]
FROM [Books] AS [b]
LEFT JOIN [Authors] AS [a] ON [b].[AuthorId] = [a].[Id]
WHERE [b].[IsDeleted] = CAST(0 AS bit) AND [b].[Id] IN (
    SELECT [b0].[value]
    FROM OPENJSON(@__bestsellerBookIds_0) WITH ([value] uniqueidentifier '$') AS [b0]
) AND [b].[IsDeleted] = CAST(0 AS bit)
2025-06-11 11:28:13.557 +07:00 [INF] (Bookstore.Application.Services.DashboardService) Fetched 5 bestselling books.
2025-06-11 11:28:13.562 +07:00 [INF] (Microsoft.EntityFrameworkCore.Database.Command) Executed DbCommand (4ms) [Parameters=[@__currentDate_0='2025-06-11T04:28:13.5583177Z', @__currentDate_1='2025-06-11T04:28:13.5583177Z' (Nullable = true)], CommandType='"Text"', CommandTimeout='30']
SELECT [p].[Id], [p].[Code], [p].[CreatedAtUtc], [p].[CurrentUsage], [p].[Description], [p].[DiscountAmount], [p].[DiscountPercentage], [p].[EndDate], [p].[IsActive], [p].[MaxUsage], [p].[StartDate], [p].[UpdatedAtUtc]
FROM [Promotions] AS [p]
WHERE [p].[IsActive] = CAST(1 AS bit) AND [p].[StartDate] <= @__currentDate_0 AND ([p].[EndDate] IS NULL OR [p].[EndDate] >= @__currentDate_1) AND ([p].[MaxUsage] IS NULL OR [p].[CurrentUsage] < [p].[MaxUsage])
ORDER BY [p].[EndDate]
2025-06-11 11:28:13.571 +07:00 [INF] (Microsoft.EntityFrameworkCore.Database.Command) Executed DbCommand (3ms) [Parameters=[], CommandType='"Text"', CommandTimeout='30']
SELECT [c].[Id], [c].[CreatedAtUtc], [c].[Description], [c].[IsDeleted], [c].[Name], [c].[ParentCategoryId], [c].[UpdatedAtUtc]
FROM [Categories] AS [c]
WHERE [c].[IsDeleted] = CAST(0 AS bit) AND [c].[ParentCategoryId] IS NULL AND [c].[IsDeleted] = CAST(0 AS bit)
ORDER BY [c].[Name]
2025-06-11 11:28:13.574 +07:00 [INF] (Bookstore.Application.Services.DashboardService) Successfully fetched home dashboard data.
2025-06-11 11:32:08.847 +07:00 [INF] (Bookstore.Application.Services.DashboardService) Fetching home dashboard data.
2025-06-11 11:32:08.858 +07:00 [INF] (Microsoft.EntityFrameworkCore.Database.Command) Executed DbCommand (9ms) [Parameters=[], CommandType='"Text"', CommandTimeout='30']
SELECT [b].[Id], [b].[AuthorId], [b].[CategoryId], [b].[CoverImageUrl], [b].[CreatedAtUtc], [b].[Description], [b].[ISBN], [b].[IsDeleted], [b].[Price], [b].[PublicationYear], [b].[Publisher], [b].[StockQuantity], [b].[Title], [b].[UpdatedAtUtc], [a].[Id], [a].[Biography], [a].[CreatedAtUtc], [a].[Name], [a].[UpdatedAtUtc]
FROM [Books] AS [b]
LEFT JOIN [Authors] AS [a] ON [b].[AuthorId] = [a].[Id]
WHERE [b].[IsDeleted] = CAST(0 AS bit)
ORDER BY [b].[CreatedAtUtc] DESC
2025-06-11 11:32:08.863 +07:00 [INF] (Bookstore.Application.Services.DashboardService) Fetched 10 newest books.
2025-06-11 11:32:08.874 +07:00 [INF] (Microsoft.EntityFrameworkCore.Database.Command) Executed DbCommand (9ms) [Parameters=[@__p_2='5', @__inclusiveStartDate_0='2025-05-12T00:00:00.0000000Z', @__inclusiveEndDate_1='2025-06-12T00:00:00.0000000Z'], CommandType='"Text"', CommandTimeout='30']
SELECT [s].[BookId], [b2].[Title] AS [BookTitle], [s].[TotalQuantitySold]
FROM (
    SELECT TOP(@__p_2) [o].[BookId], COALESCE(SUM([o].[Quantity]), 0) AS [TotalQuantitySold]
    FROM [OrderDetails] AS [o]
    INNER JOIN [Orders] AS [o0] ON [o].[OrderId] = [o0].[Id]
    INNER JOIN (
        SELECT [b].[Id], [b].[IsDeleted]
        FROM [Books] AS [b]
        WHERE [b].[IsDeleted] = CAST(0 AS bit)
    ) AS [b0] ON [o].[BookId] = [b0].[Id]
    WHERE [o0].[Status] = CAST(3 AS tinyint) AND [o0].[OrderDate] >= @__inclusiveStartDate_0 AND [o0].[OrderDate] < @__inclusiveEndDate_1 AND [b0].[IsDeleted] = CAST(0 AS bit)
    GROUP BY [o].[BookId]
    ORDER BY COALESCE(SUM([o].[Quantity]), 0) DESC
) AS [s]
INNER JOIN (
    SELECT [b1].[Id], [b1].[Title]
    FROM [Books] AS [b1]
    WHERE [b1].[IsDeleted] = CAST(0 AS bit)
) AS [b2] ON [s].[BookId] = [b2].[Id]
ORDER BY [s].[TotalQuantitySold] DESC
2025-06-11 11:32:08.887 +07:00 [INF] (Microsoft.EntityFrameworkCore.Database.Command) Executed DbCommand (6ms) [Parameters=[@__bestsellerBookIds_0='["c191919e-e763-4e03-9e2b-24d944f4d401","5d8fc980-abf3-49f8-a735-92c402be0cbe","6d858026-d70a-4441-8837-01f8d972cb26","6c50f852-d8c7-4ef9-a26a-c9d292ef9108","39f2e54f-3480-424d-9611-a9b9097314a9"]' (Size = 4000)], CommandType='"Text"', CommandTimeout='30']
SELECT [b].[Id], [b].[AuthorId], [b].[CategoryId], [b].[CoverImageUrl], [b].[CreatedAtUtc], [b].[Description], [b].[ISBN], [b].[IsDeleted], [b].[Price], [b].[PublicationYear], [b].[Publisher], [b].[StockQuantity], [b].[Title], [b].[UpdatedAtUtc], [a].[Id], [a].[Biography], [a].[CreatedAtUtc], [a].[Name], [a].[UpdatedAtUtc]
FROM [Books] AS [b]
LEFT JOIN [Authors] AS [a] ON [b].[AuthorId] = [a].[Id]
WHERE [b].[IsDeleted] = CAST(0 AS bit) AND [b].[Id] IN (
    SELECT [b0].[value]
    FROM OPENJSON(@__bestsellerBookIds_0) WITH ([value] uniqueidentifier '$') AS [b0]
) AND [b].[IsDeleted] = CAST(0 AS bit)
2025-06-11 11:32:08.891 +07:00 [INF] (Bookstore.Application.Services.DashboardService) Fetched 5 bestselling books.
2025-06-11 11:32:08.896 +07:00 [INF] (Microsoft.EntityFrameworkCore.Database.Command) Executed DbCommand (3ms) [Parameters=[@__currentDate_0='2025-06-11T04:32:08.8930718Z', @__currentDate_1='2025-06-11T04:32:08.8930718Z' (Nullable = true)], CommandType='"Text"', CommandTimeout='30']
SELECT [p].[Id], [p].[Code], [p].[CreatedAtUtc], [p].[CurrentUsage], [p].[Description], [p].[DiscountAmount], [p].[DiscountPercentage], [p].[EndDate], [p].[IsActive], [p].[MaxUsage], [p].[StartDate], [p].[UpdatedAtUtc]
FROM [Promotions] AS [p]
WHERE [p].[IsActive] = CAST(1 AS bit) AND [p].[StartDate] <= @__currentDate_0 AND ([p].[EndDate] IS NULL OR [p].[EndDate] >= @__currentDate_1) AND ([p].[MaxUsage] IS NULL OR [p].[CurrentUsage] < [p].[MaxUsage])
ORDER BY [p].[EndDate]
2025-06-11 11:32:08.905 +07:00 [INF] (Microsoft.EntityFrameworkCore.Database.Command) Executed DbCommand (3ms) [Parameters=[], CommandType='"Text"', CommandTimeout='30']
SELECT [c].[Id], [c].[CreatedAtUtc], [c].[Description], [c].[IsDeleted], [c].[Name], [c].[ParentCategoryId], [c].[UpdatedAtUtc]
FROM [Categories] AS [c]
WHERE [c].[IsDeleted] = CAST(0 AS bit) AND [c].[ParentCategoryId] IS NULL AND [c].[IsDeleted] = CAST(0 AS bit)
ORDER BY [c].[Name]
2025-06-11 11:32:08.914 +07:00 [INF] (Bookstore.Application.Services.DashboardService) Successfully fetched home dashboard data.
2025-06-11 11:37:43.344 +07:00 [INF] (Bookstore.Application.Services.DashboardService) Fetching home dashboard data.
2025-06-11 11:37:43.397 +07:00 [INF] (Microsoft.EntityFrameworkCore.Database.Command) Executed DbCommand (10ms) [Parameters=[], CommandType='"Text"', CommandTimeout='30']
SELECT [b].[Id], [b].[AuthorId], [b].[CategoryId], [b].[CoverImageUrl], [b].[CreatedAtUtc], [b].[Description], [b].[ISBN], [b].[IsDeleted], [b].[Price], [b].[PublicationYear], [b].[Publisher], [b].[StockQuantity], [b].[Title], [b].[UpdatedAtUtc], [a].[Id], [a].[Biography], [a].[CreatedAtUtc], [a].[Name], [a].[UpdatedAtUtc]
FROM [Books] AS [b]
LEFT JOIN [Authors] AS [a] ON [b].[AuthorId] = [a].[Id]
WHERE [b].[IsDeleted] = CAST(0 AS bit)
ORDER BY [b].[CreatedAtUtc] DESC
2025-06-11 11:37:43.402 +07:00 [INF] (Bookstore.Application.Services.DashboardService) Fetched 10 newest books.
2025-06-11 11:37:43.417 +07:00 [INF] (Microsoft.EntityFrameworkCore.Database.Command) Executed DbCommand (10ms) [Parameters=[@__p_2='5', @__inclusiveStartDate_0='2025-05-12T00:00:00.0000000Z', @__inclusiveEndDate_1='2025-06-12T00:00:00.0000000Z'], CommandType='"Text"', CommandTimeout='30']
SELECT [s].[BookId], [b2].[Title] AS [BookTitle], [s].[TotalQuantitySold]
FROM (
    SELECT TOP(@__p_2) [o].[BookId], COALESCE(SUM([o].[Quantity]), 0) AS [TotalQuantitySold]
    FROM [OrderDetails] AS [o]
    INNER JOIN [Orders] AS [o0] ON [o].[OrderId] = [o0].[Id]
    INNER JOIN (
        SELECT [b].[Id], [b].[IsDeleted]
        FROM [Books] AS [b]
        WHERE [b].[IsDeleted] = CAST(0 AS bit)
    ) AS [b0] ON [o].[BookId] = [b0].[Id]
    WHERE [o0].[Status] = CAST(3 AS tinyint) AND [o0].[OrderDate] >= @__inclusiveStartDate_0 AND [o0].[OrderDate] < @__inclusiveEndDate_1 AND [b0].[IsDeleted] = CAST(0 AS bit)
    GROUP BY [o].[BookId]
    ORDER BY COALESCE(SUM([o].[Quantity]), 0) DESC
) AS [s]
INNER JOIN (
    SELECT [b1].[Id], [b1].[Title]
    FROM [Books] AS [b1]
    WHERE [b1].[IsDeleted] = CAST(0 AS bit)
) AS [b2] ON [s].[BookId] = [b2].[Id]
ORDER BY [s].[TotalQuantitySold] DESC
2025-06-11 11:37:43.428 +07:00 [INF] (Microsoft.EntityFrameworkCore.Database.Command) Executed DbCommand (5ms) [Parameters=[@__bestsellerBookIds_0='["c191919e-e763-4e03-9e2b-24d944f4d401","5d8fc980-abf3-49f8-a735-92c402be0cbe","6d858026-d70a-4441-8837-01f8d972cb26","6c50f852-d8c7-4ef9-a26a-c9d292ef9108","39f2e54f-3480-424d-9611-a9b9097314a9"]' (Size = 4000)], CommandType='"Text"', CommandTimeout='30']
SELECT [b].[Id], [b].[AuthorId], [b].[CategoryId], [b].[CoverImageUrl], [b].[CreatedAtUtc], [b].[Description], [b].[ISBN], [b].[IsDeleted], [b].[Price], [b].[PublicationYear], [b].[Publisher], [b].[StockQuantity], [b].[Title], [b].[UpdatedAtUtc], [a].[Id], [a].[Biography], [a].[CreatedAtUtc], [a].[Name], [a].[UpdatedAtUtc]
FROM [Books] AS [b]
LEFT JOIN [Authors] AS [a] ON [b].[AuthorId] = [a].[Id]
WHERE [b].[IsDeleted] = CAST(0 AS bit) AND [b].[Id] IN (
    SELECT [b0].[value]
    FROM OPENJSON(@__bestsellerBookIds_0) WITH ([value] uniqueidentifier '$') AS [b0]
) AND [b].[IsDeleted] = CAST(0 AS bit)
2025-06-11 11:37:43.432 +07:00 [INF] (Bookstore.Application.Services.DashboardService) Fetched 5 bestselling books.
2025-06-11 11:37:43.438 +07:00 [INF] (Microsoft.EntityFrameworkCore.Database.Command) Executed DbCommand (4ms) [Parameters=[@__currentDate_0='2025-06-11T04:37:43.4339363Z', @__currentDate_1='2025-06-11T04:37:43.4339363Z' (Nullable = true)], CommandType='"Text"', CommandTimeout='30']
SELECT [p].[Id], [p].[Code], [p].[CreatedAtUtc], [p].[CurrentUsage], [p].[Description], [p].[DiscountAmount], [p].[DiscountPercentage], [p].[EndDate], [p].[IsActive], [p].[MaxUsage], [p].[StartDate], [p].[UpdatedAtUtc]
FROM [Promotions] AS [p]
WHERE [p].[IsActive] = CAST(1 AS bit) AND [p].[StartDate] <= @__currentDate_0 AND ([p].[EndDate] IS NULL OR [p].[EndDate] >= @__currentDate_1) AND ([p].[MaxUsage] IS NULL OR [p].[CurrentUsage] < [p].[MaxUsage])
ORDER BY [p].[EndDate]
2025-06-11 11:37:43.444 +07:00 [INF] (Microsoft.EntityFrameworkCore.Database.Command) Executed DbCommand (3ms) [Parameters=[], CommandType='"Text"', CommandTimeout='30']
SELECT [c].[Id], [c].[CreatedAtUtc], [c].[Description], [c].[IsDeleted], [c].[Name], [c].[ParentCategoryId], [c].[UpdatedAtUtc]
FROM [Categories] AS [c]
WHERE [c].[IsDeleted] = CAST(0 AS bit) AND [c].[ParentCategoryId] IS NULL AND [c].[IsDeleted] = CAST(0 AS bit)
ORDER BY [c].[Name]
2025-06-11 11:37:43.447 +07:00 [INF] (Bookstore.Application.Services.DashboardService) Successfully fetched home dashboard data.
2025-06-11 11:38:44.762 +07:00 [INF] (Microsoft.EntityFrameworkCore.Database.Command) Executed DbCommand (6ms) [Parameters=[@__username_0='haohao' (Size = 450)], CommandType='"Text"', CommandTimeout='30']
SELECT [u1].[Id], [u1].[CreatedAtUtc], [u1].[Email], [u1].[FirstName], [u1].[IsActive], [u1].[LastName], [u1].[PasswordHash], [u1].[PhoneNumber], [u1].[UpdatedAtUtc], [u1].[UserName], [s].[UserId], [s].[RoleId], [s].[Id], [s].[CreatedAtUtc], [s].[Name], [s].[UpdatedAtUtc]
FROM (
    SELECT TOP(1) [u].[Id], [u].[CreatedAtUtc], [u].[Email], [u].[FirstName], [u].[IsActive], [u].[LastName], [u].[PasswordHash], [u].[PhoneNumber], [u].[UpdatedAtUtc], [u].[UserName]
    FROM [Users] AS [u]
    WHERE [u].[UserName] = @__username_0
) AS [u1]
LEFT JOIN (
    SELECT [u0].[UserId], [u0].[RoleId], [r].[Id], [r].[CreatedAtUtc], [r].[Name], [r].[UpdatedAtUtc]
    FROM [UserRoles] AS [u0]
    INNER JOIN [Roles] AS [r] ON [u0].[RoleId] = [r].[Id]
) AS [s] ON [u1].[Id] = [s].[UserId]
ORDER BY [u1].[Id], [s].[UserId], [s].[RoleId]
2025-06-11 11:38:44.773 +07:00 [INF] (Microsoft.EntityFrameworkCore.Database.Command) Executed DbCommand (6ms) [Parameters=[@__email_0='haohao@gmail.com' (Size = 450)], CommandType='"Text"', CommandTimeout='30']
SELECT [u1].[Id], [u1].[CreatedAtUtc], [u1].[Email], [u1].[FirstName], [u1].[IsActive], [u1].[LastName], [u1].[PasswordHash], [u1].[PhoneNumber], [u1].[UpdatedAtUtc], [u1].[UserName], [s].[UserId], [s].[RoleId], [s].[Id], [s].[CreatedAtUtc], [s].[Name], [s].[UpdatedAtUtc]
FROM (
    SELECT TOP(1) [u].[Id], [u].[CreatedAtUtc], [u].[Email], [u].[FirstName], [u].[IsActive], [u].[LastName], [u].[PasswordHash], [u].[PhoneNumber], [u].[UpdatedAtUtc], [u].[UserName]
    FROM [Users] AS [u]
    WHERE [u].[Email] = @__email_0
) AS [u1]
LEFT JOIN (
    SELECT [u0].[UserId], [u0].[RoleId], [r].[Id], [r].[CreatedAtUtc], [r].[Name], [r].[UpdatedAtUtc]
    FROM [UserRoles] AS [u0]
    INNER JOIN [Roles] AS [r] ON [u0].[RoleId] = [r].[Id]
) AS [s] ON [u1].[Id] = [s].[UserId]
ORDER BY [u1].[Id], [s].[UserId], [s].[RoleId]
2025-06-11 11:38:44.785 +07:00 [INF] (Microsoft.EntityFrameworkCore.Database.Command) Executed DbCommand (2ms) [Parameters=[@__ToLower_0='user' (Size = 4000)], CommandType='"Text"', CommandTimeout='30']
SELECT TOP(1) [r].[Id], [r].[CreatedAtUtc], [r].[Name], [r].[UpdatedAtUtc]
FROM [Roles] AS [r]
WHERE LOWER([r].[Name]) = @__ToLower_0
2025-06-11 11:38:45.021 +07:00 [INF] (Microsoft.EntityFrameworkCore.Database.Command) Executed DbCommand (4ms) [Parameters=[@p0='d056f899-1ad8-4005-a514-f6559c21df35', @p1='2025-06-11T04:38:44.9886581Z', @p2='haohao@gmail.com' (Nullable = false) (Size = 450), @p3='Hao' (Size = 100), @p4='True', @p5='Hao' (Size = 100), @p6='$2a$11$iOLhhP6cTr9T1xqRN3g0UuZEOzIc8QpDGb1WjuiEXpWLGmzNNVabC' (Nullable = false) (Size = 4000), @p7='0362102342' (Size = 4000), @p8='2025-06-11T04:38:44.9886574Z', @p9='haohao' (Nullable = false) (Size = 450), @p10='a2e4f6a8-2222-4d8e-8a4b-8a7c2b4e1f02', @p11='d056f899-1ad8-4005-a514-f6559c21df35'], CommandType='"Text"', CommandTimeout='30']
SET NOCOUNT ON;
INSERT INTO [Users] ([Id], [CreatedAtUtc], [Email], [FirstName], [IsActive], [LastName], [PasswordHash], [PhoneNumber], [UpdatedAtUtc], [UserName])
VALUES (@p0, @p1, @p2, @p3, @p4, @p5, @p6, @p7, @p8, @p9);
INSERT INTO [UserRoles] ([RoleId], [UserId])
VALUES (@p10, @p11);
2025-06-11 11:38:53.289 +07:00 [INF] (Microsoft.EntityFrameworkCore.Database.Command) Executed DbCommand (1ms) [Parameters=[@__email_0='haohao' (Size = 450)], CommandType='"Text"', CommandTimeout='30']
SELECT [u1].[Id], [u1].[CreatedAtUtc], [u1].[Email], [u1].[FirstName], [u1].[IsActive], [u1].[LastName], [u1].[PasswordHash], [u1].[PhoneNumber], [u1].[UpdatedAtUtc], [u1].[UserName], [s].[UserId], [s].[RoleId], [s].[Id], [s].[CreatedAtUtc], [s].[Name], [s].[UpdatedAtUtc]
FROM (
    SELECT TOP(1) [u].[Id], [u].[CreatedAtUtc], [u].[Email], [u].[FirstName], [u].[IsActive], [u].[LastName], [u].[PasswordHash], [u].[PhoneNumber], [u].[UpdatedAtUtc], [u].[UserName]
    FROM [Users] AS [u]
    WHERE [u].[Email] = @__email_0
) AS [u1]
LEFT JOIN (
    SELECT [u0].[UserId], [u0].[RoleId], [r].[Id], [r].[CreatedAtUtc], [r].[Name], [r].[UpdatedAtUtc]
    FROM [UserRoles] AS [u0]
    INNER JOIN [Roles] AS [r] ON [u0].[RoleId] = [r].[Id]
) AS [s] ON [u1].[Id] = [s].[UserId]
ORDER BY [u1].[Id], [s].[UserId], [s].[RoleId]
2025-06-11 11:38:53.295 +07:00 [INF] (Microsoft.EntityFrameworkCore.Database.Command) Executed DbCommand (1ms) [Parameters=[@__username_0='haohao' (Size = 450)], CommandType='"Text"', CommandTimeout='30']
SELECT [u1].[Id], [u1].[CreatedAtUtc], [u1].[Email], [u1].[FirstName], [u1].[IsActive], [u1].[LastName], [u1].[PasswordHash], [u1].[PhoneNumber], [u1].[UpdatedAtUtc], [u1].[UserName], [s].[UserId], [s].[RoleId], [s].[Id], [s].[CreatedAtUtc], [s].[Name], [s].[UpdatedAtUtc]
FROM (
    SELECT TOP(1) [u].[Id], [u].[CreatedAtUtc], [u].[Email], [u].[FirstName], [u].[IsActive], [u].[LastName], [u].[PasswordHash], [u].[PhoneNumber], [u].[UpdatedAtUtc], [u].[UserName]
    FROM [Users] AS [u]
    WHERE [u].[UserName] = @__username_0
) AS [u1]
LEFT JOIN (
    SELECT [u0].[UserId], [u0].[RoleId], [r].[Id], [r].[CreatedAtUtc], [r].[Name], [r].[UpdatedAtUtc]
    FROM [UserRoles] AS [u0]
    INNER JOIN [Roles] AS [r] ON [u0].[RoleId] = [r].[Id]
) AS [s] ON [u1].[Id] = [s].[UserId]
ORDER BY [u1].[Id], [s].[UserId], [s].[RoleId]
2025-06-11 11:38:53.432 +07:00 [INF] (Microsoft.EntityFrameworkCore.Database.Command) Executed DbCommand (3ms) [Parameters=[@__userId_0='d056f899-1ad8-4005-a514-f6559c21df35'], CommandType='"Text"', CommandTimeout='30']
SELECT [r].[Name]
FROM [UserRoles] AS [u]
INNER JOIN [Roles] AS [r] ON [u].[RoleId] = [r].[Id]
WHERE [u].[UserId] = @__userId_0
2025-06-11 11:38:53.540 +07:00 [INF] (Bookstore.Application.Services.DashboardService) Fetching home dashboard data.
2025-06-11 11:38:53.545 +07:00 [INF] (Microsoft.EntityFrameworkCore.Database.Command) Executed DbCommand (3ms) [Parameters=[], CommandType='"Text"', CommandTimeout='30']
SELECT [b].[Id], [b].[AuthorId], [b].[CategoryId], [b].[CoverImageUrl], [b].[CreatedAtUtc], [b].[Description], [b].[ISBN], [b].[IsDeleted], [b].[Price], [b].[PublicationYear], [b].[Publisher], [b].[StockQuantity], [b].[Title], [b].[UpdatedAtUtc], [a].[Id], [a].[Biography], [a].[CreatedAtUtc], [a].[Name], [a].[UpdatedAtUtc]
FROM [Books] AS [b]
LEFT JOIN [Authors] AS [a] ON [b].[AuthorId] = [a].[Id]
WHERE [b].[IsDeleted] = CAST(0 AS bit)
ORDER BY [b].[CreatedAtUtc] DESC
2025-06-11 11:38:53.549 +07:00 [INF] (Bookstore.Application.Services.DashboardService) Fetched 10 newest books.
2025-06-11 11:38:53.557 +07:00 [INF] (Microsoft.EntityFrameworkCore.Database.Command) Executed DbCommand (6ms) [Parameters=[@__p_2='5', @__inclusiveStartDate_0='2025-05-12T00:00:00.0000000Z', @__inclusiveEndDate_1='2025-06-12T00:00:00.0000000Z'], CommandType='"Text"', CommandTimeout='30']
SELECT [s].[BookId], [b2].[Title] AS [BookTitle], [s].[TotalQuantitySold]
FROM (
    SELECT TOP(@__p_2) [o].[BookId], COALESCE(SUM([o].[Quantity]), 0) AS [TotalQuantitySold]
    FROM [OrderDetails] AS [o]
    INNER JOIN [Orders] AS [o0] ON [o].[OrderId] = [o0].[Id]
    INNER JOIN (
        SELECT [b].[Id], [b].[IsDeleted]
        FROM [Books] AS [b]
        WHERE [b].[IsDeleted] = CAST(0 AS bit)
    ) AS [b0] ON [o].[BookId] = [b0].[Id]
    WHERE [o0].[Status] = CAST(3 AS tinyint) AND [o0].[OrderDate] >= @__inclusiveStartDate_0 AND [o0].[OrderDate] < @__inclusiveEndDate_1 AND [b0].[IsDeleted] = CAST(0 AS bit)
    GROUP BY [o].[BookId]
    ORDER BY COALESCE(SUM([o].[Quantity]), 0) DESC
) AS [s]
INNER JOIN (
    SELECT [b1].[Id], [b1].[Title]
    FROM [Books] AS [b1]
    WHERE [b1].[IsDeleted] = CAST(0 AS bit)
) AS [b2] ON [s].[BookId] = [b2].[Id]
ORDER BY [s].[TotalQuantitySold] DESC
2025-06-11 11:38:53.567 +07:00 [INF] (Microsoft.EntityFrameworkCore.Database.Command) Executed DbCommand (4ms) [Parameters=[@__bestsellerBookIds_0='["c191919e-e763-4e03-9e2b-24d944f4d401","5d8fc980-abf3-49f8-a735-92c402be0cbe","6d858026-d70a-4441-8837-01f8d972cb26","6c50f852-d8c7-4ef9-a26a-c9d292ef9108","39f2e54f-3480-424d-9611-a9b9097314a9"]' (Size = 4000)], CommandType='"Text"', CommandTimeout='30']
SELECT [b].[Id], [b].[AuthorId], [b].[CategoryId], [b].[CoverImageUrl], [b].[CreatedAtUtc], [b].[Description], [b].[ISBN], [b].[IsDeleted], [b].[Price], [b].[PublicationYear], [b].[Publisher], [b].[StockQuantity], [b].[Title], [b].[UpdatedAtUtc], [a].[Id], [a].[Biography], [a].[CreatedAtUtc], [a].[Name], [a].[UpdatedAtUtc]
FROM [Books] AS [b]
LEFT JOIN [Authors] AS [a] ON [b].[AuthorId] = [a].[Id]
WHERE [b].[IsDeleted] = CAST(0 AS bit) AND [b].[Id] IN (
    SELECT [b0].[value]
    FROM OPENJSON(@__bestsellerBookIds_0) WITH ([value] uniqueidentifier '$') AS [b0]
) AND [b].[IsDeleted] = CAST(0 AS bit)
2025-06-11 11:38:53.570 +07:00 [INF] (Bookstore.Application.Services.DashboardService) Fetched 5 bestselling books.
2025-06-11 11:38:53.574 +07:00 [INF] (Microsoft.EntityFrameworkCore.Database.Command) Executed DbCommand (3ms) [Parameters=[@__currentDate_0='2025-06-11T04:38:53.5720978Z', @__currentDate_1='2025-06-11T04:38:53.5720978Z' (Nullable = true)], CommandType='"Text"', CommandTimeout='30']
SELECT [p].[Id], [p].[Code], [p].[CreatedAtUtc], [p].[CurrentUsage], [p].[Description], [p].[DiscountAmount], [p].[DiscountPercentage], [p].[EndDate], [p].[IsActive], [p].[MaxUsage], [p].[StartDate], [p].[UpdatedAtUtc]
FROM [Promotions] AS [p]
WHERE [p].[IsActive] = CAST(1 AS bit) AND [p].[StartDate] <= @__currentDate_0 AND ([p].[EndDate] IS NULL OR [p].[EndDate] >= @__currentDate_1) AND ([p].[MaxUsage] IS NULL OR [p].[CurrentUsage] < [p].[MaxUsage])
ORDER BY [p].[EndDate]
2025-06-11 11:38:53.581 +07:00 [INF] (Microsoft.EntityFrameworkCore.Database.Command) Executed DbCommand (2ms) [Parameters=[], CommandType='"Text"', CommandTimeout='30']
SELECT [c].[Id], [c].[CreatedAtUtc], [c].[Description], [c].[IsDeleted], [c].[Name], [c].[ParentCategoryId], [c].[UpdatedAtUtc]
FROM [Categories] AS [c]
WHERE [c].[IsDeleted] = CAST(0 AS bit) AND [c].[ParentCategoryId] IS NULL AND [c].[IsDeleted] = CAST(0 AS bit)
ORDER BY [c].[Name]
2025-06-11 11:38:53.584 +07:00 [INF] (Bookstore.Application.Services.DashboardService) Successfully fetched home dashboard data.
2025-06-11 11:38:56.759 +07:00 [INF] (Microsoft.EntityFrameworkCore.Database.Command) Executed DbCommand (4ms) [Parameters=[@__id_0='cb229bc5-7b6c-4090-841c-86193c7716b4'], CommandType='"Text"', CommandTimeout='30']
SELECT [b].[Id], [b].[AuthorId], [b].[CategoryId], [b].[CoverImageUrl], [b].[CreatedAtUtc], [b].[Description], [b].[ISBN], [b].[IsDeleted], [b].[Price], [b].[PublicationYear], [b].[Publisher], [b].[StockQuantity], [b].[Title], [b].[UpdatedAtUtc], [a].[Id], [a].[Biography], [a].[CreatedAtUtc], [a].[Name], [a].[UpdatedAtUtc], [c0].[Id], [c0].[CreatedAtUtc], [c0].[Description], [c0].[IsDeleted], [c0].[Name], [c0].[ParentCategoryId], [c0].[UpdatedAtUtc]
FROM [Books] AS [b]
LEFT JOIN [Authors] AS [a] ON [b].[AuthorId] = [a].[Id]
INNER JOIN (
    SELECT [c].[Id], [c].[CreatedAtUtc], [c].[Description], [c].[IsDeleted], [c].[Name], [c].[ParentCategoryId], [c].[UpdatedAtUtc]
    FROM [Categories] AS [c]
    WHERE [c].[IsDeleted] = CAST(0 AS bit)
) AS [c0] ON [b].[CategoryId] = [c0].[Id]
WHERE [b].[IsDeleted] = CAST(0 AS bit) AND [b].[Id] = @__id_0
2025-06-11 11:38:58.892 +07:00 [INF] (Microsoft.EntityFrameworkCore.Database.Command) Executed DbCommand (1ms) [Parameters=[@__id_0='1cf348ee-deb2-46ab-aa5c-3815a7969e2d'], CommandType='"Text"', CommandTimeout='30']
SELECT [b].[Id], [b].[AuthorId], [b].[CategoryId], [b].[CoverImageUrl], [b].[CreatedAtUtc], [b].[Description], [b].[ISBN], [b].[IsDeleted], [b].[Price], [b].[PublicationYear], [b].[Publisher], [b].[StockQuantity], [b].[Title], [b].[UpdatedAtUtc], [a].[Id], [a].[Biography], [a].[CreatedAtUtc], [a].[Name], [a].[UpdatedAtUtc], [c0].[Id], [c0].[CreatedAtUtc], [c0].[Description], [c0].[IsDeleted], [c0].[Name], [c0].[ParentCategoryId], [c0].[UpdatedAtUtc]
FROM [Books] AS [b]
LEFT JOIN [Authors] AS [a] ON [b].[AuthorId] = [a].[Id]
INNER JOIN (
    SELECT [c].[Id], [c].[CreatedAtUtc], [c].[Description], [c].[IsDeleted], [c].[Name], [c].[ParentCategoryId], [c].[UpdatedAtUtc]
    FROM [Categories] AS [c]
    WHERE [c].[IsDeleted] = CAST(0 AS bit)
) AS [c0] ON [b].[CategoryId] = [c0].[Id]
WHERE [b].[IsDeleted] = CAST(0 AS bit) AND [b].[Id] = @__id_0
2025-06-11 11:38:59.075 +07:00 [INF] (Microsoft.EntityFrameworkCore.Database.Command) Executed DbCommand (6ms) [Parameters=[@__bookId_0='1cf348ee-deb2-46ab-aa5c-3815a7969e2d', @__p_1='0', @__p_2='5'], CommandType='"Text"', CommandTimeout='30']
SELECT [r0].[Id], [r0].[BookId], [r0].[Comment], [r0].[CreatedAtUtc], [r0].[IsApproved], [r0].[Rating], [r0].[UpdatedAtUtc], [r0].[UserId], [u].[Id], [u].[CreatedAtUtc], [u].[Email], [u].[FirstName], [u].[IsActive], [u].[LastName], [u].[PasswordHash], [u].[PhoneNumber], [u].[UpdatedAtUtc], [u].[UserName]
FROM (
    SELECT [r].[Id], [r].[BookId], [r].[Comment], [r].[CreatedAtUtc], [r].[IsApproved], [r].[Rating], [r].[UpdatedAtUtc], [r].[UserId]
    FROM [Review] AS [r]
    WHERE [r].[BookId] = @__bookId_0 AND [r].[IsApproved] = CAST(1 AS bit)
    ORDER BY [r].[CreatedAtUtc] DESC
    OFFSET @__p_1 ROWS FETCH NEXT @__p_2 ROWS ONLY
) AS [r0]
INNER JOIN [Users] AS [u] ON [r0].[UserId] = [u].[Id]
ORDER BY [r0].[CreatedAtUtc] DESC
2025-06-11 11:38:59.110 +07:00 [INF] (Microsoft.EntityFrameworkCore.Database.Command) Executed DbCommand (5ms) [Parameters=[@__userId_0='d056f899-1ad8-4005-a514-f6559c21df35'], CommandType='"Text"', CommandTimeout='30']
SELECT [w].[Id], [w].[BookId], [w].[CreatedAtUtc], [w].[UserId], [b0].[Id], [b0].[AuthorId], [b0].[CategoryId], [b0].[CoverImageUrl], [b0].[CreatedAtUtc], [b0].[Description], [b0].[ISBN], [b0].[IsDeleted], [b0].[Price], [b0].[PublicationYear], [b0].[Publisher], [b0].[StockQuantity], [b0].[Title], [b0].[UpdatedAtUtc], [a].[Id], [a].[Biography], [a].[CreatedAtUtc], [a].[Name], [a].[UpdatedAtUtc]
FROM [WishlistItems] AS [w]
INNER JOIN (
    SELECT [b].[Id], [b].[AuthorId], [b].[CategoryId], [b].[CoverImageUrl], [b].[CreatedAtUtc], [b].[Description], [b].[ISBN], [b].[IsDeleted], [b].[Price], [b].[PublicationYear], [b].[Publisher], [b].[StockQuantity], [b].[Title], [b].[UpdatedAtUtc]
    FROM [Books] AS [b]
    WHERE [b].[IsDeleted] = CAST(0 AS bit)
) AS [b0] ON [w].[BookId] = [b0].[Id]
LEFT JOIN [Authors] AS [a] ON [b0].[AuthorId] = [a].[Id]
WHERE [w].[UserId] = @__userId_0 AND [b0].[IsDeleted] = CAST(0 AS bit)
ORDER BY [w].[CreatedAtUtc] DESC
2025-06-11 11:39:01.259 +07:00 [INF] (Microsoft.EntityFrameworkCore.Database.Command) Executed DbCommand (2ms) [Parameters=[@__p_0='1cf348ee-deb2-46ab-aa5c-3815a7969e2d' (Nullable = true)], CommandType='"Text"', CommandTimeout='30']
SELECT TOP(1) [b].[Id], [b].[AuthorId], [b].[CategoryId], [b].[CoverImageUrl], [b].[CreatedAtUtc], [b].[Description], [b].[ISBN], [b].[IsDeleted], [b].[Price], [b].[PublicationYear], [b].[Publisher], [b].[StockQuantity], [b].[Title], [b].[UpdatedAtUtc]
FROM [Books] AS [b]
WHERE [b].[IsDeleted] = CAST(0 AS bit) AND [b].[Id] = @__p_0
2025-06-11 11:39:01.272 +07:00 [INF] (Microsoft.EntityFrameworkCore.Database.Command) Executed DbCommand (3ms) [Parameters=[@__p_0='d056f899-1ad8-4005-a514-f6559c21df35' (Nullable = true), @__p_1='1cf348ee-deb2-46ab-aa5c-3815a7969e2d' (Nullable = true)], CommandType='"Text"', CommandTimeout='30']
SELECT TOP(1) [c].[UserId], [c].[BookId], [c].[CreatedAtUtc], [c].[Quantity], [c].[UpdatedAtUtc]
FROM [CartItems] AS [c]
WHERE [c].[UserId] = @__p_0 AND [c].[BookId] = @__p_1
2025-06-11 11:39:01.290 +07:00 [INF] (Microsoft.EntityFrameworkCore.Database.Command) Executed DbCommand (4ms) [Parameters=[@p0='1cf348ee-deb2-46ab-aa5c-3815a7969e2d', @p1='d056f899-1ad8-4005-a514-f6559c21df35', @p2='2025-06-11T04:39:01.2755264Z', @p3='1', @p4='2025-06-11T04:39:01.2755265Z'], CommandType='"Text"', CommandTimeout='30']
SET IMPLICIT_TRANSACTIONS OFF;
SET NOCOUNT ON;
INSERT INTO [CartItems] ([BookId], [UserId], [CreatedAtUtc], [Quantity], [UpdatedAtUtc])
VALUES (@p0, @p1, @p2, @p3, @p4);
2025-06-11 11:39:04.358 +07:00 [INF] (Microsoft.EntityFrameworkCore.Database.Command) Executed DbCommand (1ms) [Parameters=[@__p_0='1cf348ee-deb2-46ab-aa5c-3815a7969e2d' (Nullable = true)], CommandType='"Text"', CommandTimeout='30']
SELECT TOP(1) [b].[Id], [b].[AuthorId], [b].[CategoryId], [b].[CoverImageUrl], [b].[CreatedAtUtc], [b].[Description], [b].[ISBN], [b].[IsDeleted], [b].[Price], [b].[PublicationYear], [b].[Publisher], [b].[StockQuantity], [b].[Title], [b].[UpdatedAtUtc]
FROM [Books] AS [b]
WHERE [b].[IsDeleted] = CAST(0 AS bit) AND [b].[Id] = @__p_0
2025-06-11 11:39:04.364 +07:00 [INF] (Microsoft.EntityFrameworkCore.Database.Command) Executed DbCommand (1ms) [Parameters=[@__p_0='d056f899-1ad8-4005-a514-f6559c21df35' (Nullable = true), @__p_1='1cf348ee-deb2-46ab-aa5c-3815a7969e2d' (Nullable = true)], CommandType='"Text"', CommandTimeout='30']
SELECT TOP(1) [c].[UserId], [c].[BookId], [c].[CreatedAtUtc], [c].[Quantity], [c].[UpdatedAtUtc]
FROM [CartItems] AS [c]
WHERE [c].[UserId] = @__p_0 AND [c].[BookId] = @__p_1
2025-06-11 11:39:04.385 +07:00 [INF] (Microsoft.EntityFrameworkCore.Database.Command) Executed DbCommand (11ms) [Parameters=[@p3='1cf348ee-deb2-46ab-aa5c-3815a7969e2d', @p4='d056f899-1ad8-4005-a514-f6559c21df35', @p0='2025-06-11T04:39:01.2755264', @p1='2', @p2='2025-06-11T04:39:04.3740037Z'], CommandType='"Text"', CommandTimeout='30']
SET IMPLICIT_TRANSACTIONS OFF;
SET NOCOUNT ON;
UPDATE [CartItems] SET [CreatedAtUtc] = @p0, [Quantity] = @p1, [UpdatedAtUtc] = @p2
OUTPUT 1
WHERE [BookId] = @p3 AND [UserId] = @p4;
2025-06-11 11:39:06.256 +07:00 [INF] (Microsoft.EntityFrameworkCore.Database.Command) Executed DbCommand (0ms) [Parameters=[@__p_0='1cf348ee-deb2-46ab-aa5c-3815a7969e2d' (Nullable = true)], CommandType='"Text"', CommandTimeout='30']
SELECT TOP(1) [b].[Id], [b].[AuthorId], [b].[CategoryId], [b].[CoverImageUrl], [b].[CreatedAtUtc], [b].[Description], [b].[ISBN], [b].[IsDeleted], [b].[Price], [b].[PublicationYear], [b].[Publisher], [b].[StockQuantity], [b].[Title], [b].[UpdatedAtUtc]
FROM [Books] AS [b]
WHERE [b].[IsDeleted] = CAST(0 AS bit) AND [b].[Id] = @__p_0
2025-06-11 11:39:06.262 +07:00 [INF] (Microsoft.EntityFrameworkCore.Database.Command) Executed DbCommand (0ms) [Parameters=[@__p_0='d056f899-1ad8-4005-a514-f6559c21df35' (Nullable = true), @__p_1='1cf348ee-deb2-46ab-aa5c-3815a7969e2d' (Nullable = true)], CommandType='"Text"', CommandTimeout='30']
SELECT TOP(1) [c].[UserId], [c].[BookId], [c].[CreatedAtUtc], [c].[Quantity], [c].[UpdatedAtUtc]
FROM [CartItems] AS [c]
WHERE [c].[UserId] = @__p_0 AND [c].[BookId] = @__p_1
2025-06-11 11:39:06.268 +07:00 [INF] (Microsoft.EntityFrameworkCore.Database.Command) Executed DbCommand (1ms) [Parameters=[@p3='1cf348ee-deb2-46ab-aa5c-3815a7969e2d', @p4='d056f899-1ad8-4005-a514-f6559c21df35', @p0='2025-06-11T04:39:01.2755264', @p1='4', @p2='2025-06-11T04:39:06.2676458Z'], CommandType='"Text"', CommandTimeout='30']
SET IMPLICIT_TRANSACTIONS OFF;
SET NOCOUNT ON;
UPDATE [CartItems] SET [CreatedAtUtc] = @p0, [Quantity] = @p1, [UpdatedAtUtc] = @p2
OUTPUT 1
WHERE [BookId] = @p3 AND [UserId] = @p4;
2025-06-11 11:39:09.297 +07:00 [INF] (Microsoft.EntityFrameworkCore.Database.Command) Executed DbCommand (4ms) [Parameters=[@__userId_0='d056f899-1ad8-4005-a514-f6559c21df35'], CommandType='"Text"', CommandTimeout='30']
SELECT [c].[UserId], [c].[BookId], [c].[CreatedAtUtc], [c].[Quantity], [c].[UpdatedAtUtc], [b0].[Id], [b0].[AuthorId], [b0].[CategoryId], [b0].[CoverImageUrl], [b0].[CreatedAtUtc], [b0].[Description], [b0].[ISBN], [b0].[IsDeleted], [b0].[Price], [b0].[PublicationYear], [b0].[Publisher], [b0].[StockQuantity], [b0].[Title], [b0].[UpdatedAtUtc], [a].[Id], [a].[Biography], [a].[CreatedAtUtc], [a].[Name], [a].[UpdatedAtUtc]
FROM [CartItems] AS [c]
INNER JOIN (
    SELECT [b].[Id], [b].[AuthorId], [b].[CategoryId], [b].[CoverImageUrl], [b].[CreatedAtUtc], [b].[Description], [b].[ISBN], [b].[IsDeleted], [b].[Price], [b].[PublicationYear], [b].[Publisher], [b].[StockQuantity], [b].[Title], [b].[UpdatedAtUtc]
    FROM [Books] AS [b]
    WHERE [b].[IsDeleted] = CAST(0 AS bit)
) AS [b0] ON [c].[BookId] = [b0].[Id]
LEFT JOIN [Authors] AS [a] ON [b0].[AuthorId] = [a].[Id]
WHERE [c].[UserId] = @__userId_0
ORDER BY [b0].[Title]
2025-06-11 11:39:11.136 +07:00 [INF] (Bookstore.Application.Services.DashboardService) Fetching home dashboard data.
2025-06-11 11:39:11.139 +07:00 [INF] (Microsoft.EntityFrameworkCore.Database.Command) Executed DbCommand (1ms) [Parameters=[], CommandType='"Text"', CommandTimeout='30']
SELECT [b].[Id], [b].[AuthorId], [b].[CategoryId], [b].[CoverImageUrl], [b].[CreatedAtUtc], [b].[Description], [b].[ISBN], [b].[IsDeleted], [b].[Price], [b].[PublicationYear], [b].[Publisher], [b].[StockQuantity], [b].[Title], [b].[UpdatedAtUtc], [a].[Id], [a].[Biography], [a].[CreatedAtUtc], [a].[Name], [a].[UpdatedAtUtc]
FROM [Books] AS [b]
LEFT JOIN [Authors] AS [a] ON [b].[AuthorId] = [a].[Id]
WHERE [b].[IsDeleted] = CAST(0 AS bit)
ORDER BY [b].[CreatedAtUtc] DESC
2025-06-11 11:39:11.144 +07:00 [INF] (Bookstore.Application.Services.DashboardService) Fetched 10 newest books.
2025-06-11 11:39:11.148 +07:00 [INF] (Microsoft.EntityFrameworkCore.Database.Command) Executed DbCommand (1ms) [Parameters=[@__p_2='5', @__inclusiveStartDate_0='2025-05-12T00:00:00.0000000Z', @__inclusiveEndDate_1='2025-06-12T00:00:00.0000000Z'], CommandType='"Text"', CommandTimeout='30']
SELECT [s].[BookId], [b2].[Title] AS [BookTitle], [s].[TotalQuantitySold]
FROM (
    SELECT TOP(@__p_2) [o].[BookId], COALESCE(SUM([o].[Quantity]), 0) AS [TotalQuantitySold]
    FROM [OrderDetails] AS [o]
    INNER JOIN [Orders] AS [o0] ON [o].[OrderId] = [o0].[Id]
    INNER JOIN (
        SELECT [b].[Id], [b].[IsDeleted]
        FROM [Books] AS [b]
        WHERE [b].[IsDeleted] = CAST(0 AS bit)
    ) AS [b0] ON [o].[BookId] = [b0].[Id]
    WHERE [o0].[Status] = CAST(3 AS tinyint) AND [o0].[OrderDate] >= @__inclusiveStartDate_0 AND [o0].[OrderDate] < @__inclusiveEndDate_1 AND [b0].[IsDeleted] = CAST(0 AS bit)
    GROUP BY [o].[BookId]
    ORDER BY COALESCE(SUM([o].[Quantity]), 0) DESC
) AS [s]
INNER JOIN (
    SELECT [b1].[Id], [b1].[Title]
    FROM [Books] AS [b1]
    WHERE [b1].[IsDeleted] = CAST(0 AS bit)
) AS [b2] ON [s].[BookId] = [b2].[Id]
ORDER BY [s].[TotalQuantitySold] DESC
2025-06-11 11:39:11.162 +07:00 [INF] (Microsoft.EntityFrameworkCore.Database.Command) Executed DbCommand (1ms) [Parameters=[@__bestsellerBookIds_0='["c191919e-e763-4e03-9e2b-24d944f4d401","5d8fc980-abf3-49f8-a735-92c402be0cbe","6d858026-d70a-4441-8837-01f8d972cb26","6c50f852-d8c7-4ef9-a26a-c9d292ef9108","39f2e54f-3480-424d-9611-a9b9097314a9"]' (Size = 4000)], CommandType='"Text"', CommandTimeout='30']
SELECT [b].[Id], [b].[AuthorId], [b].[CategoryId], [b].[CoverImageUrl], [b].[CreatedAtUtc], [b].[Description], [b].[ISBN], [b].[IsDeleted], [b].[Price], [b].[PublicationYear], [b].[Publisher], [b].[StockQuantity], [b].[Title], [b].[UpdatedAtUtc], [a].[Id], [a].[Biography], [a].[CreatedAtUtc], [a].[Name], [a].[UpdatedAtUtc]
FROM [Books] AS [b]
LEFT JOIN [Authors] AS [a] ON [b].[AuthorId] = [a].[Id]
WHERE [b].[IsDeleted] = CAST(0 AS bit) AND [b].[Id] IN (
    SELECT [b0].[value]
    FROM OPENJSON(@__bestsellerBookIds_0) WITH ([value] uniqueidentifier '$') AS [b0]
) AND [b].[IsDeleted] = CAST(0 AS bit)
2025-06-11 11:39:11.171 +07:00 [INF] (Bookstore.Application.Services.DashboardService) Fetched 5 bestselling books.
2025-06-11 11:39:11.173 +07:00 [INF] (Microsoft.EntityFrameworkCore.Database.Command) Executed DbCommand (1ms) [Parameters=[@__currentDate_0='2025-06-11T04:39:11.1728647Z', @__currentDate_1='2025-06-11T04:39:11.1728647Z' (Nullable = true)], CommandType='"Text"', CommandTimeout='30']
SELECT [p].[Id], [p].[Code], [p].[CreatedAtUtc], [p].[CurrentUsage], [p].[Description], [p].[DiscountAmount], [p].[DiscountPercentage], [p].[EndDate], [p].[IsActive], [p].[MaxUsage], [p].[StartDate], [p].[UpdatedAtUtc]
FROM [Promotions] AS [p]
WHERE [p].[IsActive] = CAST(1 AS bit) AND [p].[StartDate] <= @__currentDate_0 AND ([p].[EndDate] IS NULL OR [p].[EndDate] >= @__currentDate_1) AND ([p].[MaxUsage] IS NULL OR [p].[CurrentUsage] < [p].[MaxUsage])
ORDER BY [p].[EndDate]
2025-06-11 11:39:11.181 +07:00 [INF] (Microsoft.EntityFrameworkCore.Database.Command) Executed DbCommand (1ms) [Parameters=[], CommandType='"Text"', CommandTimeout='30']
SELECT [c].[Id], [c].[CreatedAtUtc], [c].[Description], [c].[IsDeleted], [c].[Name], [c].[ParentCategoryId], [c].[UpdatedAtUtc]
FROM [Categories] AS [c]
WHERE [c].[IsDeleted] = CAST(0 AS bit) AND [c].[ParentCategoryId] IS NULL AND [c].[IsDeleted] = CAST(0 AS bit)
ORDER BY [c].[Name]
2025-06-11 11:39:11.186 +07:00 [INF] (Bookstore.Application.Services.DashboardService) Successfully fetched home dashboard data.
2025-06-11 11:39:13.473 +07:00 [INF] (Microsoft.EntityFrameworkCore.Database.Command) Executed DbCommand (0ms) [Parameters=[@__id_0='1cf348ee-deb2-46ab-aa5c-3815a7969e2d'], CommandType='"Text"', CommandTimeout='30']
SELECT [b].[Id], [b].[AuthorId], [b].[CategoryId], [b].[CoverImageUrl], [b].[CreatedAtUtc], [b].[Description], [b].[ISBN], [b].[IsDeleted], [b].[Price], [b].[PublicationYear], [b].[Publisher], [b].[StockQuantity], [b].[Title], [b].[UpdatedAtUtc], [a].[Id], [a].[Biography], [a].[CreatedAtUtc], [a].[Name], [a].[UpdatedAtUtc], [c0].[Id], [c0].[CreatedAtUtc], [c0].[Description], [c0].[IsDeleted], [c0].[Name], [c0].[ParentCategoryId], [c0].[UpdatedAtUtc]
FROM [Books] AS [b]
LEFT JOIN [Authors] AS [a] ON [b].[AuthorId] = [a].[Id]
INNER JOIN (
    SELECT [c].[Id], [c].[CreatedAtUtc], [c].[Description], [c].[IsDeleted], [c].[Name], [c].[ParentCategoryId], [c].[UpdatedAtUtc]
    FROM [Categories] AS [c]
    WHERE [c].[IsDeleted] = CAST(0 AS bit)
) AS [c0] ON [b].[CategoryId] = [c0].[Id]
WHERE [b].[IsDeleted] = CAST(0 AS bit) AND [b].[Id] = @__id_0
2025-06-11 11:39:13.582 +07:00 [INF] (Microsoft.EntityFrameworkCore.Database.Command) Executed DbCommand (1ms) [Parameters=[@__bookId_0='1cf348ee-deb2-46ab-aa5c-3815a7969e2d', @__p_1='0', @__p_2='5'], CommandType='"Text"', CommandTimeout='30']
SELECT [r0].[Id], [r0].[BookId], [r0].[Comment], [r0].[CreatedAtUtc], [r0].[IsApproved], [r0].[Rating], [r0].[UpdatedAtUtc], [r0].[UserId], [u].[Id], [u].[CreatedAtUtc], [u].[Email], [u].[FirstName], [u].[IsActive], [u].[LastName], [u].[PasswordHash], [u].[PhoneNumber], [u].[UpdatedAtUtc], [u].[UserName]
FROM (
    SELECT [r].[Id], [r].[BookId], [r].[Comment], [r].[CreatedAtUtc], [r].[IsApproved], [r].[Rating], [r].[UpdatedAtUtc], [r].[UserId]
    FROM [Review] AS [r]
    WHERE [r].[BookId] = @__bookId_0 AND [r].[IsApproved] = CAST(1 AS bit)
    ORDER BY [r].[CreatedAtUtc] DESC
    OFFSET @__p_1 ROWS FETCH NEXT @__p_2 ROWS ONLY
) AS [r0]
INNER JOIN [Users] AS [u] ON [r0].[UserId] = [u].[Id]
ORDER BY [r0].[CreatedAtUtc] DESC
2025-06-11 11:39:13.612 +07:00 [INF] (Microsoft.EntityFrameworkCore.Database.Command) Executed DbCommand (1ms) [Parameters=[@__userId_0='d056f899-1ad8-4005-a514-f6559c21df35'], CommandType='"Text"', CommandTimeout='30']
SELECT [w].[Id], [w].[BookId], [w].[CreatedAtUtc], [w].[UserId], [b0].[Id], [b0].[AuthorId], [b0].[CategoryId], [b0].[CoverImageUrl], [b0].[CreatedAtUtc], [b0].[Description], [b0].[ISBN], [b0].[IsDeleted], [b0].[Price], [b0].[PublicationYear], [b0].[Publisher], [b0].[StockQuantity], [b0].[Title], [b0].[UpdatedAtUtc], [a].[Id], [a].[Biography], [a].[CreatedAtUtc], [a].[Name], [a].[UpdatedAtUtc]
FROM [WishlistItems] AS [w]
INNER JOIN (
    SELECT [b].[Id], [b].[AuthorId], [b].[CategoryId], [b].[CoverImageUrl], [b].[CreatedAtUtc], [b].[Description], [b].[ISBN], [b].[IsDeleted], [b].[Price], [b].[PublicationYear], [b].[Publisher], [b].[StockQuantity], [b].[Title], [b].[UpdatedAtUtc]
    FROM [Books] AS [b]
    WHERE [b].[IsDeleted] = CAST(0 AS bit)
) AS [b0] ON [w].[BookId] = [b0].[Id]
LEFT JOIN [Authors] AS [a] ON [b0].[AuthorId] = [a].[Id]
WHERE [w].[UserId] = @__userId_0 AND [b0].[IsDeleted] = CAST(0 AS bit)
ORDER BY [w].[CreatedAtUtc] DESC
2025-06-11 11:39:14.886 +07:00 [INF] (Microsoft.EntityFrameworkCore.Database.Command) Executed DbCommand (1ms) [Parameters=[@__p_0='1cf348ee-deb2-46ab-aa5c-3815a7969e2d' (Nullable = true)], CommandType='"Text"', CommandTimeout='30']
SELECT TOP(1) [b].[Id], [b].[AuthorId], [b].[CategoryId], [b].[CoverImageUrl], [b].[CreatedAtUtc], [b].[Description], [b].[ISBN], [b].[IsDeleted], [b].[Price], [b].[PublicationYear], [b].[Publisher], [b].[StockQuantity], [b].[Title], [b].[UpdatedAtUtc]
FROM [Books] AS [b]
WHERE [b].[IsDeleted] = CAST(0 AS bit) AND [b].[Id] = @__p_0
2025-06-11 11:39:14.897 +07:00 [INF] (Microsoft.EntityFrameworkCore.Database.Command) Executed DbCommand (2ms) [Parameters=[@__userId_0='d056f899-1ad8-4005-a514-f6559c21df35', @__bookId_1='1cf348ee-deb2-46ab-aa5c-3815a7969e2d'], CommandType='"Text"', CommandTimeout='30']
SELECT TOP(1) [w].[Id], [w].[BookId], [w].[CreatedAtUtc], [w].[UserId]
FROM [WishlistItems] AS [w]
WHERE [w].[UserId] = @__userId_0 AND [w].[BookId] = @__bookId_1
2025-06-11 11:39:14.916 +07:00 [INF] (Microsoft.EntityFrameworkCore.Database.Command) Executed DbCommand (2ms) [Parameters=[@p0='ef298cd8-d881-42f8-918e-78abb6a1e63a', @p1='1cf348ee-deb2-46ab-aa5c-3815a7969e2d', @p2='2025-06-11T04:39:14.9020384Z', @p3='d056f899-1ad8-4005-a514-f6559c21df35'], CommandType='"Text"', CommandTimeout='30']
SET IMPLICIT_TRANSACTIONS OFF;
SET NOCOUNT ON;
INSERT INTO [WishlistItems] ([Id], [BookId], [CreatedAtUtc], [UserId])
VALUES (@p0, @p1, @p2, @p3);
2025-06-11 11:39:20.093 +07:00 [INF] (Microsoft.EntityFrameworkCore.Database.Command) Executed DbCommand (1ms) [Parameters=[@__userId_0='d056f899-1ad8-4005-a514-f6559c21df35'], CommandType='"Text"', CommandTimeout='30']
SELECT [c].[UserId], [c].[BookId], [c].[CreatedAtUtc], [c].[Quantity], [c].[UpdatedAtUtc], [b0].[Id], [b0].[AuthorId], [b0].[CategoryId], [b0].[CoverImageUrl], [b0].[CreatedAtUtc], [b0].[Description], [b0].[ISBN], [b0].[IsDeleted], [b0].[Price], [b0].[PublicationYear], [b0].[Publisher], [b0].[StockQuantity], [b0].[Title], [b0].[UpdatedAtUtc], [a].[Id], [a].[Biography], [a].[CreatedAtUtc], [a].[Name], [a].[UpdatedAtUtc]
FROM [CartItems] AS [c]
INNER JOIN (
    SELECT [b].[Id], [b].[AuthorId], [b].[CategoryId], [b].[CoverImageUrl], [b].[CreatedAtUtc], [b].[Description], [b].[ISBN], [b].[IsDeleted], [b].[Price], [b].[PublicationYear], [b].[Publisher], [b].[StockQuantity], [b].[Title], [b].[UpdatedAtUtc]
    FROM [Books] AS [b]
    WHERE [b].[IsDeleted] = CAST(0 AS bit)
) AS [b0] ON [c].[BookId] = [b0].[Id]
LEFT JOIN [Authors] AS [a] ON [b0].[AuthorId] = [a].[Id]
WHERE [c].[UserId] = @__userId_0
ORDER BY [b0].[Title]
2025-06-11 11:39:22.080 +07:00 [INF] (Microsoft.EntityFrameworkCore.Database.Command) Executed DbCommand (1ms) [Parameters=[@__userId_0='d056f899-1ad8-4005-a514-f6559c21df35'], CommandType='"Text"', CommandTimeout='30']
SELECT [c].[UserId], [c].[BookId], [c].[CreatedAtUtc], [c].[Quantity], [c].[UpdatedAtUtc], [b0].[Id], [b0].[AuthorId], [b0].[CategoryId], [b0].[CoverImageUrl], [b0].[CreatedAtUtc], [b0].[Description], [b0].[ISBN], [b0].[IsDeleted], [b0].[Price], [b0].[PublicationYear], [b0].[Publisher], [b0].[StockQuantity], [b0].[Title], [b0].[UpdatedAtUtc], [a].[Id], [a].[Biography], [a].[CreatedAtUtc], [a].[Name], [a].[UpdatedAtUtc]
FROM [CartItems] AS [c]
INNER JOIN (
    SELECT [b].[Id], [b].[AuthorId], [b].[CategoryId], [b].[CoverImageUrl], [b].[CreatedAtUtc], [b].[Description], [b].[ISBN], [b].[IsDeleted], [b].[Price], [b].[PublicationYear], [b].[Publisher], [b].[StockQuantity], [b].[Title], [b].[UpdatedAtUtc]
    FROM [Books] AS [b]
    WHERE [b].[IsDeleted] = CAST(0 AS bit)
) AS [b0] ON [c].[BookId] = [b0].[Id]
LEFT JOIN [Authors] AS [a] ON [b0].[AuthorId] = [a].[Id]
WHERE [c].[UserId] = @__userId_0
ORDER BY [b0].[Title]
2025-06-11 11:39:22.093 +07:00 [INF] (Microsoft.EntityFrameworkCore.Database.Command) Executed DbCommand (2ms) [Parameters=[@__userId_0='d056f899-1ad8-4005-a514-f6559c21df35'], CommandType='"Text"', CommandTimeout='30']
SELECT [a].[Id], [a].[City], [a].[CreatedAtUtc], [a].[District], [a].[IsDefault], [a].[Street], [a].[UpdatedAtUtc], [a].[UserId], [a].[Village]
FROM [Addresses] AS [a]
WHERE [a].[UserId] = @__userId_0
ORDER BY [a].[IsDefault] DESC, [a].[UpdatedAtUtc] DESC
2025-06-11 11:39:27.171 +07:00 [INF] (Microsoft.EntityFrameworkCore.Database.Command) Executed DbCommand (2ms) [Parameters=[@p0='0f322cd0-6bf0-4ca0-b460-4c116dc1f84d', @p1='3' (Nullable = false) (Size = 100), @p2='2025-06-11T04:39:27.1684411Z', @p3='3123' (Nullable = false) (Size = 100), @p4='False', @p5='12' (Nullable = false) (Size = 256), @p6='2025-06-11T04:39:27.1684407Z', @p7='d056f899-1ad8-4005-a514-f6559c21df35', @p8='123' (Nullable = false) (Size = 100)], CommandType='"Text"', CommandTimeout='30']
SET IMPLICIT_TRANSACTIONS OFF;
SET NOCOUNT ON;
INSERT INTO [Addresses] ([Id], [City], [CreatedAtUtc], [District], [IsDefault], [Street], [UpdatedAtUtc], [UserId], [Village])
VALUES (@p0, @p1, @p2, @p3, @p4, @p5, @p6, @p7, @p8);
2025-06-11 11:39:27.199 +07:00 [INF] (Microsoft.EntityFrameworkCore.Database.Command) Executed DbCommand (1ms) [Parameters=[@__userId_0='d056f899-1ad8-4005-a514-f6559c21df35'], CommandType='"Text"', CommandTimeout='30']
SELECT [c].[UserId], [c].[BookId], [c].[CreatedAtUtc], [c].[Quantity], [c].[UpdatedAtUtc], [b0].[Id], [b0].[AuthorId], [b0].[CategoryId], [b0].[CoverImageUrl], [b0].[CreatedAtUtc], [b0].[Description], [b0].[ISBN], [b0].[IsDeleted], [b0].[Price], [b0].[PublicationYear], [b0].[Publisher], [b0].[StockQuantity], [b0].[Title], [b0].[UpdatedAtUtc], [a].[Id], [a].[Biography], [a].[CreatedAtUtc], [a].[Name], [a].[UpdatedAtUtc]
FROM [CartItems] AS [c]
INNER JOIN (
    SELECT [b].[Id], [b].[AuthorId], [b].[CategoryId], [b].[CoverImageUrl], [b].[CreatedAtUtc], [b].[Description], [b].[ISBN], [b].[IsDeleted], [b].[Price], [b].[PublicationYear], [b].[Publisher], [b].[StockQuantity], [b].[Title], [b].[UpdatedAtUtc]
    FROM [Books] AS [b]
    WHERE [b].[IsDeleted] = CAST(0 AS bit)
) AS [b0] ON [c].[BookId] = [b0].[Id]
LEFT JOIN [Authors] AS [a] ON [b0].[AuthorId] = [a].[Id]
WHERE [c].[UserId] = @__userId_0
ORDER BY [b0].[Title]
2025-06-11 11:39:27.210 +07:00 [INF] (Microsoft.EntityFrameworkCore.Database.Command) Executed DbCommand (1ms) [Parameters=[@__userId_0='d056f899-1ad8-4005-a514-f6559c21df35'], CommandType='"Text"', CommandTimeout='30']
SELECT [a].[Id], [a].[City], [a].[CreatedAtUtc], [a].[District], [a].[IsDefault], [a].[Street], [a].[UpdatedAtUtc], [a].[UserId], [a].[Village]
FROM [Addresses] AS [a]
WHERE [a].[UserId] = @__userId_0
ORDER BY [a].[IsDefault] DESC, [a].[UpdatedAtUtc] DESC
2025-06-11 11:39:32.392 +07:00 [INF] (Microsoft.EntityFrameworkCore.Database.Command) Executed DbCommand (2ms) [Parameters=[@__userId_0='d056f899-1ad8-4005-a514-f6559c21df35'], CommandType='"Text"', CommandTimeout='30']
SELECT [a].[Id], [a].[City], [a].[CreatedAtUtc], [a].[District], [a].[IsDefault], [a].[Street], [a].[UpdatedAtUtc], [a].[UserId], [a].[Village]
FROM [Addresses] AS [a]
WHERE [a].[UserId] = @__userId_0 AND [a].[IsDefault] = CAST(1 AS bit)
2025-06-11 11:39:32.398 +07:00 [INF] (Microsoft.EntityFrameworkCore.Database.Command) Executed DbCommand (1ms) [Parameters=[@p0='dfe9f7c5-d1c5-4237-9143-fa6a29b09cc2', @p1='123' (Nullable = false) (Size = 100), @p2='2025-06-11T04:39:32.3970632Z', @p3='231' (Nullable = false) (Size = 100), @p4='True', @p5='123' (Nullable = false) (Size = 256), @p6='2025-06-11T04:39:32.3970627Z', @p7='d056f899-1ad8-4005-a514-f6559c21df35', @p8='123' (Nullable = false) (Size = 100)], CommandType='"Text"', CommandTimeout='30']
SET IMPLICIT_TRANSACTIONS OFF;
SET NOCOUNT ON;
INSERT INTO [Addresses] ([Id], [City], [CreatedAtUtc], [District], [IsDefault], [Street], [UpdatedAtUtc], [UserId], [Village])
VALUES (@p0, @p1, @p2, @p3, @p4, @p5, @p6, @p7, @p8);
2025-06-11 11:39:32.540 +07:00 [INF] (Microsoft.EntityFrameworkCore.Database.Command) Executed DbCommand (1ms) [Parameters=[@__userId_0='d056f899-1ad8-4005-a514-f6559c21df35'], CommandType='"Text"', CommandTimeout='30']
SELECT [c].[UserId], [c].[BookId], [c].[CreatedAtUtc], [c].[Quantity], [c].[UpdatedAtUtc], [b0].[Id], [b0].[AuthorId], [b0].[CategoryId], [b0].[CoverImageUrl], [b0].[CreatedAtUtc], [b0].[Description], [b0].[ISBN], [b0].[IsDeleted], [b0].[Price], [b0].[PublicationYear], [b0].[Publisher], [b0].[StockQuantity], [b0].[Title], [b0].[UpdatedAtUtc], [a].[Id], [a].[Biography], [a].[CreatedAtUtc], [a].[Name], [a].[UpdatedAtUtc]
FROM [CartItems] AS [c]
INNER JOIN (
    SELECT [b].[Id], [b].[AuthorId], [b].[CategoryId], [b].[CoverImageUrl], [b].[CreatedAtUtc], [b].[Description], [b].[ISBN], [b].[IsDeleted], [b].[Price], [b].[PublicationYear], [b].[Publisher], [b].[StockQuantity], [b].[Title], [b].[UpdatedAtUtc]
    FROM [Books] AS [b]
    WHERE [b].[IsDeleted] = CAST(0 AS bit)
) AS [b0] ON [c].[BookId] = [b0].[Id]
LEFT JOIN [Authors] AS [a] ON [b0].[AuthorId] = [a].[Id]
WHERE [c].[UserId] = @__userId_0
ORDER BY [b0].[Title]
2025-06-11 11:39:32.543 +07:00 [INF] (Microsoft.EntityFrameworkCore.Database.Command) Executed DbCommand (1ms) [Parameters=[@__userId_0='d056f899-1ad8-4005-a514-f6559c21df35'], CommandType='"Text"', CommandTimeout='30']
SELECT [a].[Id], [a].[City], [a].[CreatedAtUtc], [a].[District], [a].[IsDefault], [a].[Street], [a].[UpdatedAtUtc], [a].[UserId], [a].[Village]
FROM [Addresses] AS [a]
WHERE [a].[UserId] = @__userId_0
ORDER BY [a].[IsDefault] DESC, [a].[UpdatedAtUtc] DESC
2025-06-11 11:39:34.839 +07:00 [INF] (Bookstore.Application.Services.OrderService) Attempting to create online order for User: "d056f899-1ad8-4005-a514-f6559c21df35"
2025-06-11 11:39:34.842 +07:00 [INF] (Microsoft.EntityFrameworkCore.Database.Command) Executed DbCommand (1ms) [Parameters=[@__userId_0='d056f899-1ad8-4005-a514-f6559c21df35'], CommandType='"Text"', CommandTimeout='30']
SELECT [c].[UserId], [c].[BookId], [c].[CreatedAtUtc], [c].[Quantity], [c].[UpdatedAtUtc], [b0].[Id], [b0].[AuthorId], [b0].[CategoryId], [b0].[CoverImageUrl], [b0].[CreatedAtUtc], [b0].[Description], [b0].[ISBN], [b0].[IsDeleted], [b0].[Price], [b0].[PublicationYear], [b0].[Publisher], [b0].[StockQuantity], [b0].[Title], [b0].[UpdatedAtUtc], [a].[Id], [a].[Biography], [a].[CreatedAtUtc], [a].[Name], [a].[UpdatedAtUtc]
FROM [CartItems] AS [c]
INNER JOIN (
    SELECT [b].[Id], [b].[AuthorId], [b].[CategoryId], [b].[CoverImageUrl], [b].[CreatedAtUtc], [b].[Description], [b].[ISBN], [b].[IsDeleted], [b].[Price], [b].[PublicationYear], [b].[Publisher], [b].[StockQuantity], [b].[Title], [b].[UpdatedAtUtc]
    FROM [Books] AS [b]
    WHERE [b].[IsDeleted] = CAST(0 AS bit)
) AS [b0] ON [c].[BookId] = [b0].[Id]
LEFT JOIN [Authors] AS [a] ON [b0].[AuthorId] = [a].[Id]
WHERE [c].[UserId] = @__userId_0
ORDER BY [b0].[Title]
2025-06-11 11:39:34.852 +07:00 [INF] (Microsoft.EntityFrameworkCore.Database.Command) Executed DbCommand (1ms) [Parameters=[@__p_0='dfe9f7c5-d1c5-4237-9143-fa6a29b09cc2' (Nullable = true)], CommandType='"Text"', CommandTimeout='30']
SELECT TOP(1) [a].[Id], [a].[City], [a].[CreatedAtUtc], [a].[District], [a].[IsDefault], [a].[Street], [a].[UpdatedAtUtc], [a].[UserId], [a].[Village]
FROM [Addresses] AS [a]
WHERE [a].[Id] = @__p_0
2025-06-11 11:39:34.940 +07:00 [WRN] (Microsoft.EntityFrameworkCore.Database.Transaction) Savepoints are disabled because Multiple Active Result Sets (MARS) is enabled. If 'SaveChanges' fails, then the transaction cannot be automatically rolled back to a known clean state. Instead, the transaction should be rolled back by the application before retrying 'SaveChanges'. See https://go.microsoft.com/fwlink/?linkid=2149338 for more information and examples. To identify the code which triggers this warning, call 'ConfigureWarnings(w => w.Throw(SqlServerEventId.SavepointsDisabledBecauseOfMARS))'.
2025-06-11 11:39:34.952 +07:00 [INF] (Microsoft.EntityFrameworkCore.Database.Command) Executed DbCommand (7ms) [Parameters=[@p0='b65189df-777b-4c6c-a32c-dabffa08937e', @p1='123' (Nullable = false) (Size = 100), @p2='231' (Nullable = false) (Size = 100), @p3=NULL (Size = 20), @p4=NULL (Size = 200), @p5='123' (Nullable = false) (Size = 256), @p6='123' (Size = 100), @p7='440f0e86-8ff9-47f8-a4e2-b5c835e4bb11', @p8='2025-06-11T04:39:34.9356725Z', @p9='0' (Size = 1), @p10=NULL (Size = 50), @p11='2025-06-11T04:39:34.8740527Z', @p12='b65189df-777b-4c6c-a32c-dabffa08937e' (Nullable = true), @p13='0' (Size = 1), @p14='0' (Nullable = true) (Size = 1), @p15='0' (Size = 1), @p16='63.96' (Precision = 18) (Scale = 2), @p17=NULL (Size = 4000), @p18='2025-06-11T04:39:34.9356722Z', @p19='d056f899-1ad8-4005-a514-f6559c21df35' (Nullable = true), @p20='4529663c-4118-424f-90d5-5c1318909e6e', @p21='1cf348ee-deb2-46ab-aa5c-3815a7969e2d', @p22='440f0e86-8ff9-47f8-a4e2-b5c835e4bb11', @p23='4', @p24='15.99' (Precision = 18) (Scale = 2)], CommandType='"Text"', CommandTimeout='30']
SET NOCOUNT ON;
INSERT INTO [OrderShippingAddresses] ([Id], [City], [District], [PhoneNumber], [RecipientName], [Street], [Village])
VALUES (@p0, @p1, @p2, @p3, @p4, @p5, @p6);
INSERT INTO [Orders] ([Id], [CreatedAtUtc], [DeliveryMethod], [InvoiceNumber], [OrderDate], [OrderShippingAddressId], [OrderType], [PaymentMethod], [Status], [TotalAmount], [TransactionId], [UpdatedAtUtc], [UserId])
OUTPUT INSERTED.[PaymentStatus]
VALUES (@p7, @p8, @p9, @p10, @p11, @p12, @p13, @p14, @p15, @p16, @p17, @p18, @p19);
INSERT INTO [OrderDetails] ([Id], [BookId], [OrderId], [Quantity], [UnitPrice])
VALUES (@p20, @p21, @p22, @p23, @p24);
2025-06-11 11:39:34.967 +07:00 [INF] (Bookstore.Application.Services.OrderService) Order "440f0e86-8ff9-47f8-a4e2-b5c835e4bb11" created with Pending status for User "d056f899-1ad8-4005-a514-f6559c21df35".
2025-06-11 11:39:34.969 +07:00 [INF] (Bookstore.Application.Services.OrderService) Simulating online payment for Order "440f0e86-8ff9-47f8-a4e2-b5c835e4bb11", Amount: 63.96
2025-06-11 11:39:35.987 +07:00 [INF] (Bookstore.Application.Services.OrderService) Payment simulation successful for Order "440f0e86-8ff9-47f8-a4e2-b5c835e4bb11". TransactionId: PMT_0D2CA5AC
2025-06-11 11:39:35.989 +07:00 [INF] (Bookstore.Application.Services.OrderService) Payment successful for Order "440f0e86-8ff9-47f8-a4e2-b5c835e4bb11".
2025-06-11 11:39:35.993 +07:00 [INF] (Microsoft.EntityFrameworkCore.Database.Command) Executed DbCommand (0ms) [Parameters=[@__p_0='1cf348ee-deb2-46ab-aa5c-3815a7969e2d' (Nullable = true)], CommandType='"Text"', CommandTimeout='30']
SELECT TOP(1) [b].[Id], [b].[AuthorId], [b].[CategoryId], [b].[CoverImageUrl], [b].[CreatedAtUtc], [b].[Description], [b].[ISBN], [b].[IsDeleted], [b].[Price], [b].[PublicationYear], [b].[Publisher], [b].[StockQuantity], [b].[Title], [b].[UpdatedAtUtc]
FROM [Books] AS [b]
WHERE [b].[IsDeleted] = CAST(0 AS bit) AND [b].[Id] = @__p_0
2025-06-11 11:39:36.023 +07:00 [INF] (Microsoft.EntityFrameworkCore.Database.Command) Executed DbCommand (2ms) [Parameters=[@__userId_0='d056f899-1ad8-4005-a514-f6559c21df35'], CommandType='"Text"', CommandTimeout='30']
SELECT [c].[UserId], [c].[BookId], [c].[CreatedAtUtc], [c].[Quantity], [c].[UpdatedAtUtc]
FROM [CartItems] AS [c]
WHERE [c].[UserId] = @__userId_0
2025-06-11 11:39:36.043 +07:00 [WRN] (Microsoft.EntityFrameworkCore.Database.Transaction) Savepoints are disabled because Multiple Active Result Sets (MARS) is enabled. If 'SaveChanges' fails, then the transaction cannot be automatically rolled back to a known clean state. Instead, the transaction should be rolled back by the application before retrying 'SaveChanges'. See https://go.microsoft.com/fwlink/?linkid=2149338 for more information and examples. To identify the code which triggers this warning, call 'ConfigureWarnings(w => w.Throw(SqlServerEventId.SavepointsDisabledBecauseOfMARS))'.
2025-06-11 11:39:36.063 +07:00 [INF] (Microsoft.EntityFrameworkCore.Database.Command) Executed DbCommand (16ms) [Parameters=[@p13='1cf348ee-deb2-46ab-aa5c-3815a7969e2d', @p0='b2c3d4e5-f6a1-4b2c-9d3e-8f1a2b3c4d5e' (Nullable = true), @p1='da2a34a1-f94b-4610-818a-8b1d0564f01b', @p2='https://storage.googleapis.com/bookmanagement-images/images/covers/62278a80-23dc-4353-88f5-1dc415d5f9d0_M.jpg' (Size = 4000), @p3='2025-06-10T12:41:54.7718231', @p4='A landmark science fiction novel set in the distant future amidst a feudal interstellar society.' (Size = 4000), @p5='978-0441172719' (Size = 4000), @p6='False', @p7='15.99' (Precision = 18) (Scale = 2), @p8='1965' (Nullable = true), @p9='Ace Books' (Size = 4000), @p10='21', @p11='Dune' (Nullable = false) (Size = 4000), @p12='2025-06-11T04:39:36.0354411Z', @p14='1cf348ee-deb2-46ab-aa5c-3815a7969e2d', @p15='d056f899-1ad8-4005-a514-f6559c21df35', @p16='12ffadad-fe20-498a-b2f0-84eaa69ba326', @p17='1cf348ee-deb2-46ab-aa5c-3815a7969e2d', @p18='-4', @p19='440f0e86-8ff9-47f8-a4e2-b5c835e4bb11' (Nullable = true), @p20='1' (Size = 1), @p21=NULL (DbType = Guid), @p22='2025-06-11T04:39:35.9987633Z', @p23='d056f899-1ad8-4005-a514-f6559c21df35' (Nullable = true), @p37='440f0e86-8ff9-47f8-a4e2-b5c835e4bb11', @p24='2025-06-11T04:39:34.9356725Z', @p25='0' (Size = 1), @p26='INV-20250611-440F' (Size = 50), @p27='2025-06-11T04:39:34.8740527Z', @p28='b65189df-777b-4c6c-a32c-dabffa08937e' (Nullable = true), @p29='0' (Size = 1), @p30='0' (Nullable = true) (Size = 1), @p31='Completed' (Nullable = false) (Size = 50), @p32='1' (Size = 1), @p33='63.96' (Precision = 18) (Scale = 2), @p34='PMT_0D2CA5AC' (Size = 4000), @p35='2025-06-11T04:39:36.0354402Z', @p36='d056f899-1ad8-4005-a514-f6559c21df35' (Nullable = true)], CommandType='"Text"', CommandTimeout='30']
SET NOCOUNT ON;
UPDATE [Books] SET [AuthorId] = @p0, [CategoryId] = @p1, [CoverImageUrl] = @p2, [CreatedAtUtc] = @p3, [Description] = @p4, [ISBN] = @p5, [IsDeleted] = @p6, [Price] = @p7, [PublicationYear] = @p8, [Publisher] = @p9, [StockQuantity] = @p10, [Title] = @p11, [UpdatedAtUtc] = @p12
OUTPUT 1
WHERE [Id] = @p13;
DELETE FROM [CartItems]
OUTPUT 1
WHERE [BookId] = @p14 AND [UserId] = @p15;
INSERT INTO [InventoryLogs] ([Id], [BookId], [ChangeQuantity], [OrderId], [Reason], [StockReceiptId], [TimestampUtc], [UserId])
VALUES (@p16, @p17, @p18, @p19, @p20, @p21, @p22, @p23);
UPDATE [Orders] SET [CreatedAtUtc] = @p24, [DeliveryMethod] = @p25, [InvoiceNumber] = @p26, [OrderDate] = @p27, [OrderShippingAddressId] = @p28, [OrderType] = @p29, [PaymentMethod] = @p30, [PaymentStatus] = @p31, [Status] = @p32, [TotalAmount] = @p33, [TransactionId] = @p34, [UpdatedAtUtc] = @p35, [UserId] = @p36
OUTPUT 1
WHERE [Id] = @p37;
2025-06-11 11:39:36.076 +07:00 [INF] (Bookstore.Application.Services.OrderService) Order "440f0e86-8ff9-47f8-a4e2-b5c835e4bb11" processing completed successfully for User "d056f899-1ad8-4005-a514-f6559c21df35".
2025-06-11 11:39:36.087 +07:00 [INF] (Microsoft.EntityFrameworkCore.Database.Command) Executed DbCommand (9ms) [Parameters=[@__orderId_0='440f0e86-8ff9-47f8-a4e2-b5c835e4bb11'], CommandType='"Text"', CommandTimeout='30']
SELECT [s].[Id], [s].[CreatedAtUtc], [s].[DeliveryMethod], [s].[InvoiceNumber], [s].[OrderDate], [s].[OrderShippingAddressId], [s].[OrderType], [s].[PaymentMethod], [s].[PaymentStatus], [s].[Status], [s].[TotalAmount], [s].[TransactionId], [s].[UpdatedAtUtc], [s].[UserId], [s].[Id0], [s].[CreatedAtUtc0], [s].[Email], [s].[FirstName], [s].[IsActive], [s].[LastName], [s].[PasswordHash], [s].[PhoneNumber], [s].[UpdatedAtUtc0], [s].[UserName], [s].[Id1], [s].[City], [s].[District], [s].[PhoneNumber0], [s].[RecipientName], [s].[Street], [s].[Village], [s0].[Id], [s0].[BookId], [s0].[OrderId], [s0].[Quantity], [s0].[UnitPrice], [s0].[Id0], [s0].[AuthorId], [s0].[CategoryId], [s0].[CoverImageUrl], [s0].[CreatedAtUtc], [s0].[Description], [s0].[ISBN], [s0].[IsDeleted], [s0].[Price], [s0].[PublicationYear], [s0].[Publisher], [s0].[StockQuantity], [s0].[Title], [s0].[UpdatedAtUtc], [s0].[Id1], [s0].[Biography], [s0].[CreatedAtUtc0], [s0].[Name], [s0].[UpdatedAtUtc0]
FROM (
    SELECT TOP(1) [o].[Id], [o].[CreatedAtUtc], [o].[DeliveryMethod], [o].[InvoiceNumber], [o].[OrderDate], [o].[OrderShippingAddressId], [o].[OrderType], [o].[PaymentMethod], [o].[PaymentStatus], [o].[Status], [o].[TotalAmount], [o].[TransactionId], [o].[UpdatedAtUtc], [o].[UserId], [u].[Id] AS [Id0], [u].[CreatedAtUtc] AS [CreatedAtUtc0], [u].[Email], [u].[FirstName], [u].[IsActive], [u].[LastName], [u].[PasswordHash], [u].[PhoneNumber], [u].[UpdatedAtUtc] AS [UpdatedAtUtc0], [u].[UserName], [o0].[Id] AS [Id1], [o0].[City], [o0].[District], [o0].[PhoneNumber] AS [PhoneNumber0], [o0].[RecipientName], [o0].[Street], [o0].[Village]
    FROM [Orders] AS [o]
    LEFT JOIN [Users] AS [u] ON [o].[UserId] = [u].[Id]
    LEFT JOIN [OrderShippingAddresses] AS [o0] ON [o].[OrderShippingAddressId] = [o0].[Id]
    WHERE [o].[Id] = @__orderId_0
) AS [s]
LEFT JOIN (
    SELECT [o1].[Id], [o1].[BookId], [o1].[OrderId], [o1].[Quantity], [o1].[UnitPrice], [b0].[Id] AS [Id0], [b0].[AuthorId], [b0].[CategoryId], [b0].[CoverImageUrl], [b0].[CreatedAtUtc], [b0].[Description], [b0].[ISBN], [b0].[IsDeleted], [b0].[Price], [b0].[PublicationYear], [b0].[Publisher], [b0].[StockQuantity], [b0].[Title], [b0].[UpdatedAtUtc], [a].[Id] AS [Id1], [a].[Biography], [a].[CreatedAtUtc] AS [CreatedAtUtc0], [a].[Name], [a].[UpdatedAtUtc] AS [UpdatedAtUtc0]
    FROM [OrderDetails] AS [o1]
    INNER JOIN (
        SELECT [b].[Id], [b].[AuthorId], [b].[CategoryId], [b].[CoverImageUrl], [b].[CreatedAtUtc], [b].[Description], [b].[ISBN], [b].[IsDeleted], [b].[Price], [b].[PublicationYear], [b].[Publisher], [b].[StockQuantity], [b].[Title], [b].[UpdatedAtUtc]
        FROM [Books] AS [b]
        WHERE [b].[IsDeleted] = CAST(0 AS bit)
    ) AS [b0] ON [o1].[BookId] = [b0].[Id]
    LEFT JOIN [Authors] AS [a] ON [b0].[AuthorId] = [a].[Id]
) AS [s0] ON [s].[Id] = [s0].[OrderId]
ORDER BY [s].[Id], [s].[Id0], [s].[Id1], [s0].[Id], [s0].[Id0]
2025-06-11 11:39:36.228 +07:00 [INF] (Bookstore.Application.Services.OrderService) Fetching orders for User: "d056f899-1ad8-4005-a514-f6559c21df35", Page: 1, PageSize: 15
2025-06-11 11:39:36.235 +07:00 [INF] (Microsoft.EntityFrameworkCore.Database.Command) Executed DbCommand (3ms) [Parameters=[@__userId_0='d056f899-1ad8-4005-a514-f6559c21df35' (Nullable = true), @__p_1='0', @__p_2='15'], CommandType='"Text"', CommandTimeout='30']
SELECT [o1].[Id], [o1].[CreatedAtUtc], [o1].[DeliveryMethod], [o1].[InvoiceNumber], [o1].[OrderDate], [o1].[OrderShippingAddressId], [o1].[OrderType], [o1].[PaymentMethod], [o1].[PaymentStatus], [o1].[Status], [o1].[TotalAmount], [o1].[TransactionId], [o1].[UpdatedAtUtc], [o1].[UserId], [o0].[Id], [o0].[BookId], [o0].[OrderId], [o0].[Quantity], [o0].[UnitPrice]
FROM (
    SELECT [o].[Id], [o].[CreatedAtUtc], [o].[DeliveryMethod], [o].[InvoiceNumber], [o].[OrderDate], [o].[OrderShippingAddressId], [o].[OrderType], [o].[PaymentMethod], [o].[PaymentStatus], [o].[Status], [o].[TotalAmount], [o].[TransactionId], [o].[UpdatedAtUtc], [o].[UserId]
    FROM [Orders] AS [o]
    WHERE [o].[UserId] = @__userId_0
    ORDER BY [o].[OrderDate] DESC
    OFFSET @__p_1 ROWS FETCH NEXT @__p_2 ROWS ONLY
) AS [o1]
LEFT JOIN [OrderDetails] AS [o0] ON [o1].[Id] = [o0].[OrderId]
ORDER BY [o1].[OrderDate] DESC, [o1].[Id]
2025-06-11 11:39:36.235 +07:00 [INF] (Bookstore.Application.Services.OrderService) Fetching orders for User: "d056f899-1ad8-4005-a514-f6559c21df35", Page: 1, PageSize: 15
2025-06-11 11:39:36.241 +07:00 [INF] (Microsoft.EntityFrameworkCore.Database.Command) Executed DbCommand (1ms) [Parameters=[@__userId_0='d056f899-1ad8-4005-a514-f6559c21df35' (Nullable = true), @__p_1='0', @__p_2='15'], CommandType='"Text"', CommandTimeout='30']
SELECT [o1].[Id], [o1].[CreatedAtUtc], [o1].[DeliveryMethod], [o1].[InvoiceNumber], [o1].[OrderDate], [o1].[OrderShippingAddressId], [o1].[OrderType], [o1].[PaymentMethod], [o1].[PaymentStatus], [o1].[Status], [o1].[TotalAmount], [o1].[TransactionId], [o1].[UpdatedAtUtc], [o1].[UserId], [o0].[Id], [o0].[BookId], [o0].[OrderId], [o0].[Quantity], [o0].[UnitPrice]
FROM (
    SELECT [o].[Id], [o].[CreatedAtUtc], [o].[DeliveryMethod], [o].[InvoiceNumber], [o].[OrderDate], [o].[OrderShippingAddressId], [o].[OrderType], [o].[PaymentMethod], [o].[PaymentStatus], [o].[Status], [o].[TotalAmount], [o].[TransactionId], [o].[UpdatedAtUtc], [o].[UserId]
    FROM [Orders] AS [o]
    WHERE [o].[UserId] = @__userId_0
    ORDER BY [o].[OrderDate] DESC
    OFFSET @__p_1 ROWS FETCH NEXT @__p_2 ROWS ONLY
) AS [o1]
LEFT JOIN [OrderDetails] AS [o0] ON [o1].[Id] = [o0].[OrderId]
ORDER BY [o1].[OrderDate] DESC, [o1].[Id]
2025-06-11 11:39:37.495 +07:00 [INF] (Bookstore.Application.Services.OrderService) Fetching order details "440f0e86-8ff9-47f8-a4e2-b5c835e4bb11" for User: "d056f899-1ad8-4005-a514-f6559c21df35"
2025-06-11 11:39:37.508 +07:00 [INF] (Microsoft.EntityFrameworkCore.Database.Command) Executed DbCommand (11ms) [Parameters=[@__orderId_0='440f0e86-8ff9-47f8-a4e2-b5c835e4bb11'], CommandType='"Text"', CommandTimeout='30']
SELECT [s].[Id], [s].[CreatedAtUtc], [s].[DeliveryMethod], [s].[InvoiceNumber], [s].[OrderDate], [s].[OrderShippingAddressId], [s].[OrderType], [s].[PaymentMethod], [s].[PaymentStatus], [s].[Status], [s].[TotalAmount], [s].[TransactionId], [s].[UpdatedAtUtc], [s].[UserId], [s].[Id0], [s].[CreatedAtUtc0], [s].[Email], [s].[FirstName], [s].[IsActive], [s].[LastName], [s].[PasswordHash], [s].[PhoneNumber], [s].[UpdatedAtUtc0], [s].[UserName], [s].[Id1], [s].[City], [s].[District], [s].[PhoneNumber0], [s].[RecipientName], [s].[Street], [s].[Village], [s0].[Id], [s0].[BookId], [s0].[OrderId], [s0].[Quantity], [s0].[UnitPrice], [s0].[Id0], [s0].[AuthorId], [s0].[CategoryId], [s0].[CoverImageUrl], [s0].[CreatedAtUtc], [s0].[Description], [s0].[ISBN], [s0].[IsDeleted], [s0].[Price], [s0].[PublicationYear], [s0].[Publisher], [s0].[StockQuantity], [s0].[Title], [s0].[UpdatedAtUtc], [s0].[Id1], [s0].[Biography], [s0].[CreatedAtUtc0], [s0].[Name], [s0].[UpdatedAtUtc0]
FROM (
    SELECT TOP(1) [o].[Id], [o].[CreatedAtUtc], [o].[DeliveryMethod], [o].[InvoiceNumber], [o].[OrderDate], [o].[OrderShippingAddressId], [o].[OrderType], [o].[PaymentMethod], [o].[PaymentStatus], [o].[Status], [o].[TotalAmount], [o].[TransactionId], [o].[UpdatedAtUtc], [o].[UserId], [u].[Id] AS [Id0], [u].[CreatedAtUtc] AS [CreatedAtUtc0], [u].[Email], [u].[FirstName], [u].[IsActive], [u].[LastName], [u].[PasswordHash], [u].[PhoneNumber], [u].[UpdatedAtUtc] AS [UpdatedAtUtc0], [u].[UserName], [o0].[Id] AS [Id1], [o0].[City], [o0].[District], [o0].[PhoneNumber] AS [PhoneNumber0], [o0].[RecipientName], [o0].[Street], [o0].[Village]
    FROM [Orders] AS [o]
    LEFT JOIN [Users] AS [u] ON [o].[UserId] = [u].[Id]
    LEFT JOIN [OrderShippingAddresses] AS [o0] ON [o].[OrderShippingAddressId] = [o0].[Id]
    WHERE [o].[Id] = @__orderId_0
) AS [s]
LEFT JOIN (
    SELECT [o1].[Id], [o1].[BookId], [o1].[OrderId], [o1].[Quantity], [o1].[UnitPrice], [b0].[Id] AS [Id0], [b0].[AuthorId], [b0].[CategoryId], [b0].[CoverImageUrl], [b0].[CreatedAtUtc], [b0].[Description], [b0].[ISBN], [b0].[IsDeleted], [b0].[Price], [b0].[PublicationYear], [b0].[Publisher], [b0].[StockQuantity], [b0].[Title], [b0].[UpdatedAtUtc], [a].[Id] AS [Id1], [a].[Biography], [a].[CreatedAtUtc] AS [CreatedAtUtc0], [a].[Name], [a].[UpdatedAtUtc] AS [UpdatedAtUtc0]
    FROM [OrderDetails] AS [o1]
    INNER JOIN (
        SELECT [b].[Id], [b].[AuthorId], [b].[CategoryId], [b].[CoverImageUrl], [b].[CreatedAtUtc], [b].[Description], [b].[ISBN], [b].[IsDeleted], [b].[Price], [b].[PublicationYear], [b].[Publisher], [b].[StockQuantity], [b].[Title], [b].[UpdatedAtUtc]
        FROM [Books] AS [b]
        WHERE [b].[IsDeleted] = CAST(0 AS bit)
    ) AS [b0] ON [o1].[BookId] = [b0].[Id]
    LEFT JOIN [Authors] AS [a] ON [b0].[AuthorId] = [a].[Id]
) AS [s0] ON [s].[Id] = [s0].[OrderId]
ORDER BY [s].[Id], [s].[Id0], [s].[Id1], [s0].[Id], [s0].[Id0]
2025-06-11 11:39:41.699 +07:00 [INF] (Microsoft.EntityFrameworkCore.Database.Command) Executed DbCommand (6ms) [Parameters=[@__userId_0='d056f899-1ad8-4005-a514-f6559c21df35'], CommandType='"Text"', CommandTimeout='30']
SELECT [c].[UserId], [c].[BookId], [c].[CreatedAtUtc], [c].[Quantity], [c].[UpdatedAtUtc], [b0].[Id], [b0].[AuthorId], [b0].[CategoryId], [b0].[CoverImageUrl], [b0].[CreatedAtUtc], [b0].[Description], [b0].[ISBN], [b0].[IsDeleted], [b0].[Price], [b0].[PublicationYear], [b0].[Publisher], [b0].[StockQuantity], [b0].[Title], [b0].[UpdatedAtUtc], [a].[Id], [a].[Biography], [a].[CreatedAtUtc], [a].[Name], [a].[UpdatedAtUtc]
FROM [CartItems] AS [c]
INNER JOIN (
    SELECT [b].[Id], [b].[AuthorId], [b].[CategoryId], [b].[CoverImageUrl], [b].[CreatedAtUtc], [b].[Description], [b].[ISBN], [b].[IsDeleted], [b].[Price], [b].[PublicationYear], [b].[Publisher], [b].[StockQuantity], [b].[Title], [b].[UpdatedAtUtc]
    FROM [Books] AS [b]
    WHERE [b].[IsDeleted] = CAST(0 AS bit)
) AS [b0] ON [c].[BookId] = [b0].[Id]
LEFT JOIN [Authors] AS [a] ON [b0].[AuthorId] = [a].[Id]
WHERE [c].[UserId] = @__userId_0
ORDER BY [b0].[Title]
2025-06-11 11:39:41.699 +07:00 [INF] (Microsoft.EntityFrameworkCore.Database.Command) Executed DbCommand (3ms) [Parameters=[@__userId_0='d056f899-1ad8-4005-a514-f6559c21df35'], CommandType='"Text"', CommandTimeout='30']
SELECT [a].[Id], [a].[City], [a].[CreatedAtUtc], [a].[District], [a].[IsDefault], [a].[Street], [a].[UpdatedAtUtc], [a].[UserId], [a].[Village]
FROM [Addresses] AS [a]
WHERE [a].[UserId] = @__userId_0
ORDER BY [a].[IsDefault] DESC, [a].[UpdatedAtUtc] DESC
2025-06-11 11:39:43.949 +07:00 [INF] (Microsoft.EntityFrameworkCore.Database.Command) Executed DbCommand (0ms) [Parameters=[@__userId_0='d056f899-1ad8-4005-a514-f6559c21df35'], CommandType='"Text"', CommandTimeout='30']
SELECT [c].[UserId], [c].[BookId], [c].[CreatedAtUtc], [c].[Quantity], [c].[UpdatedAtUtc], [b0].[Id], [b0].[AuthorId], [b0].[CategoryId], [b0].[CoverImageUrl], [b0].[CreatedAtUtc], [b0].[Description], [b0].[ISBN], [b0].[IsDeleted], [b0].[Price], [b0].[PublicationYear], [b0].[Publisher], [b0].[StockQuantity], [b0].[Title], [b0].[UpdatedAtUtc], [a].[Id], [a].[Biography], [a].[CreatedAtUtc], [a].[Name], [a].[UpdatedAtUtc]
FROM [CartItems] AS [c]
INNER JOIN (
    SELECT [b].[Id], [b].[AuthorId], [b].[CategoryId], [b].[CoverImageUrl], [b].[CreatedAtUtc], [b].[Description], [b].[ISBN], [b].[IsDeleted], [b].[Price], [b].[PublicationYear], [b].[Publisher], [b].[StockQuantity], [b].[Title], [b].[UpdatedAtUtc]
    FROM [Books] AS [b]
    WHERE [b].[IsDeleted] = CAST(0 AS bit)
) AS [b0] ON [c].[BookId] = [b0].[Id]
LEFT JOIN [Authors] AS [a] ON [b0].[AuthorId] = [a].[Id]
WHERE [c].[UserId] = @__userId_0
ORDER BY [b0].[Title]
2025-06-11 11:39:46.421 +07:00 [INF] (Bookstore.Application.Services.OrderService) Fetching orders for User: "d056f899-1ad8-4005-a514-f6559c21df35", Page: 1, PageSize: 15
2025-06-11 11:39:46.425 +07:00 [INF] (Bookstore.Application.Services.OrderService) Fetching orders for User: "d056f899-1ad8-4005-a514-f6559c21df35", Page: 1, PageSize: 15
2025-06-11 11:39:46.427 +07:00 [INF] (Microsoft.EntityFrameworkCore.Database.Command) Executed DbCommand (4ms) [Parameters=[@__userId_0='d056f899-1ad8-4005-a514-f6559c21df35' (Nullable = true), @__p_1='0', @__p_2='15'], CommandType='"Text"', CommandTimeout='30']
SELECT [o1].[Id], [o1].[CreatedAtUtc], [o1].[DeliveryMethod], [o1].[InvoiceNumber], [o1].[OrderDate], [o1].[OrderShippingAddressId], [o1].[OrderType], [o1].[PaymentMethod], [o1].[PaymentStatus], [o1].[Status], [o1].[TotalAmount], [o1].[TransactionId], [o1].[UpdatedAtUtc], [o1].[UserId], [o0].[Id], [o0].[BookId], [o0].[OrderId], [o0].[Quantity], [o0].[UnitPrice]
FROM (
    SELECT [o].[Id], [o].[CreatedAtUtc], [o].[DeliveryMethod], [o].[InvoiceNumber], [o].[OrderDate], [o].[OrderShippingAddressId], [o].[OrderType], [o].[PaymentMethod], [o].[PaymentStatus], [o].[Status], [o].[TotalAmount], [o].[TransactionId], [o].[UpdatedAtUtc], [o].[UserId]
    FROM [Orders] AS [o]
    WHERE [o].[UserId] = @__userId_0
    ORDER BY [o].[OrderDate] DESC
    OFFSET @__p_1 ROWS FETCH NEXT @__p_2 ROWS ONLY
) AS [o1]
LEFT JOIN [OrderDetails] AS [o0] ON [o1].[Id] = [o0].[OrderId]
ORDER BY [o1].[OrderDate] DESC, [o1].[Id]
2025-06-11 11:39:46.428 +07:00 [INF] (Microsoft.EntityFrameworkCore.Database.Command) Executed DbCommand (1ms) [Parameters=[@__userId_0='d056f899-1ad8-4005-a514-f6559c21df35' (Nullable = true), @__p_1='0', @__p_2='15'], CommandType='"Text"', CommandTimeout='30']
SELECT [o1].[Id], [o1].[CreatedAtUtc], [o1].[DeliveryMethod], [o1].[InvoiceNumber], [o1].[OrderDate], [o1].[OrderShippingAddressId], [o1].[OrderType], [o1].[PaymentMethod], [o1].[PaymentStatus], [o1].[Status], [o1].[TotalAmount], [o1].[TransactionId], [o1].[UpdatedAtUtc], [o1].[UserId], [o0].[Id], [o0].[BookId], [o0].[OrderId], [o0].[Quantity], [o0].[UnitPrice]
FROM (
    SELECT [o].[Id], [o].[CreatedAtUtc], [o].[DeliveryMethod], [o].[InvoiceNumber], [o].[OrderDate], [o].[OrderShippingAddressId], [o].[OrderType], [o].[PaymentMethod], [o].[PaymentStatus], [o].[Status], [o].[TotalAmount], [o].[TransactionId], [o].[UpdatedAtUtc], [o].[UserId]
    FROM [Orders] AS [o]
    WHERE [o].[UserId] = @__userId_0
    ORDER BY [o].[OrderDate] DESC
    OFFSET @__p_1 ROWS FETCH NEXT @__p_2 ROWS ONLY
) AS [o1]
LEFT JOIN [OrderDetails] AS [o0] ON [o1].[Id] = [o0].[OrderId]
ORDER BY [o1].[OrderDate] DESC, [o1].[Id]
2025-06-11 11:39:48.116 +07:00 [INF] (Microsoft.EntityFrameworkCore.Database.Command) Executed DbCommand (1ms) [Parameters=[@__userId_0='d056f899-1ad8-4005-a514-f6559c21df35'], CommandType='"Text"', CommandTimeout='30']
SELECT [a].[Id], [a].[City], [a].[CreatedAtUtc], [a].[District], [a].[IsDefault], [a].[Street], [a].[UpdatedAtUtc], [a].[UserId], [a].[Village]
FROM [Addresses] AS [a]
WHERE [a].[UserId] = @__userId_0
ORDER BY [a].[IsDefault] DESC, [a].[UpdatedAtUtc] DESC
2025-06-11 11:39:49.807 +07:00 [INF] (Bookstore.Application.Services.OrderService) Fetching order details "440f0e86-8ff9-47f8-a4e2-b5c835e4bb11" for User: "d056f899-1ad8-4005-a514-f6559c21df35"
2025-06-11 11:39:49.818 +07:00 [INF] (Microsoft.EntityFrameworkCore.Database.Command) Executed DbCommand (8ms) [Parameters=[@__orderId_0='440f0e86-8ff9-47f8-a4e2-b5c835e4bb11'], CommandType='"Text"', CommandTimeout='30']
SELECT [s].[Id], [s].[CreatedAtUtc], [s].[DeliveryMethod], [s].[InvoiceNumber], [s].[OrderDate], [s].[OrderShippingAddressId], [s].[OrderType], [s].[PaymentMethod], [s].[PaymentStatus], [s].[Status], [s].[TotalAmount], [s].[TransactionId], [s].[UpdatedAtUtc], [s].[UserId], [s].[Id0], [s].[CreatedAtUtc0], [s].[Email], [s].[FirstName], [s].[IsActive], [s].[LastName], [s].[PasswordHash], [s].[PhoneNumber], [s].[UpdatedAtUtc0], [s].[UserName], [s].[Id1], [s].[City], [s].[District], [s].[PhoneNumber0], [s].[RecipientName], [s].[Street], [s].[Village], [s0].[Id], [s0].[BookId], [s0].[OrderId], [s0].[Quantity], [s0].[UnitPrice], [s0].[Id0], [s0].[AuthorId], [s0].[CategoryId], [s0].[CoverImageUrl], [s0].[CreatedAtUtc], [s0].[Description], [s0].[ISBN], [s0].[IsDeleted], [s0].[Price], [s0].[PublicationYear], [s0].[Publisher], [s0].[StockQuantity], [s0].[Title], [s0].[UpdatedAtUtc], [s0].[Id1], [s0].[Biography], [s0].[CreatedAtUtc0], [s0].[Name], [s0].[UpdatedAtUtc0]
FROM (
    SELECT TOP(1) [o].[Id], [o].[CreatedAtUtc], [o].[DeliveryMethod], [o].[InvoiceNumber], [o].[OrderDate], [o].[OrderShippingAddressId], [o].[OrderType], [o].[PaymentMethod], [o].[PaymentStatus], [o].[Status], [o].[TotalAmount], [o].[TransactionId], [o].[UpdatedAtUtc], [o].[UserId], [u].[Id] AS [Id0], [u].[CreatedAtUtc] AS [CreatedAtUtc0], [u].[Email], [u].[FirstName], [u].[IsActive], [u].[LastName], [u].[PasswordHash], [u].[PhoneNumber], [u].[UpdatedAtUtc] AS [UpdatedAtUtc0], [u].[UserName], [o0].[Id] AS [Id1], [o0].[City], [o0].[District], [o0].[PhoneNumber] AS [PhoneNumber0], [o0].[RecipientName], [o0].[Street], [o0].[Village]
    FROM [Orders] AS [o]
    LEFT JOIN [Users] AS [u] ON [o].[UserId] = [u].[Id]
    LEFT JOIN [OrderShippingAddresses] AS [o0] ON [o].[OrderShippingAddressId] = [o0].[Id]
    WHERE [o].[Id] = @__orderId_0
) AS [s]
LEFT JOIN (
    SELECT [o1].[Id], [o1].[BookId], [o1].[OrderId], [o1].[Quantity], [o1].[UnitPrice], [b0].[Id] AS [Id0], [b0].[AuthorId], [b0].[CategoryId], [b0].[CoverImageUrl], [b0].[CreatedAtUtc], [b0].[Description], [b0].[ISBN], [b0].[IsDeleted], [b0].[Price], [b0].[PublicationYear], [b0].[Publisher], [b0].[StockQuantity], [b0].[Title], [b0].[UpdatedAtUtc], [a].[Id] AS [Id1], [a].[Biography], [a].[CreatedAtUtc] AS [CreatedAtUtc0], [a].[Name], [a].[UpdatedAtUtc] AS [UpdatedAtUtc0]
    FROM [OrderDetails] AS [o1]
    INNER JOIN (
        SELECT [b].[Id], [b].[AuthorId], [b].[CategoryId], [b].[CoverImageUrl], [b].[CreatedAtUtc], [b].[Description], [b].[ISBN], [b].[IsDeleted], [b].[Price], [b].[PublicationYear], [b].[Publisher], [b].[StockQuantity], [b].[Title], [b].[UpdatedAtUtc]
        FROM [Books] AS [b]
        WHERE [b].[IsDeleted] = CAST(0 AS bit)
    ) AS [b0] ON [o1].[BookId] = [b0].[Id]
    LEFT JOIN [Authors] AS [a] ON [b0].[AuthorId] = [a].[Id]
) AS [s0] ON [s].[Id] = [s0].[OrderId]
ORDER BY [s].[Id], [s].[Id0], [s].[Id1], [s0].[Id], [s0].[Id0]
2025-06-11 11:39:51.714 +07:00 [INF] (Microsoft.EntityFrameworkCore.Database.Command) Executed DbCommand (1ms) [Parameters=[@__userId_0='d056f899-1ad8-4005-a514-f6559c21df35'], CommandType='"Text"', CommandTimeout='30']
SELECT [a].[Id], [a].[City], [a].[CreatedAtUtc], [a].[District], [a].[IsDefault], [a].[Street], [a].[UpdatedAtUtc], [a].[UserId], [a].[Village]
FROM [Addresses] AS [a]
WHERE [a].[UserId] = @__userId_0
ORDER BY [a].[IsDefault] DESC, [a].[UpdatedAtUtc] DESC
2025-06-11 11:39:55.554 +07:00 [INF] (Bookstore.Application.Services.OrderService) Fetching orders for User: "d056f899-1ad8-4005-a514-f6559c21df35", Page: 1, PageSize: 15
2025-06-11 11:39:55.557 +07:00 [INF] (Microsoft.EntityFrameworkCore.Database.Command) Executed DbCommand (1ms) [Parameters=[@__userId_0='d056f899-1ad8-4005-a514-f6559c21df35' (Nullable = true), @__p_1='0', @__p_2='15'], CommandType='"Text"', CommandTimeout='30']
SELECT [o1].[Id], [o1].[CreatedAtUtc], [o1].[DeliveryMethod], [o1].[InvoiceNumber], [o1].[OrderDate], [o1].[OrderShippingAddressId], [o1].[OrderType], [o1].[PaymentMethod], [o1].[PaymentStatus], [o1].[Status], [o1].[TotalAmount], [o1].[TransactionId], [o1].[UpdatedAtUtc], [o1].[UserId], [o0].[Id], [o0].[BookId], [o0].[OrderId], [o0].[Quantity], [o0].[UnitPrice]
FROM (
    SELECT [o].[Id], [o].[CreatedAtUtc], [o].[DeliveryMethod], [o].[InvoiceNumber], [o].[OrderDate], [o].[OrderShippingAddressId], [o].[OrderType], [o].[PaymentMethod], [o].[PaymentStatus], [o].[Status], [o].[TotalAmount], [o].[TransactionId], [o].[UpdatedAtUtc], [o].[UserId]
    FROM [Orders] AS [o]
    WHERE [o].[UserId] = @__userId_0
    ORDER BY [o].[OrderDate] DESC
    OFFSET @__p_1 ROWS FETCH NEXT @__p_2 ROWS ONLY
) AS [o1]
LEFT JOIN [OrderDetails] AS [o0] ON [o1].[Id] = [o0].[OrderId]
ORDER BY [o1].[OrderDate] DESC, [o1].[Id]
2025-06-11 11:39:55.558 +07:00 [INF] (Bookstore.Application.Services.OrderService) Fetching orders for User: "d056f899-1ad8-4005-a514-f6559c21df35", Page: 1, PageSize: 15
2025-06-11 11:39:55.566 +07:00 [INF] (Microsoft.EntityFrameworkCore.Database.Command) Executed DbCommand (1ms) [Parameters=[@__userId_0='d056f899-1ad8-4005-a514-f6559c21df35' (Nullable = true), @__p_1='0', @__p_2='15'], CommandType='"Text"', CommandTimeout='30']
SELECT [o1].[Id], [o1].[CreatedAtUtc], [o1].[DeliveryMethod], [o1].[InvoiceNumber], [o1].[OrderDate], [o1].[OrderShippingAddressId], [o1].[OrderType], [o1].[PaymentMethod], [o1].[PaymentStatus], [o1].[Status], [o1].[TotalAmount], [o1].[TransactionId], [o1].[UpdatedAtUtc], [o1].[UserId], [o0].[Id], [o0].[BookId], [o0].[OrderId], [o0].[Quantity], [o0].[UnitPrice]
FROM (
    SELECT [o].[Id], [o].[CreatedAtUtc], [o].[DeliveryMethod], [o].[InvoiceNumber], [o].[OrderDate], [o].[OrderShippingAddressId], [o].[OrderType], [o].[PaymentMethod], [o].[PaymentStatus], [o].[Status], [o].[TotalAmount], [o].[TransactionId], [o].[UpdatedAtUtc], [o].[UserId]
    FROM [Orders] AS [o]
    WHERE [o].[UserId] = @__userId_0
    ORDER BY [o].[OrderDate] DESC
    OFFSET @__p_1 ROWS FETCH NEXT @__p_2 ROWS ONLY
) AS [o1]
LEFT JOIN [OrderDetails] AS [o0] ON [o1].[Id] = [o0].[OrderId]
ORDER BY [o1].[OrderDate] DESC, [o1].[Id]
2025-06-11 11:39:57.547 +07:00 [INF] (Bookstore.Application.Services.DashboardService) Fetching home dashboard data.
2025-06-11 11:39:57.551 +07:00 [INF] (Microsoft.EntityFrameworkCore.Database.Command) Executed DbCommand (3ms) [Parameters=[], CommandType='"Text"', CommandTimeout='30']
SELECT [b].[Id], [b].[AuthorId], [b].[CategoryId], [b].[CoverImageUrl], [b].[CreatedAtUtc], [b].[Description], [b].[ISBN], [b].[IsDeleted], [b].[Price], [b].[PublicationYear], [b].[Publisher], [b].[StockQuantity], [b].[Title], [b].[UpdatedAtUtc], [a].[Id], [a].[Biography], [a].[CreatedAtUtc], [a].[Name], [a].[UpdatedAtUtc]
FROM [Books] AS [b]
LEFT JOIN [Authors] AS [a] ON [b].[AuthorId] = [a].[Id]
WHERE [b].[IsDeleted] = CAST(0 AS bit)
ORDER BY [b].[CreatedAtUtc] DESC
2025-06-11 11:39:57.556 +07:00 [INF] (Bookstore.Application.Services.DashboardService) Fetched 10 newest books.
2025-06-11 11:39:57.563 +07:00 [INF] (Microsoft.EntityFrameworkCore.Database.Command) Executed DbCommand (5ms) [Parameters=[@__p_2='5', @__inclusiveStartDate_0='2025-05-12T00:00:00.0000000Z', @__inclusiveEndDate_1='2025-06-12T00:00:00.0000000Z'], CommandType='"Text"', CommandTimeout='30']
SELECT [s].[BookId], [b2].[Title] AS [BookTitle], [s].[TotalQuantitySold]
FROM (
    SELECT TOP(@__p_2) [o].[BookId], COALESCE(SUM([o].[Quantity]), 0) AS [TotalQuantitySold]
    FROM [OrderDetails] AS [o]
    INNER JOIN [Orders] AS [o0] ON [o].[OrderId] = [o0].[Id]
    INNER JOIN (
        SELECT [b].[Id], [b].[IsDeleted]
        FROM [Books] AS [b]
        WHERE [b].[IsDeleted] = CAST(0 AS bit)
    ) AS [b0] ON [o].[BookId] = [b0].[Id]
    WHERE [o0].[Status] = CAST(3 AS tinyint) AND [o0].[OrderDate] >= @__inclusiveStartDate_0 AND [o0].[OrderDate] < @__inclusiveEndDate_1 AND [b0].[IsDeleted] = CAST(0 AS bit)
    GROUP BY [o].[BookId]
    ORDER BY COALESCE(SUM([o].[Quantity]), 0) DESC
) AS [s]
INNER JOIN (
    SELECT [b1].[Id], [b1].[Title]
    FROM [Books] AS [b1]
    WHERE [b1].[IsDeleted] = CAST(0 AS bit)
) AS [b2] ON [s].[BookId] = [b2].[Id]
ORDER BY [s].[TotalQuantitySold] DESC
2025-06-11 11:39:57.571 +07:00 [INF] (Microsoft.EntityFrameworkCore.Database.Command) Executed DbCommand (5ms) [Parameters=[@__bestsellerBookIds_0='["c191919e-e763-4e03-9e2b-24d944f4d401","5d8fc980-abf3-49f8-a735-92c402be0cbe","6d858026-d70a-4441-8837-01f8d972cb26","6c50f852-d8c7-4ef9-a26a-c9d292ef9108","39f2e54f-3480-424d-9611-a9b9097314a9"]' (Size = 4000)], CommandType='"Text"', CommandTimeout='30']
SELECT [b].[Id], [b].[AuthorId], [b].[CategoryId], [b].[CoverImageUrl], [b].[CreatedAtUtc], [b].[Description], [b].[ISBN], [b].[IsDeleted], [b].[Price], [b].[PublicationYear], [b].[Publisher], [b].[StockQuantity], [b].[Title], [b].[UpdatedAtUtc], [a].[Id], [a].[Biography], [a].[CreatedAtUtc], [a].[Name], [a].[UpdatedAtUtc]
FROM [Books] AS [b]
LEFT JOIN [Authors] AS [a] ON [b].[AuthorId] = [a].[Id]
WHERE [b].[IsDeleted] = CAST(0 AS bit) AND [b].[Id] IN (
    SELECT [b0].[value]
    FROM OPENJSON(@__bestsellerBookIds_0) WITH ([value] uniqueidentifier '$') AS [b0]
) AND [b].[IsDeleted] = CAST(0 AS bit)
2025-06-11 11:39:57.575 +07:00 [INF] (Bookstore.Application.Services.DashboardService) Fetched 5 bestselling books.
2025-06-11 11:39:57.580 +07:00 [INF] (Microsoft.EntityFrameworkCore.Database.Command) Executed DbCommand (3ms) [Parameters=[@__currentDate_0='2025-06-11T04:39:57.5770010Z', @__currentDate_1='2025-06-11T04:39:57.5770010Z' (Nullable = true)], CommandType='"Text"', CommandTimeout='30']
SELECT [p].[Id], [p].[Code], [p].[CreatedAtUtc], [p].[CurrentUsage], [p].[Description], [p].[DiscountAmount], [p].[DiscountPercentage], [p].[EndDate], [p].[IsActive], [p].[MaxUsage], [p].[StartDate], [p].[UpdatedAtUtc]
FROM [Promotions] AS [p]
WHERE [p].[IsActive] = CAST(1 AS bit) AND [p].[StartDate] <= @__currentDate_0 AND ([p].[EndDate] IS NULL OR [p].[EndDate] >= @__currentDate_1) AND ([p].[MaxUsage] IS NULL OR [p].[CurrentUsage] < [p].[MaxUsage])
ORDER BY [p].[EndDate]
2025-06-11 11:39:57.586 +07:00 [INF] (Microsoft.EntityFrameworkCore.Database.Command) Executed DbCommand (2ms) [Parameters=[], CommandType='"Text"', CommandTimeout='30']
SELECT [c].[Id], [c].[CreatedAtUtc], [c].[Description], [c].[IsDeleted], [c].[Name], [c].[ParentCategoryId], [c].[UpdatedAtUtc]
FROM [Categories] AS [c]
WHERE [c].[IsDeleted] = CAST(0 AS bit) AND [c].[ParentCategoryId] IS NULL AND [c].[IsDeleted] = CAST(0 AS bit)
ORDER BY [c].[Name]
2025-06-11 11:39:57.591 +07:00 [INF] (Bookstore.Application.Services.DashboardService) Successfully fetched home dashboard data.
2025-06-11 11:40:02.610 +07:00 [INF] (Microsoft.EntityFrameworkCore.Database.Command) Executed DbCommand (6ms) [Parameters=[@__searchTerm_0_contains='%cle%' (Size = 4000), @__p_1='0', @__p_2='20'], CommandType='"Text"', CommandTimeout='30']
SELECT [s].[Id], [s].[AuthorId], [s].[CategoryId], [s].[CoverImageUrl], [s].[CreatedAtUtc], [s].[Description], [s].[ISBN], [s].[IsDeleted], [s].[Price], [s].[PublicationYear], [s].[Publisher], [s].[StockQuantity], [s].[Title], [s].[UpdatedAtUtc], [s].[Id0], [s].[Biography], [s].[CreatedAtUtc0], [s].[Name], [s].[UpdatedAtUtc0], [c0].[Id], [c0].[CreatedAtUtc], [c0].[Description], [c0].[IsDeleted], [c0].[Name], [c0].[ParentCategoryId], [c0].[UpdatedAtUtc]
FROM (
    SELECT [b].[Id], [b].[AuthorId], [b].[CategoryId], [b].[CoverImageUrl], [b].[CreatedAtUtc], [b].[Description], [b].[ISBN], [b].[IsDeleted], [b].[Price], [b].[PublicationYear], [b].[Publisher], [b].[StockQuantity], [b].[Title], [b].[UpdatedAtUtc], [a].[Id] AS [Id0], [a].[Biography], [a].[CreatedAtUtc] AS [CreatedAtUtc0], [a].[Name], [a].[UpdatedAtUtc] AS [UpdatedAtUtc0]
    FROM [Books] AS [b]
    LEFT JOIN [Authors] AS [a] ON [b].[AuthorId] = [a].[Id]
    WHERE [b].[IsDeleted] = CAST(0 AS bit) AND (LOWER([b].[Title]) LIKE @__searchTerm_0_contains ESCAPE N'\' OR ([a].[Id] IS NOT NULL AND [a].[Name] IS NOT NULL AND LOWER([a].[Name]) LIKE @__searchTerm_0_contains ESCAPE N'\') OR ([b].[ISBN] IS NOT NULL AND LOWER([b].[ISBN]) LIKE @__searchTerm_0_contains ESCAPE N'\'))
    ORDER BY [b].[CreatedAtUtc] DESC
    OFFSET @__p_1 ROWS FETCH NEXT @__p_2 ROWS ONLY
) AS [s]
INNER JOIN (
    SELECT [c].[Id], [c].[CreatedAtUtc], [c].[Description], [c].[IsDeleted], [c].[Name], [c].[ParentCategoryId], [c].[UpdatedAtUtc]
    FROM [Categories] AS [c]
    WHERE [c].[IsDeleted] = CAST(0 AS bit)
) AS [c0] ON [s].[CategoryId] = [c0].[Id]
ORDER BY [s].[CreatedAtUtc] DESC
2025-06-11 11:40:03.996 +07:00 [INF] (Microsoft.EntityFrameworkCore.Database.Command) Executed DbCommand (3ms) [Parameters=[@__id_0='c191919e-e763-4e03-9e2b-24d944f4d401'], CommandType='"Text"', CommandTimeout='30']
SELECT [b].[Id], [b].[AuthorId], [b].[CategoryId], [b].[CoverImageUrl], [b].[CreatedAtUtc], [b].[Description], [b].[ISBN], [b].[IsDeleted], [b].[Price], [b].[PublicationYear], [b].[Publisher], [b].[StockQuantity], [b].[Title], [b].[UpdatedAtUtc], [a].[Id], [a].[Biography], [a].[CreatedAtUtc], [a].[Name], [a].[UpdatedAtUtc], [c0].[Id], [c0].[CreatedAtUtc], [c0].[Description], [c0].[IsDeleted], [c0].[Name], [c0].[ParentCategoryId], [c0].[UpdatedAtUtc]
FROM [Books] AS [b]
LEFT JOIN [Authors] AS [a] ON [b].[AuthorId] = [a].[Id]
INNER JOIN (
    SELECT [c].[Id], [c].[CreatedAtUtc], [c].[Description], [c].[IsDeleted], [c].[Name], [c].[ParentCategoryId], [c].[UpdatedAtUtc]
    FROM [Categories] AS [c]
    WHERE [c].[IsDeleted] = CAST(0 AS bit)
) AS [c0] ON [b].[CategoryId] = [c0].[Id]
WHERE [b].[IsDeleted] = CAST(0 AS bit) AND [b].[Id] = @__id_0
2025-06-11 11:40:04.071 +07:00 [INF] (Microsoft.EntityFrameworkCore.Database.Command) Executed DbCommand (4ms) [Parameters=[@__bookId_0='c191919e-e763-4e03-9e2b-24d944f4d401', @__p_1='0', @__p_2='5'], CommandType='"Text"', CommandTimeout='30']
SELECT [r0].[Id], [r0].[BookId], [r0].[Comment], [r0].[CreatedAtUtc], [r0].[IsApproved], [r0].[Rating], [r0].[UpdatedAtUtc], [r0].[UserId], [u].[Id], [u].[CreatedAtUtc], [u].[Email], [u].[FirstName], [u].[IsActive], [u].[LastName], [u].[PasswordHash], [u].[PhoneNumber], [u].[UpdatedAtUtc], [u].[UserName]
FROM (
    SELECT [r].[Id], [r].[BookId], [r].[Comment], [r].[CreatedAtUtc], [r].[IsApproved], [r].[Rating], [r].[UpdatedAtUtc], [r].[UserId]
    FROM [Review] AS [r]
    WHERE [r].[BookId] = @__bookId_0 AND [r].[IsApproved] = CAST(1 AS bit)
    ORDER BY [r].[CreatedAtUtc] DESC
    OFFSET @__p_1 ROWS FETCH NEXT @__p_2 ROWS ONLY
) AS [r0]
INNER JOIN [Users] AS [u] ON [r0].[UserId] = [u].[Id]
ORDER BY [r0].[CreatedAtUtc] DESC
2025-06-11 11:40:04.106 +07:00 [INF] (Microsoft.EntityFrameworkCore.Database.Command) Executed DbCommand (7ms) [Parameters=[@__userId_0='d056f899-1ad8-4005-a514-f6559c21df35'], CommandType='"Text"', CommandTimeout='30']
SELECT [w].[Id], [w].[BookId], [w].[CreatedAtUtc], [w].[UserId], [b0].[Id], [b0].[AuthorId], [b0].[CategoryId], [b0].[CoverImageUrl], [b0].[CreatedAtUtc], [b0].[Description], [b0].[ISBN], [b0].[IsDeleted], [b0].[Price], [b0].[PublicationYear], [b0].[Publisher], [b0].[StockQuantity], [b0].[Title], [b0].[UpdatedAtUtc], [a].[Id], [a].[Biography], [a].[CreatedAtUtc], [a].[Name], [a].[UpdatedAtUtc]
FROM [WishlistItems] AS [w]
INNER JOIN (
    SELECT [b].[Id], [b].[AuthorId], [b].[CategoryId], [b].[CoverImageUrl], [b].[CreatedAtUtc], [b].[Description], [b].[ISBN], [b].[IsDeleted], [b].[Price], [b].[PublicationYear], [b].[Publisher], [b].[StockQuantity], [b].[Title], [b].[UpdatedAtUtc]
    FROM [Books] AS [b]
    WHERE [b].[IsDeleted] = CAST(0 AS bit)
) AS [b0] ON [w].[BookId] = [b0].[Id]
LEFT JOIN [Authors] AS [a] ON [b0].[AuthorId] = [a].[Id]
WHERE [w].[UserId] = @__userId_0 AND [b0].[IsDeleted] = CAST(0 AS bit)
ORDER BY [w].[CreatedAtUtc] DESC
2025-06-11 11:40:05.121 +07:00 [INF] (Microsoft.EntityFrameworkCore.Database.Command) Executed DbCommand (1ms) [Parameters=[@__searchTerm_0_contains='%cle%' (Size = 4000), @__p_1='0', @__p_2='20'], CommandType='"Text"', CommandTimeout='30']
SELECT [s].[Id], [s].[AuthorId], [s].[CategoryId], [s].[CoverImageUrl], [s].[CreatedAtUtc], [s].[Description], [s].[ISBN], [s].[IsDeleted], [s].[Price], [s].[PublicationYear], [s].[Publisher], [s].[StockQuantity], [s].[Title], [s].[UpdatedAtUtc], [s].[Id0], [s].[Biography], [s].[CreatedAtUtc0], [s].[Name], [s].[UpdatedAtUtc0], [c0].[Id], [c0].[CreatedAtUtc], [c0].[Description], [c0].[IsDeleted], [c0].[Name], [c0].[ParentCategoryId], [c0].[UpdatedAtUtc]
FROM (
    SELECT [b].[Id], [b].[AuthorId], [b].[CategoryId], [b].[CoverImageUrl], [b].[CreatedAtUtc], [b].[Description], [b].[ISBN], [b].[IsDeleted], [b].[Price], [b].[PublicationYear], [b].[Publisher], [b].[StockQuantity], [b].[Title], [b].[UpdatedAtUtc], [a].[Id] AS [Id0], [a].[Biography], [a].[CreatedAtUtc] AS [CreatedAtUtc0], [a].[Name], [a].[UpdatedAtUtc] AS [UpdatedAtUtc0]
    FROM [Books] AS [b]
    LEFT JOIN [Authors] AS [a] ON [b].[AuthorId] = [a].[Id]
    WHERE [b].[IsDeleted] = CAST(0 AS bit) AND (LOWER([b].[Title]) LIKE @__searchTerm_0_contains ESCAPE N'\' OR ([a].[Id] IS NOT NULL AND [a].[Name] IS NOT NULL AND LOWER([a].[Name]) LIKE @__searchTerm_0_contains ESCAPE N'\') OR ([b].[ISBN] IS NOT NULL AND LOWER([b].[ISBN]) LIKE @__searchTerm_0_contains ESCAPE N'\'))
    ORDER BY [b].[CreatedAtUtc] DESC
    OFFSET @__p_1 ROWS FETCH NEXT @__p_2 ROWS ONLY
) AS [s]
INNER JOIN (
    SELECT [c].[Id], [c].[CreatedAtUtc], [c].[Description], [c].[IsDeleted], [c].[Name], [c].[ParentCategoryId], [c].[UpdatedAtUtc]
    FROM [Categories] AS [c]
    WHERE [c].[IsDeleted] = CAST(0 AS bit)
) AS [c0] ON [s].[CategoryId] = [c0].[Id]
ORDER BY [s].[CreatedAtUtc] DESC
2025-06-11 11:40:05.980 +07:00 [INF] (Microsoft.EntityFrameworkCore.Database.Command) Executed DbCommand (1ms) [Parameters=[@__id_0='6d858026-d70a-4441-8837-01f8d972cb26'], CommandType='"Text"', CommandTimeout='30']
SELECT [b].[Id], [b].[AuthorId], [b].[CategoryId], [b].[CoverImageUrl], [b].[CreatedAtUtc], [b].[Description], [b].[ISBN], [b].[IsDeleted], [b].[Price], [b].[PublicationYear], [b].[Publisher], [b].[StockQuantity], [b].[Title], [b].[UpdatedAtUtc], [a].[Id], [a].[Biography], [a].[CreatedAtUtc], [a].[Name], [a].[UpdatedAtUtc], [c0].[Id], [c0].[CreatedAtUtc], [c0].[Description], [c0].[IsDeleted], [c0].[Name], [c0].[ParentCategoryId], [c0].[UpdatedAtUtc]
FROM [Books] AS [b]
LEFT JOIN [Authors] AS [a] ON [b].[AuthorId] = [a].[Id]
INNER JOIN (
    SELECT [c].[Id], [c].[CreatedAtUtc], [c].[Description], [c].[IsDeleted], [c].[Name], [c].[ParentCategoryId], [c].[UpdatedAtUtc]
    FROM [Categories] AS [c]
    WHERE [c].[IsDeleted] = CAST(0 AS bit)
) AS [c0] ON [b].[CategoryId] = [c0].[Id]
WHERE [b].[IsDeleted] = CAST(0 AS bit) AND [b].[Id] = @__id_0
2025-06-11 11:40:06.064 +07:00 [INF] (Microsoft.EntityFrameworkCore.Database.Command) Executed DbCommand (1ms) [Parameters=[@__bookId_0='6d858026-d70a-4441-8837-01f8d972cb26', @__p_1='0', @__p_2='5'], CommandType='"Text"', CommandTimeout='30']
SELECT [r0].[Id], [r0].[BookId], [r0].[Comment], [r0].[CreatedAtUtc], [r0].[IsApproved], [r0].[Rating], [r0].[UpdatedAtUtc], [r0].[UserId], [u].[Id], [u].[CreatedAtUtc], [u].[Email], [u].[FirstName], [u].[IsActive], [u].[LastName], [u].[PasswordHash], [u].[PhoneNumber], [u].[UpdatedAtUtc], [u].[UserName]
FROM (
    SELECT [r].[Id], [r].[BookId], [r].[Comment], [r].[CreatedAtUtc], [r].[IsApproved], [r].[Rating], [r].[UpdatedAtUtc], [r].[UserId]
    FROM [Review] AS [r]
    WHERE [r].[BookId] = @__bookId_0 AND [r].[IsApproved] = CAST(1 AS bit)
    ORDER BY [r].[CreatedAtUtc] DESC
    OFFSET @__p_1 ROWS FETCH NEXT @__p_2 ROWS ONLY
) AS [r0]
INNER JOIN [Users] AS [u] ON [r0].[UserId] = [u].[Id]
ORDER BY [r0].[CreatedAtUtc] DESC
2025-06-11 11:40:06.103 +07:00 [INF] (Microsoft.EntityFrameworkCore.Database.Command) Executed DbCommand (1ms) [Parameters=[@__userId_0='d056f899-1ad8-4005-a514-f6559c21df35'], CommandType='"Text"', CommandTimeout='30']
SELECT [w].[Id], [w].[BookId], [w].[CreatedAtUtc], [w].[UserId], [b0].[Id], [b0].[AuthorId], [b0].[CategoryId], [b0].[CoverImageUrl], [b0].[CreatedAtUtc], [b0].[Description], [b0].[ISBN], [b0].[IsDeleted], [b0].[Price], [b0].[PublicationYear], [b0].[Publisher], [b0].[StockQuantity], [b0].[Title], [b0].[UpdatedAtUtc], [a].[Id], [a].[Biography], [a].[CreatedAtUtc], [a].[Name], [a].[UpdatedAtUtc]
FROM [WishlistItems] AS [w]
INNER JOIN (
    SELECT [b].[Id], [b].[AuthorId], [b].[CategoryId], [b].[CoverImageUrl], [b].[CreatedAtUtc], [b].[Description], [b].[ISBN], [b].[IsDeleted], [b].[Price], [b].[PublicationYear], [b].[Publisher], [b].[StockQuantity], [b].[Title], [b].[UpdatedAtUtc]
    FROM [Books] AS [b]
    WHERE [b].[IsDeleted] = CAST(0 AS bit)
) AS [b0] ON [w].[BookId] = [b0].[Id]
LEFT JOIN [Authors] AS [a] ON [b0].[AuthorId] = [a].[Id]
WHERE [w].[UserId] = @__userId_0 AND [b0].[IsDeleted] = CAST(0 AS bit)
ORDER BY [w].[CreatedAtUtc] DESC
2025-06-11 11:40:06.846 +07:00 [INF] (Microsoft.EntityFrameworkCore.Database.Command) Executed DbCommand (1ms) [Parameters=[@__searchTerm_0_contains='%cle%' (Size = 4000), @__p_1='0', @__p_2='20'], CommandType='"Text"', CommandTimeout='30']
SELECT [s].[Id], [s].[AuthorId], [s].[CategoryId], [s].[CoverImageUrl], [s].[CreatedAtUtc], [s].[Description], [s].[ISBN], [s].[IsDeleted], [s].[Price], [s].[PublicationYear], [s].[Publisher], [s].[StockQuantity], [s].[Title], [s].[UpdatedAtUtc], [s].[Id0], [s].[Biography], [s].[CreatedAtUtc0], [s].[Name], [s].[UpdatedAtUtc0], [c0].[Id], [c0].[CreatedAtUtc], [c0].[Description], [c0].[IsDeleted], [c0].[Name], [c0].[ParentCategoryId], [c0].[UpdatedAtUtc]
FROM (
    SELECT [b].[Id], [b].[AuthorId], [b].[CategoryId], [b].[CoverImageUrl], [b].[CreatedAtUtc], [b].[Description], [b].[ISBN], [b].[IsDeleted], [b].[Price], [b].[PublicationYear], [b].[Publisher], [b].[StockQuantity], [b].[Title], [b].[UpdatedAtUtc], [a].[Id] AS [Id0], [a].[Biography], [a].[CreatedAtUtc] AS [CreatedAtUtc0], [a].[Name], [a].[UpdatedAtUtc] AS [UpdatedAtUtc0]
    FROM [Books] AS [b]
    LEFT JOIN [Authors] AS [a] ON [b].[AuthorId] = [a].[Id]
    WHERE [b].[IsDeleted] = CAST(0 AS bit) AND (LOWER([b].[Title]) LIKE @__searchTerm_0_contains ESCAPE N'\' OR ([a].[Id] IS NOT NULL AND [a].[Name] IS NOT NULL AND LOWER([a].[Name]) LIKE @__searchTerm_0_contains ESCAPE N'\') OR ([b].[ISBN] IS NOT NULL AND LOWER([b].[ISBN]) LIKE @__searchTerm_0_contains ESCAPE N'\'))
    ORDER BY [b].[CreatedAtUtc] DESC
    OFFSET @__p_1 ROWS FETCH NEXT @__p_2 ROWS ONLY
) AS [s]
INNER JOIN (
    SELECT [c].[Id], [c].[CreatedAtUtc], [c].[Description], [c].[IsDeleted], [c].[Name], [c].[ParentCategoryId], [c].[UpdatedAtUtc]
    FROM [Categories] AS [c]
    WHERE [c].[IsDeleted] = CAST(0 AS bit)
) AS [c0] ON [s].[CategoryId] = [c0].[Id]
ORDER BY [s].[CreatedAtUtc] DESC
2025-06-11 11:40:08.095 +07:00 [INF] (Microsoft.EntityFrameworkCore.Database.Command) Executed DbCommand (1ms) [Parameters=[@__id_0='5d8fc980-abf3-49f8-a735-92c402be0cbe'], CommandType='"Text"', CommandTimeout='30']
SELECT [b].[Id], [b].[AuthorId], [b].[CategoryId], [b].[CoverImageUrl], [b].[CreatedAtUtc], [b].[Description], [b].[ISBN], [b].[IsDeleted], [b].[Price], [b].[PublicationYear], [b].[Publisher], [b].[StockQuantity], [b].[Title], [b].[UpdatedAtUtc], [a].[Id], [a].[Biography], [a].[CreatedAtUtc], [a].[Name], [a].[UpdatedAtUtc], [c0].[Id], [c0].[CreatedAtUtc], [c0].[Description], [c0].[IsDeleted], [c0].[Name], [c0].[ParentCategoryId], [c0].[UpdatedAtUtc]
FROM [Books] AS [b]
LEFT JOIN [Authors] AS [a] ON [b].[AuthorId] = [a].[Id]
INNER JOIN (
    SELECT [c].[Id], [c].[CreatedAtUtc], [c].[Description], [c].[IsDeleted], [c].[Name], [c].[ParentCategoryId], [c].[UpdatedAtUtc]
    FROM [Categories] AS [c]
    WHERE [c].[IsDeleted] = CAST(0 AS bit)
) AS [c0] ON [b].[CategoryId] = [c0].[Id]
WHERE [b].[IsDeleted] = CAST(0 AS bit) AND [b].[Id] = @__id_0
2025-06-11 11:40:08.165 +07:00 [INF] (Microsoft.EntityFrameworkCore.Database.Command) Executed DbCommand (1ms) [Parameters=[@__bookId_0='5d8fc980-abf3-49f8-a735-92c402be0cbe', @__p_1='0', @__p_2='5'], CommandType='"Text"', CommandTimeout='30']
SELECT [r0].[Id], [r0].[BookId], [r0].[Comment], [r0].[CreatedAtUtc], [r0].[IsApproved], [r0].[Rating], [r0].[UpdatedAtUtc], [r0].[UserId], [u].[Id], [u].[CreatedAtUtc], [u].[Email], [u].[FirstName], [u].[IsActive], [u].[LastName], [u].[PasswordHash], [u].[PhoneNumber], [u].[UpdatedAtUtc], [u].[UserName]
FROM (
    SELECT [r].[Id], [r].[BookId], [r].[Comment], [r].[CreatedAtUtc], [r].[IsApproved], [r].[Rating], [r].[UpdatedAtUtc], [r].[UserId]
    FROM [Review] AS [r]
    WHERE [r].[BookId] = @__bookId_0 AND [r].[IsApproved] = CAST(1 AS bit)
    ORDER BY [r].[CreatedAtUtc] DESC
    OFFSET @__p_1 ROWS FETCH NEXT @__p_2 ROWS ONLY
) AS [r0]
INNER JOIN [Users] AS [u] ON [r0].[UserId] = [u].[Id]
ORDER BY [r0].[CreatedAtUtc] DESC
2025-06-11 11:40:08.185 +07:00 [INF] (Microsoft.EntityFrameworkCore.Database.Command) Executed DbCommand (1ms) [Parameters=[@__userId_0='d056f899-1ad8-4005-a514-f6559c21df35'], CommandType='"Text"', CommandTimeout='30']
SELECT [w].[Id], [w].[BookId], [w].[CreatedAtUtc], [w].[UserId], [b0].[Id], [b0].[AuthorId], [b0].[CategoryId], [b0].[CoverImageUrl], [b0].[CreatedAtUtc], [b0].[Description], [b0].[ISBN], [b0].[IsDeleted], [b0].[Price], [b0].[PublicationYear], [b0].[Publisher], [b0].[StockQuantity], [b0].[Title], [b0].[UpdatedAtUtc], [a].[Id], [a].[Biography], [a].[CreatedAtUtc], [a].[Name], [a].[UpdatedAtUtc]
FROM [WishlistItems] AS [w]
INNER JOIN (
    SELECT [b].[Id], [b].[AuthorId], [b].[CategoryId], [b].[CoverImageUrl], [b].[CreatedAtUtc], [b].[Description], [b].[ISBN], [b].[IsDeleted], [b].[Price], [b].[PublicationYear], [b].[Publisher], [b].[StockQuantity], [b].[Title], [b].[UpdatedAtUtc]
    FROM [Books] AS [b]
    WHERE [b].[IsDeleted] = CAST(0 AS bit)
) AS [b0] ON [w].[BookId] = [b0].[Id]
LEFT JOIN [Authors] AS [a] ON [b0].[AuthorId] = [a].[Id]
WHERE [w].[UserId] = @__userId_0 AND [b0].[IsDeleted] = CAST(0 AS bit)
ORDER BY [w].[CreatedAtUtc] DESC
2025-06-11 11:40:09.689 +07:00 [INF] (Microsoft.EntityFrameworkCore.Database.Command) Executed DbCommand (1ms) [Parameters=[@__searchTerm_0_contains='%cle%' (Size = 4000), @__p_1='0', @__p_2='20'], CommandType='"Text"', CommandTimeout='30']
SELECT [s].[Id], [s].[AuthorId], [s].[CategoryId], [s].[CoverImageUrl], [s].[CreatedAtUtc], [s].[Description], [s].[ISBN], [s].[IsDeleted], [s].[Price], [s].[PublicationYear], [s].[Publisher], [s].[StockQuantity], [s].[Title], [s].[UpdatedAtUtc], [s].[Id0], [s].[Biography], [s].[CreatedAtUtc0], [s].[Name], [s].[UpdatedAtUtc0], [c0].[Id], [c0].[CreatedAtUtc], [c0].[Description], [c0].[IsDeleted], [c0].[Name], [c0].[ParentCategoryId], [c0].[UpdatedAtUtc]
FROM (
    SELECT [b].[Id], [b].[AuthorId], [b].[CategoryId], [b].[CoverImageUrl], [b].[CreatedAtUtc], [b].[Description], [b].[ISBN], [b].[IsDeleted], [b].[Price], [b].[PublicationYear], [b].[Publisher], [b].[StockQuantity], [b].[Title], [b].[UpdatedAtUtc], [a].[Id] AS [Id0], [a].[Biography], [a].[CreatedAtUtc] AS [CreatedAtUtc0], [a].[Name], [a].[UpdatedAtUtc] AS [UpdatedAtUtc0]
    FROM [Books] AS [b]
    LEFT JOIN [Authors] AS [a] ON [b].[AuthorId] = [a].[Id]
    WHERE [b].[IsDeleted] = CAST(0 AS bit) AND (LOWER([b].[Title]) LIKE @__searchTerm_0_contains ESCAPE N'\' OR ([a].[Id] IS NOT NULL AND [a].[Name] IS NOT NULL AND LOWER([a].[Name]) LIKE @__searchTerm_0_contains ESCAPE N'\') OR ([b].[ISBN] IS NOT NULL AND LOWER([b].[ISBN]) LIKE @__searchTerm_0_contains ESCAPE N'\'))
    ORDER BY [b].[CreatedAtUtc] DESC
    OFFSET @__p_1 ROWS FETCH NEXT @__p_2 ROWS ONLY
) AS [s]
INNER JOIN (
    SELECT [c].[Id], [c].[CreatedAtUtc], [c].[Description], [c].[IsDeleted], [c].[Name], [c].[ParentCategoryId], [c].[UpdatedAtUtc]
    FROM [Categories] AS [c]
    WHERE [c].[IsDeleted] = CAST(0 AS bit)
) AS [c0] ON [s].[CategoryId] = [c0].[Id]
ORDER BY [s].[CreatedAtUtc] DESC
2025-06-11 11:40:21.947 +07:00 [INF] (Microsoft.EntityFrameworkCore.Database.Command) Executed DbCommand (2ms) [Parameters=[@__p_0='da2a34a1-f94b-4610-818a-8b1d0564f01b' (Nullable = true)], CommandType='"Text"', CommandTimeout='30']
SELECT TOP(1) [c].[Id], [c].[CreatedAtUtc], [c].[Description], [c].[IsDeleted], [c].[Name], [c].[ParentCategoryId], [c].[UpdatedAtUtc]
FROM [Categories] AS [c]
WHERE [c].[IsDeleted] = CAST(0 AS bit) AND [c].[Id] = @__p_0
2025-06-11 11:40:21.948 +07:00 [INF] (Microsoft.EntityFrameworkCore.Database.Command) Executed DbCommand (5ms) [Parameters=[@__catId_0='da2a34a1-f94b-4610-818a-8b1d0564f01b', @__p_1='0', @__p_2='20'], CommandType='"Text"', CommandTimeout='30']
SELECT [b0].[Id], [b0].[AuthorId], [b0].[CategoryId], [b0].[CoverImageUrl], [b0].[CreatedAtUtc], [b0].[Description], [b0].[ISBN], [b0].[IsDeleted], [b0].[Price], [b0].[PublicationYear], [b0].[Publisher], [b0].[StockQuantity], [b0].[Title], [b0].[UpdatedAtUtc], [a].[Id], [a].[Biography], [a].[CreatedAtUtc], [a].[Name], [a].[UpdatedAtUtc], [c0].[Id], [c0].[CreatedAtUtc], [c0].[Description], [c0].[IsDeleted], [c0].[Name], [c0].[ParentCategoryId], [c0].[UpdatedAtUtc]
FROM (
    SELECT [b].[Id], [b].[AuthorId], [b].[CategoryId], [b].[CoverImageUrl], [b].[CreatedAtUtc], [b].[Description], [b].[ISBN], [b].[IsDeleted], [b].[Price], [b].[PublicationYear], [b].[Publisher], [b].[StockQuantity], [b].[Title], [b].[UpdatedAtUtc]
    FROM [Books] AS [b]
    WHERE [b].[IsDeleted] = CAST(0 AS bit) AND [b].[CategoryId] = @__catId_0
    ORDER BY [b].[CreatedAtUtc] DESC
    OFFSET @__p_1 ROWS FETCH NEXT @__p_2 ROWS ONLY
) AS [b0]
LEFT JOIN [Authors] AS [a] ON [b0].[AuthorId] = [a].[Id]
INNER JOIN (
    SELECT [c].[Id], [c].[CreatedAtUtc], [c].[Description], [c].[IsDeleted], [c].[Name], [c].[ParentCategoryId], [c].[UpdatedAtUtc]
    FROM [Categories] AS [c]
    WHERE [c].[IsDeleted] = CAST(0 AS bit)
) AS [c0] ON [b0].[CategoryId] = [c0].[Id]
ORDER BY [b0].[CreatedAtUtc] DESC
2025-06-11 11:40:30.141 +07:00 [INF] (Microsoft.EntityFrameworkCore.Database.Command) Executed DbCommand (5ms) [Parameters=[@__email_0='Admin' (Size = 450)], CommandType='"Text"', CommandTimeout='30']
SELECT [u1].[Id], [u1].[CreatedAtUtc], [u1].[Email], [u1].[FirstName], [u1].[IsActive], [u1].[LastName], [u1].[PasswordHash], [u1].[PhoneNumber], [u1].[UpdatedAtUtc], [u1].[UserName], [s].[UserId], [s].[RoleId], [s].[Id], [s].[CreatedAtUtc], [s].[Name], [s].[UpdatedAtUtc]
FROM (
    SELECT TOP(1) [u].[Id], [u].[CreatedAtUtc], [u].[Email], [u].[FirstName], [u].[IsActive], [u].[LastName], [u].[PasswordHash], [u].[PhoneNumber], [u].[UpdatedAtUtc], [u].[UserName]
    FROM [Users] AS [u]
    WHERE [u].[Email] = @__email_0
) AS [u1]
LEFT JOIN (
    SELECT [u0].[UserId], [u0].[RoleId], [r].[Id], [r].[CreatedAtUtc], [r].[Name], [r].[UpdatedAtUtc]
    FROM [UserRoles] AS [u0]
    INNER JOIN [Roles] AS [r] ON [u0].[RoleId] = [r].[Id]
) AS [s] ON [u1].[Id] = [s].[UserId]
ORDER BY [u1].[Id], [s].[UserId], [s].[RoleId]
2025-06-11 11:40:30.150 +07:00 [INF] (Microsoft.EntityFrameworkCore.Database.Command) Executed DbCommand (4ms) [Parameters=[@__username_0='Admin' (Size = 450)], CommandType='"Text"', CommandTimeout='30']
SELECT [u1].[Id], [u1].[CreatedAtUtc], [u1].[Email], [u1].[FirstName], [u1].[IsActive], [u1].[LastName], [u1].[PasswordHash], [u1].[PhoneNumber], [u1].[UpdatedAtUtc], [u1].[UserName], [s].[UserId], [s].[RoleId], [s].[Id], [s].[CreatedAtUtc], [s].[Name], [s].[UpdatedAtUtc]
FROM (
    SELECT TOP(1) [u].[Id], [u].[CreatedAtUtc], [u].[Email], [u].[FirstName], [u].[IsActive], [u].[LastName], [u].[PasswordHash], [u].[PhoneNumber], [u].[UpdatedAtUtc], [u].[UserName]
    FROM [Users] AS [u]
    WHERE [u].[UserName] = @__username_0
) AS [u1]
LEFT JOIN (
    SELECT [u0].[UserId], [u0].[RoleId], [r].[Id], [r].[CreatedAtUtc], [r].[Name], [r].[UpdatedAtUtc]
    FROM [UserRoles] AS [u0]
    INNER JOIN [Roles] AS [r] ON [u0].[RoleId] = [r].[Id]
) AS [s] ON [u1].[Id] = [s].[UserId]
ORDER BY [u1].[Id], [s].[UserId], [s].[RoleId]
2025-06-11 11:40:30.415 +07:00 [INF] (Microsoft.EntityFrameworkCore.Database.Command) Executed DbCommand (2ms) [Parameters=[@__userId_0='f54527eb-f806-40db-bf76-c7b0e5fa6d39'], CommandType='"Text"', CommandTimeout='30']
SELECT [r].[Name]
FROM [UserRoles] AS [u]
INNER JOIN [Roles] AS [r] ON [u].[RoleId] = [r].[Id]
WHERE [u].[UserId] = @__userId_0
2025-06-11 11:40:30.487 +07:00 [INF] (Bookstore.Application.Services.DashboardService) Fetching home dashboard data.
2025-06-11 11:40:30.489 +07:00 [INF] (Microsoft.EntityFrameworkCore.Database.Command) Executed DbCommand (0ms) [Parameters=[], CommandType='"Text"', CommandTimeout='30']
SELECT [b].[Id], [b].[AuthorId], [b].[CategoryId], [b].[CoverImageUrl], [b].[CreatedAtUtc], [b].[Description], [b].[ISBN], [b].[IsDeleted], [b].[Price], [b].[PublicationYear], [b].[Publisher], [b].[StockQuantity], [b].[Title], [b].[UpdatedAtUtc], [a].[Id], [a].[Biography], [a].[CreatedAtUtc], [a].[Name], [a].[UpdatedAtUtc]
FROM [Books] AS [b]
LEFT JOIN [Authors] AS [a] ON [b].[AuthorId] = [a].[Id]
WHERE [b].[IsDeleted] = CAST(0 AS bit)
ORDER BY [b].[CreatedAtUtc] DESC
2025-06-11 11:40:30.492 +07:00 [INF] (Bookstore.Application.Services.DashboardService) Fetched 10 newest books.
2025-06-11 11:40:30.494 +07:00 [INF] (Microsoft.EntityFrameworkCore.Database.Command) Executed DbCommand (1ms) [Parameters=[@__p_2='5', @__inclusiveStartDate_0='2025-05-12T00:00:00.0000000Z', @__inclusiveEndDate_1='2025-06-12T00:00:00.0000000Z'], CommandType='"Text"', CommandTimeout='30']
SELECT [s].[BookId], [b2].[Title] AS [BookTitle], [s].[TotalQuantitySold]
FROM (
    SELECT TOP(@__p_2) [o].[BookId], COALESCE(SUM([o].[Quantity]), 0) AS [TotalQuantitySold]
    FROM [OrderDetails] AS [o]
    INNER JOIN [Orders] AS [o0] ON [o].[OrderId] = [o0].[Id]
    INNER JOIN (
        SELECT [b].[Id], [b].[IsDeleted]
        FROM [Books] AS [b]
        WHERE [b].[IsDeleted] = CAST(0 AS bit)
    ) AS [b0] ON [o].[BookId] = [b0].[Id]
    WHERE [o0].[Status] = CAST(3 AS tinyint) AND [o0].[OrderDate] >= @__inclusiveStartDate_0 AND [o0].[OrderDate] < @__inclusiveEndDate_1 AND [b0].[IsDeleted] = CAST(0 AS bit)
    GROUP BY [o].[BookId]
    ORDER BY COALESCE(SUM([o].[Quantity]), 0) DESC
) AS [s]
INNER JOIN (
    SELECT [b1].[Id], [b1].[Title]
    FROM [Books] AS [b1]
    WHERE [b1].[IsDeleted] = CAST(0 AS bit)
) AS [b2] ON [s].[BookId] = [b2].[Id]
ORDER BY [s].[TotalQuantitySold] DESC
2025-06-11 11:40:30.498 +07:00 [INF] (Microsoft.EntityFrameworkCore.Database.Command) Executed DbCommand (1ms) [Parameters=[@__bestsellerBookIds_0='["c191919e-e763-4e03-9e2b-24d944f4d401","5d8fc980-abf3-49f8-a735-92c402be0cbe","6d858026-d70a-4441-8837-01f8d972cb26","6c50f852-d8c7-4ef9-a26a-c9d292ef9108","39f2e54f-3480-424d-9611-a9b9097314a9"]' (Size = 4000)], CommandType='"Text"', CommandTimeout='30']
SELECT [b].[Id], [b].[AuthorId], [b].[CategoryId], [b].[CoverImageUrl], [b].[CreatedAtUtc], [b].[Description], [b].[ISBN], [b].[IsDeleted], [b].[Price], [b].[PublicationYear], [b].[Publisher], [b].[StockQuantity], [b].[Title], [b].[UpdatedAtUtc], [a].[Id], [a].[Biography], [a].[CreatedAtUtc], [a].[Name], [a].[UpdatedAtUtc]
FROM [Books] AS [b]
LEFT JOIN [Authors] AS [a] ON [b].[AuthorId] = [a].[Id]
WHERE [b].[IsDeleted] = CAST(0 AS bit) AND [b].[Id] IN (
    SELECT [b0].[value]
    FROM OPENJSON(@__bestsellerBookIds_0) WITH ([value] uniqueidentifier '$') AS [b0]
) AND [b].[IsDeleted] = CAST(0 AS bit)
2025-06-11 11:40:30.502 +07:00 [INF] (Bookstore.Application.Services.DashboardService) Fetched 5 bestselling books.
2025-06-11 11:40:30.504 +07:00 [INF] (Microsoft.EntityFrameworkCore.Database.Command) Executed DbCommand (0ms) [Parameters=[@__currentDate_0='2025-06-11T04:40:30.5035636Z', @__currentDate_1='2025-06-11T04:40:30.5035636Z' (Nullable = true)], CommandType='"Text"', CommandTimeout='30']
SELECT [p].[Id], [p].[Code], [p].[CreatedAtUtc], [p].[CurrentUsage], [p].[Description], [p].[DiscountAmount], [p].[DiscountPercentage], [p].[EndDate], [p].[IsActive], [p].[MaxUsage], [p].[StartDate], [p].[UpdatedAtUtc]
FROM [Promotions] AS [p]
WHERE [p].[IsActive] = CAST(1 AS bit) AND [p].[StartDate] <= @__currentDate_0 AND ([p].[EndDate] IS NULL OR [p].[EndDate] >= @__currentDate_1) AND ([p].[MaxUsage] IS NULL OR [p].[CurrentUsage] < [p].[MaxUsage])
ORDER BY [p].[EndDate]
2025-06-11 11:40:30.508 +07:00 [INF] (Microsoft.EntityFrameworkCore.Database.Command) Executed DbCommand (1ms) [Parameters=[], CommandType='"Text"', CommandTimeout='30']
SELECT [c].[Id], [c].[CreatedAtUtc], [c].[Description], [c].[IsDeleted], [c].[Name], [c].[ParentCategoryId], [c].[UpdatedAtUtc]
FROM [Categories] AS [c]
WHERE [c].[IsDeleted] = CAST(0 AS bit) AND [c].[ParentCategoryId] IS NULL AND [c].[IsDeleted] = CAST(0 AS bit)
ORDER BY [c].[Name]
2025-06-11 11:40:30.511 +07:00 [INF] (Bookstore.Application.Services.DashboardService) Successfully fetched home dashboard data.
2025-06-11 11:40:33.179 +07:00 [INF] (Microsoft.EntityFrameworkCore.Database.Command) Executed DbCommand (2ms) [Parameters=[@__p_0='0', @__p_1='10'], CommandType='"Text"', CommandTimeout='30']
SELECT [c].[Id], [c].[CreatedAtUtc], [c].[Description], [c].[IsDeleted], [c].[Name], [c].[ParentCategoryId], [c].[UpdatedAtUtc]
FROM [Categories] AS [c]
WHERE [c].[IsDeleted] = CAST(0 AS bit)
ORDER BY [c].[Name]
OFFSET @__p_0 ROWS FETCH NEXT @__p_1 ROWS ONLY
2025-06-11 11:40:35.966 +07:00 [INF] (Microsoft.EntityFrameworkCore.Database.Command) Executed DbCommand (1ms) [Parameters=[@__userId_0='f54527eb-f806-40db-bf76-c7b0e5fa6d39'], CommandType='"Text"', CommandTimeout='30']
SELECT [c].[UserId], [c].[BookId], [c].[CreatedAtUtc], [c].[Quantity], [c].[UpdatedAtUtc], [b0].[Id], [b0].[AuthorId], [b0].[CategoryId], [b0].[CoverImageUrl], [b0].[CreatedAtUtc], [b0].[Description], [b0].[ISBN], [b0].[IsDeleted], [b0].[Price], [b0].[PublicationYear], [b0].[Publisher], [b0].[StockQuantity], [b0].[Title], [b0].[UpdatedAtUtc], [a].[Id], [a].[Biography], [a].[CreatedAtUtc], [a].[Name], [a].[UpdatedAtUtc]
FROM [CartItems] AS [c]
INNER JOIN (
    SELECT [b].[Id], [b].[AuthorId], [b].[CategoryId], [b].[CoverImageUrl], [b].[CreatedAtUtc], [b].[Description], [b].[ISBN], [b].[IsDeleted], [b].[Price], [b].[PublicationYear], [b].[Publisher], [b].[StockQuantity], [b].[Title], [b].[UpdatedAtUtc]
    FROM [Books] AS [b]
    WHERE [b].[IsDeleted] = CAST(0 AS bit)
) AS [b0] ON [c].[BookId] = [b0].[Id]
LEFT JOIN [Authors] AS [a] ON [b0].[AuthorId] = [a].[Id]
WHERE [c].[UserId] = @__userId_0
ORDER BY [b0].[Title]
2025-06-11 11:40:37.775 +07:00 [INF] (Microsoft.EntityFrameworkCore.Database.Command) Executed DbCommand (1ms) [Parameters=[@__userId_0='f54527eb-f806-40db-bf76-c7b0e5fa6d39'], CommandType='"Text"', CommandTimeout='30']
SELECT [w].[Id], [w].[BookId], [w].[CreatedAtUtc], [w].[UserId], [b0].[Id], [b0].[AuthorId], [b0].[CategoryId], [b0].[CoverImageUrl], [b0].[CreatedAtUtc], [b0].[Description], [b0].[ISBN], [b0].[IsDeleted], [b0].[Price], [b0].[PublicationYear], [b0].[Publisher], [b0].[StockQuantity], [b0].[Title], [b0].[UpdatedAtUtc], [a].[Id], [a].[Biography], [a].[CreatedAtUtc], [a].[Name], [a].[UpdatedAtUtc]
FROM [WishlistItems] AS [w]
INNER JOIN (
    SELECT [b].[Id], [b].[AuthorId], [b].[CategoryId], [b].[CoverImageUrl], [b].[CreatedAtUtc], [b].[Description], [b].[ISBN], [b].[IsDeleted], [b].[Price], [b].[PublicationYear], [b].[Publisher], [b].[StockQuantity], [b].[Title], [b].[UpdatedAtUtc]
    FROM [Books] AS [b]
    WHERE [b].[IsDeleted] = CAST(0 AS bit)
) AS [b0] ON [w].[BookId] = [b0].[Id]
LEFT JOIN [Authors] AS [a] ON [b0].[AuthorId] = [a].[Id]
WHERE [w].[UserId] = @__userId_0 AND [b0].[IsDeleted] = CAST(0 AS bit)
ORDER BY [w].[CreatedAtUtc] DESC
2025-06-11 11:40:39.948 +07:00 [INF] (Microsoft.EntityFrameworkCore.Database.Command) Executed DbCommand (0ms) [Parameters=[@__id_0='6d858026-d70a-4441-8837-01f8d972cb26'], CommandType='"Text"', CommandTimeout='30']
SELECT [b].[Id], [b].[AuthorId], [b].[CategoryId], [b].[CoverImageUrl], [b].[CreatedAtUtc], [b].[Description], [b].[ISBN], [b].[IsDeleted], [b].[Price], [b].[PublicationYear], [b].[Publisher], [b].[StockQuantity], [b].[Title], [b].[UpdatedAtUtc], [a].[Id], [a].[Biography], [a].[CreatedAtUtc], [a].[Name], [a].[UpdatedAtUtc], [c0].[Id], [c0].[CreatedAtUtc], [c0].[Description], [c0].[IsDeleted], [c0].[Name], [c0].[ParentCategoryId], [c0].[UpdatedAtUtc]
FROM [Books] AS [b]
LEFT JOIN [Authors] AS [a] ON [b].[AuthorId] = [a].[Id]
INNER JOIN (
    SELECT [c].[Id], [c].[CreatedAtUtc], [c].[Description], [c].[IsDeleted], [c].[Name], [c].[ParentCategoryId], [c].[UpdatedAtUtc]
    FROM [Categories] AS [c]
    WHERE [c].[IsDeleted] = CAST(0 AS bit)
) AS [c0] ON [b].[CategoryId] = [c0].[Id]
WHERE [b].[IsDeleted] = CAST(0 AS bit) AND [b].[Id] = @__id_0
2025-06-11 11:40:40.041 +07:00 [INF] (Microsoft.EntityFrameworkCore.Database.Command) Executed DbCommand (1ms) [Parameters=[@__bookId_0='6d858026-d70a-4441-8837-01f8d972cb26', @__p_1='0', @__p_2='5'], CommandType='"Text"', CommandTimeout='30']
SELECT [r0].[Id], [r0].[BookId], [r0].[Comment], [r0].[CreatedAtUtc], [r0].[IsApproved], [r0].[Rating], [r0].[UpdatedAtUtc], [r0].[UserId], [u].[Id], [u].[CreatedAtUtc], [u].[Email], [u].[FirstName], [u].[IsActive], [u].[LastName], [u].[PasswordHash], [u].[PhoneNumber], [u].[UpdatedAtUtc], [u].[UserName]
FROM (
    SELECT [r].[Id], [r].[BookId], [r].[Comment], [r].[CreatedAtUtc], [r].[IsApproved], [r].[Rating], [r].[UpdatedAtUtc], [r].[UserId]
    FROM [Review] AS [r]
    WHERE [r].[BookId] = @__bookId_0 AND [r].[IsApproved] = CAST(1 AS bit)
    ORDER BY [r].[CreatedAtUtc] DESC
    OFFSET @__p_1 ROWS FETCH NEXT @__p_2 ROWS ONLY
) AS [r0]
INNER JOIN [Users] AS [u] ON [r0].[UserId] = [u].[Id]
ORDER BY [r0].[CreatedAtUtc] DESC
2025-06-11 11:40:40.069 +07:00 [INF] (Microsoft.EntityFrameworkCore.Database.Command) Executed DbCommand (1ms) [Parameters=[@__userId_0='f54527eb-f806-40db-bf76-c7b0e5fa6d39'], CommandType='"Text"', CommandTimeout='30']
SELECT [w].[Id], [w].[BookId], [w].[CreatedAtUtc], [w].[UserId], [b0].[Id], [b0].[AuthorId], [b0].[CategoryId], [b0].[CoverImageUrl], [b0].[CreatedAtUtc], [b0].[Description], [b0].[ISBN], [b0].[IsDeleted], [b0].[Price], [b0].[PublicationYear], [b0].[Publisher], [b0].[StockQuantity], [b0].[Title], [b0].[UpdatedAtUtc], [a].[Id], [a].[Biography], [a].[CreatedAtUtc], [a].[Name], [a].[UpdatedAtUtc]
FROM [WishlistItems] AS [w]
INNER JOIN (
    SELECT [b].[Id], [b].[AuthorId], [b].[CategoryId], [b].[CoverImageUrl], [b].[CreatedAtUtc], [b].[Description], [b].[ISBN], [b].[IsDeleted], [b].[Price], [b].[PublicationYear], [b].[Publisher], [b].[StockQuantity], [b].[Title], [b].[UpdatedAtUtc]
    FROM [Books] AS [b]
    WHERE [b].[IsDeleted] = CAST(0 AS bit)
) AS [b0] ON [w].[BookId] = [b0].[Id]
LEFT JOIN [Authors] AS [a] ON [b0].[AuthorId] = [a].[Id]
WHERE [w].[UserId] = @__userId_0 AND [b0].[IsDeleted] = CAST(0 AS bit)
ORDER BY [w].[CreatedAtUtc] DESC
2025-06-11 11:40:41.425 +07:00 [INF] (Microsoft.EntityFrameworkCore.Database.Command) Executed DbCommand (0ms) [Parameters=[@__userId_0='f54527eb-f806-40db-bf76-c7b0e5fa6d39'], CommandType='"Text"', CommandTimeout='30']
SELECT [w].[Id], [w].[BookId], [w].[CreatedAtUtc], [w].[UserId], [b0].[Id], [b0].[AuthorId], [b0].[CategoryId], [b0].[CoverImageUrl], [b0].[CreatedAtUtc], [b0].[Description], [b0].[ISBN], [b0].[IsDeleted], [b0].[Price], [b0].[PublicationYear], [b0].[Publisher], [b0].[StockQuantity], [b0].[Title], [b0].[UpdatedAtUtc], [a].[Id], [a].[Biography], [a].[CreatedAtUtc], [a].[Name], [a].[UpdatedAtUtc]
FROM [WishlistItems] AS [w]
INNER JOIN (
    SELECT [b].[Id], [b].[AuthorId], [b].[CategoryId], [b].[CoverImageUrl], [b].[CreatedAtUtc], [b].[Description], [b].[ISBN], [b].[IsDeleted], [b].[Price], [b].[PublicationYear], [b].[Publisher], [b].[StockQuantity], [b].[Title], [b].[UpdatedAtUtc]
    FROM [Books] AS [b]
    WHERE [b].[IsDeleted] = CAST(0 AS bit)
) AS [b0] ON [w].[BookId] = [b0].[Id]
LEFT JOIN [Authors] AS [a] ON [b0].[AuthorId] = [a].[Id]
WHERE [w].[UserId] = @__userId_0 AND [b0].[IsDeleted] = CAST(0 AS bit)
ORDER BY [w].[CreatedAtUtc] DESC
2025-06-11 11:40:44.559 +07:00 [INF] (Bookstore.Application.Services.UserService) Fetching users for admin. Page: 1, PageSize: 15, Role: All, Active: All, Search: None
2025-06-11 11:40:44.567 +07:00 [INF] (Microsoft.EntityFrameworkCore.Database.Command) Executed DbCommand (5ms) [Parameters=[@__p_0='0', @__p_1='15'], CommandType='"Text"', CommandTimeout='30']
SELECT [u1].[Id], [u1].[CreatedAtUtc], [u1].[Email], [u1].[FirstName], [u1].[IsActive], [u1].[LastName], [u1].[PasswordHash], [u1].[PhoneNumber], [u1].[UpdatedAtUtc], [u1].[UserName], [s].[UserId], [s].[RoleId], [s].[Id], [s].[CreatedAtUtc], [s].[Name], [s].[UpdatedAtUtc]
FROM (
    SELECT [u].[Id], [u].[CreatedAtUtc], [u].[Email], [u].[FirstName], [u].[IsActive], [u].[LastName], [u].[PasswordHash], [u].[PhoneNumber], [u].[UpdatedAtUtc], [u].[UserName]
    FROM [Users] AS [u]
    ORDER BY [u].[UserName]
    OFFSET @__p_0 ROWS FETCH NEXT @__p_1 ROWS ONLY
) AS [u1]
LEFT JOIN (
    SELECT [u0].[UserId], [u0].[RoleId], [r].[Id], [r].[CreatedAtUtc], [r].[Name], [r].[UpdatedAtUtc]
    FROM [UserRoles] AS [u0]
    INNER JOIN [Roles] AS [r] ON [u0].[RoleId] = [r].[Id]
) AS [s] ON [u1].[Id] = [s].[UserId]
ORDER BY [u1].[UserName], [u1].[Id], [s].[UserId], [s].[RoleId]
2025-06-11 11:40:46.869 +07:00 [INF] (Bookstore.Application.Services.UserService) Fetching user details for admin. UserId: "f54527eb-f806-40db-bf76-c7b0e5fa6d39"
2025-06-11 11:40:46.874 +07:00 [INF] (Microsoft.EntityFrameworkCore.Database.Command) Executed DbCommand (4ms) [Parameters=[@__userId_0='f54527eb-f806-40db-bf76-c7b0e5fa6d39'], CommandType='"Text"', CommandTimeout='30']
SELECT [u1].[Id], [u1].[CreatedAtUtc], [u1].[Email], [u1].[FirstName], [u1].[IsActive], [u1].[LastName], [u1].[PasswordHash], [u1].[PhoneNumber], [u1].[UpdatedAtUtc], [u1].[UserName], [s].[UserId], [s].[RoleId], [s].[Id], [s].[CreatedAtUtc], [s].[Name], [s].[UpdatedAtUtc]
FROM (
    SELECT TOP(1) [u].[Id], [u].[CreatedAtUtc], [u].[Email], [u].[FirstName], [u].[IsActive], [u].[LastName], [u].[PasswordHash], [u].[PhoneNumber], [u].[UpdatedAtUtc], [u].[UserName]
    FROM [Users] AS [u]
    WHERE [u].[Id] = @__userId_0
) AS [u1]
LEFT JOIN (
    SELECT [u0].[UserId], [u0].[RoleId], [r].[Id], [r].[CreatedAtUtc], [r].[Name], [r].[UpdatedAtUtc]
    FROM [UserRoles] AS [u0]
    INNER JOIN [Roles] AS [r] ON [u0].[RoleId] = [r].[Id]
) AS [s] ON [u1].[Id] = [s].[UserId]
ORDER BY [u1].[Id], [s].[UserId], [s].[RoleId]
2025-06-11 11:40:50.137 +07:00 [INF] (Microsoft.EntityFrameworkCore.Database.Command) Executed DbCommand (3ms) [Parameters=[], CommandType='"Text"', CommandTimeout='30']
SELECT [p].[Id], [p].[Code], [p].[CreatedAtUtc], [p].[CurrentUsage], [p].[Description], [p].[DiscountAmount], [p].[DiscountPercentage], [p].[EndDate], [p].[IsActive], [p].[MaxUsage], [p].[StartDate], [p].[UpdatedAtUtc]
FROM [Promotions] AS [p]
ORDER BY [p].[CreatedAtUtc] DESC
2025-06-11 11:40:52.082 +07:00 [INF] (Bookstore.Application.Services.ReportService) Generating revenue report from "2025-06-05T00:00:00.0000000" to "2025-06-11T00:00:00.0000000"
2025-06-11 11:40:52.087 +07:00 [INF] (Microsoft.EntityFrameworkCore.Database.Command) Executed DbCommand (3ms) [Parameters=[@__inclusiveStartDate_0='2025-06-05T00:00:00.0000000', @__inclusiveEndDate_1='2025-06-12T00:00:00.0000000'], CommandType='"Text"', CommandTimeout='30']
SELECT [o].[Id], [o].[CreatedAtUtc], [o].[DeliveryMethod], [o].[InvoiceNumber], [o].[OrderDate], [o].[OrderShippingAddressId], [o].[OrderType], [o].[PaymentMethod], [o].[PaymentStatus], [o].[Status], [o].[TotalAmount], [o].[TransactionId], [o].[UpdatedAtUtc], [o].[UserId]
FROM [Orders] AS [o]
WHERE [o].[Status] = CAST(3 AS tinyint) AND [o].[OrderDate] >= @__inclusiveStartDate_0 AND [o].[OrderDate] < @__inclusiveEndDate_1
2025-06-11 11:40:52.087 +07:00 [INF] (Bookstore.Application.Services.ReportService) Generating bestsellers report from "2025-06-05T00:00:00.0000000" to "2025-06-11T00:00:00.0000000", top 7
2025-06-11 11:40:52.131 +07:00 [INF] (Bookstore.Application.Services.ReportService) Revenue report generated successfully.
2025-06-11 11:40:52.131 +07:00 [INF] (Bookstore.Application.Services.ReportService) Generating low stock report with threshold 5
2025-06-11 11:40:52.142 +07:00 [INF] (Microsoft.EntityFrameworkCore.Database.Command) Executed DbCommand (6ms) [Parameters=[@__lowStockThreshold_0='5'], CommandType='"Text"', CommandTimeout='30']
SELECT [b].[Id], [b].[AuthorId], [b].[CategoryId], [b].[CoverImageUrl], [b].[CreatedAtUtc], [b].[Description], [b].[ISBN], [b].[IsDeleted], [b].[Price], [b].[PublicationYear], [b].[Publisher], [b].[StockQuantity], [b].[Title], [b].[UpdatedAtUtc], [a].[Id], [a].[Biography], [a].[CreatedAtUtc], [a].[Name], [a].[UpdatedAtUtc]
FROM [Books] AS [b]
LEFT JOIN [Authors] AS [a] ON [b].[AuthorId] = [a].[Id]
WHERE [b].[IsDeleted] = CAST(0 AS bit) AND [b].[StockQuantity] > 0 AND [b].[StockQuantity] <= @__lowStockThreshold_0
ORDER BY [b].[StockQuantity]
2025-06-11 11:40:52.142 +07:00 [INF] (Microsoft.EntityFrameworkCore.Database.Command) Executed DbCommand (8ms) [Parameters=[@__p_2='7', @__inclusiveStartDate_0='2025-06-05T00:00:00.0000000', @__inclusiveEndDate_1='2025-06-12T00:00:00.0000000'], CommandType='"Text"', CommandTimeout='30']
SELECT [s].[BookId], [b2].[Title] AS [BookTitle], [s].[TotalQuantitySold]
FROM (
    SELECT TOP(@__p_2) [o].[BookId], COALESCE(SUM([o].[Quantity]), 0) AS [TotalQuantitySold]
    FROM [OrderDetails] AS [o]
    INNER JOIN [Orders] AS [o0] ON [o].[OrderId] = [o0].[Id]
    INNER JOIN (
        SELECT [b].[Id], [b].[IsDeleted]
        FROM [Books] AS [b]
        WHERE [b].[IsDeleted] = CAST(0 AS bit)
    ) AS [b0] ON [o].[BookId] = [b0].[Id]
    WHERE [o0].[Status] = CAST(3 AS tinyint) AND [o0].[OrderDate] >= @__inclusiveStartDate_0 AND [o0].[OrderDate] < @__inclusiveEndDate_1 AND [b0].[IsDeleted] = CAST(0 AS bit)
    GROUP BY [o].[BookId]
    ORDER BY COALESCE(SUM([o].[Quantity]), 0) DESC
) AS [s]
INNER JOIN (
    SELECT [b1].[Id], [b1].[Title]
    FROM [Books] AS [b1]
    WHERE [b1].[IsDeleted] = CAST(0 AS bit)
) AS [b2] ON [s].[BookId] = [b2].[Id]
ORDER BY [s].[TotalQuantitySold] DESC
2025-06-11 11:40:52.165 +07:00 [INF] (Bookstore.Application.Services.ReportService) Bestsellers report generated successfully.
2025-06-11 11:40:59.486 +07:00 [INF] (Bookstore.Application.Services.InventoryService) Fetching inventory history. BookId: null, Reason: null, Start: "2025-05-12T00:00:00.0000000", End: "2025-06-11T00:00:00.0000000", User: null, Page: 1
2025-06-11 11:40:59.493 +07:00 [INF] (Microsoft.EntityFrameworkCore.Database.Command) Executed DbCommand (3ms) [Parameters=[@__inclusiveStartDate_0='2025-05-12T00:00:00.0000000', @__inclusiveEndDate_1='2025-06-12T00:00:00.0000000'], CommandType='"Text"', CommandTimeout='30']
SELECT COUNT(*)
FROM [InventoryLogs] AS [i]
WHERE [i].[TimestampUtc] >= @__inclusiveStartDate_0 AND [i].[TimestampUtc] < @__inclusiveEndDate_1
2025-06-11 11:40:59.502 +07:00 [INF] (Microsoft.EntityFrameworkCore.Database.Command) Executed DbCommand (5ms) [Parameters=[@__inclusiveStartDate_0='2025-05-12T00:00:00.0000000', @__inclusiveEndDate_1='2025-06-12T00:00:00.0000000', @__p_2='0', @__p_3='20'], CommandType='"Text"', CommandTimeout='30']
SELECT [i0].[Id], [i0].[BookId], [i0].[ChangeQuantity], [i0].[OrderId], [i0].[Reason], [i0].[StockReceiptId], [i0].[TimestampUtc], [i0].[UserId], [b0].[Id], [b0].[AuthorId], [b0].[CategoryId], [b0].[CoverImageUrl], [b0].[CreatedAtUtc], [b0].[Description], [b0].[ISBN], [b0].[IsDeleted], [b0].[Price], [b0].[PublicationYear], [b0].[Publisher], [b0].[StockQuantity], [b0].[Title], [b0].[UpdatedAtUtc], [u].[Id], [u].[CreatedAtUtc], [u].[Email], [u].[FirstName], [u].[IsActive], [u].[LastName], [u].[PasswordHash], [u].[PhoneNumber], [u].[UpdatedAtUtc], [u].[UserName]
FROM (
    SELECT [i].[Id], [i].[BookId], [i].[ChangeQuantity], [i].[OrderId], [i].[Reason], [i].[StockReceiptId], [i].[TimestampUtc], [i].[UserId]
    FROM [InventoryLogs] AS [i]
    WHERE [i].[TimestampUtc] >= @__inclusiveStartDate_0 AND [i].[TimestampUtc] < @__inclusiveEndDate_1
    ORDER BY [i].[TimestampUtc] DESC
    OFFSET @__p_2 ROWS FETCH NEXT @__p_3 ROWS ONLY
) AS [i0]
INNER JOIN (
    SELECT [b].[Id], [b].[AuthorId], [b].[CategoryId], [b].[CoverImageUrl], [b].[CreatedAtUtc], [b].[Description], [b].[ISBN], [b].[IsDeleted], [b].[Price], [b].[PublicationYear], [b].[Publisher], [b].[StockQuantity], [b].[Title], [b].[UpdatedAtUtc]
    FROM [Books] AS [b]
    WHERE [b].[IsDeleted] = CAST(0 AS bit)
) AS [b0] ON [i0].[BookId] = [b0].[Id]
LEFT JOIN [Users] AS [u] ON [i0].[UserId] = [u].[Id]
ORDER BY [i0].[TimestampUtc] DESC
2025-06-11 11:41:05.846 +07:00 [INF] (Bookstore.Application.Services.ReportService) Fetching admin dashboard summary.
2025-06-11 11:41:05.850 +07:00 [INF] (Microsoft.EntityFrameworkCore.Database.Command) Executed DbCommand (2ms) [Parameters=[@__todayStart_0='2025-06-11T00:00:00.0000000Z', @__tomorrowStart_1='2025-06-12T00:00:00.0000000Z'], CommandType='"Text"', CommandTimeout='30']
SELECT COUNT(*)
FROM [Orders] AS [o]
WHERE [o].[OrderDate] >= @__todayStart_0 AND [o].[OrderDate] < @__tomorrowStart_1 AND [o].[Status] <> CAST(4 AS tinyint)
2025-06-11 11:41:05.855 +07:00 [INF] (Microsoft.EntityFrameworkCore.Database.Command) Executed DbCommand (2ms) [Parameters=[@__todayStart_0='2025-06-11T00:00:00.0000000Z', @__tomorrowStart_1='2025-06-12T00:00:00.0000000Z'], CommandType='"Text"', CommandTimeout='30']
SELECT COALESCE(SUM([o].[TotalAmount]), 0.0)
FROM [Orders] AS [o]
WHERE [o].[OrderDate] >= @__todayStart_0 AND [o].[OrderDate] < @__tomorrowStart_1 AND [o].[Status] = CAST(3 AS tinyint)
2025-06-11 11:41:05.860 +07:00 [INF] (Microsoft.EntityFrameworkCore.Database.Command) Executed DbCommand (2ms) [Parameters=[@__todayStart_0='2025-06-11T00:00:00.0000000Z', @__tomorrowStart_1='2025-06-12T00:00:00.0000000Z'], CommandType='"Text"', CommandTimeout='30']
SELECT COUNT(*)
FROM [Users] AS [u]
WHERE [u].[CreatedAtUtc] >= @__todayStart_0 AND [u].[CreatedAtUtc] < @__tomorrowStart_1
2025-06-11 11:41:05.865 +07:00 [INF] (Microsoft.EntityFrameworkCore.Database.Command) Executed DbCommand (2ms) [Parameters=[@__lowStockThreshold_0='10'], CommandType='"Text"', CommandTimeout='30']
SELECT COUNT(*)
FROM [Books] AS [b]
WHERE [b].[IsDeleted] = CAST(0 AS bit) AND [b].[IsDeleted] = CAST(0 AS bit) AND [b].[StockQuantity] > 0 AND [b].[StockQuantity] <= @__lowStockThreshold_0
2025-06-11 11:41:05.869 +07:00 [INF] (Bookstore.Application.Services.ReportService) Admin dashboard summary fetched successfully.
2025-06-11 11:41:10.661 +07:00 [INF] (Bookstore.Application.Services.OrderService) Fetching all orders for Admin. Page: 1, PageSize: 15, StatusFilter: None
2025-06-11 11:41:10.661 +07:00 [INF] (Bookstore.Application.Services.OrderService) Fetching all orders for Admin. Page: 1, PageSize: 15, StatusFilter: None
2025-06-11 11:41:10.683 +07:00 [INF] (Microsoft.EntityFrameworkCore.Database.Command) Executed DbCommand (5ms) [Parameters=[@__p_0='0', @__p_1='15'], CommandType='"Text"', CommandTimeout='30']
SELECT [o0].[Id], [o0].[CreatedAtUtc], [o0].[DeliveryMethod], [o0].[InvoiceNumber], [o0].[OrderDate], [o0].[OrderShippingAddressId], [o0].[OrderType], [o0].[PaymentMethod], [o0].[PaymentStatus], [o0].[Status], [o0].[TotalAmount], [o0].[TransactionId], [o0].[UpdatedAtUtc], [o0].[UserId], [u].[Id], [u].[CreatedAtUtc], [u].[Email], [u].[FirstName], [u].[IsActive], [u].[LastName], [u].[PasswordHash], [u].[PhoneNumber], [u].[UpdatedAtUtc], [u].[UserName], [o1].[Id], [o1].[BookId], [o1].[OrderId], [o1].[Quantity], [o1].[UnitPrice]
FROM (
    SELECT [o].[Id], [o].[CreatedAtUtc], [o].[DeliveryMethod], [o].[InvoiceNumber], [o].[OrderDate], [o].[OrderShippingAddressId], [o].[OrderType], [o].[PaymentMethod], [o].[PaymentStatus], [o].[Status], [o].[TotalAmount], [o].[TransactionId], [o].[UpdatedAtUtc], [o].[UserId]
    FROM [Orders] AS [o]
    ORDER BY [o].[OrderDate] DESC
    OFFSET @__p_0 ROWS FETCH NEXT @__p_1 ROWS ONLY
) AS [o0]
LEFT JOIN [Users] AS [u] ON [o0].[UserId] = [u].[Id]
LEFT JOIN [OrderDetails] AS [o1] ON [o0].[Id] = [o1].[OrderId]
ORDER BY [o0].[OrderDate] DESC, [o0].[Id], [u].[Id]
2025-06-11 11:41:10.686 +07:00 [INF] (Microsoft.EntityFrameworkCore.Database.Command) Executed DbCommand (8ms) [Parameters=[@__p_0='0', @__p_1='15'], CommandType='"Text"', CommandTimeout='30']
SELECT [o0].[Id], [o0].[CreatedAtUtc], [o0].[DeliveryMethod], [o0].[InvoiceNumber], [o0].[OrderDate], [o0].[OrderShippingAddressId], [o0].[OrderType], [o0].[PaymentMethod], [o0].[PaymentStatus], [o0].[Status], [o0].[TotalAmount], [o0].[TransactionId], [o0].[UpdatedAtUtc], [o0].[UserId], [u].[Id], [u].[CreatedAtUtc], [u].[Email], [u].[FirstName], [u].[IsActive], [u].[LastName], [u].[PasswordHash], [u].[PhoneNumber], [u].[UpdatedAtUtc], [u].[UserName], [o1].[Id], [o1].[BookId], [o1].[OrderId], [o1].[Quantity], [o1].[UnitPrice]
FROM (
    SELECT [o].[Id], [o].[CreatedAtUtc], [o].[DeliveryMethod], [o].[InvoiceNumber], [o].[OrderDate], [o].[OrderShippingAddressId], [o].[OrderType], [o].[PaymentMethod], [o].[PaymentStatus], [o].[Status], [o].[TotalAmount], [o].[TransactionId], [o].[UpdatedAtUtc], [o].[UserId]
    FROM [Orders] AS [o]
    ORDER BY [o].[OrderDate] DESC
    OFFSET @__p_0 ROWS FETCH NEXT @__p_1 ROWS ONLY
) AS [o0]
LEFT JOIN [Users] AS [u] ON [o0].[UserId] = [u].[Id]
LEFT JOIN [OrderDetails] AS [o1] ON [o0].[Id] = [o1].[OrderId]
ORDER BY [o0].[OrderDate] DESC, [o0].[Id], [u].[Id]
2025-06-11 11:41:15.047 +07:00 [INF] (Bookstore.Application.Services.OrderService) Fetching all orders for Admin. Page: 1, PageSize: 15, StatusFilter: Pending
2025-06-11 11:41:15.050 +07:00 [INF] (Bookstore.Application.Services.OrderService) Fetching all orders for Admin. Page: 1, PageSize: 15, StatusFilter: Pending
2025-06-11 11:41:15.070 +07:00 [INF] (Microsoft.EntityFrameworkCore.Database.Command) Executed DbCommand (7ms) [Parameters=[@__status_0='0' (Size = 1), @__p_1='0', @__p_2='15'], CommandType='"Text"', CommandTimeout='30']
SELECT [o0].[Id], [o0].[CreatedAtUtc], [o0].[DeliveryMethod], [o0].[InvoiceNumber], [o0].[OrderDate], [o0].[OrderShippingAddressId], [o0].[OrderType], [o0].[PaymentMethod], [o0].[PaymentStatus], [o0].[Status], [o0].[TotalAmount], [o0].[TransactionId], [o0].[UpdatedAtUtc], [o0].[UserId], [u].[Id], [u].[CreatedAtUtc], [u].[Email], [u].[FirstName], [u].[IsActive], [u].[LastName], [u].[PasswordHash], [u].[PhoneNumber], [u].[UpdatedAtUtc], [u].[UserName], [o1].[Id], [o1].[BookId], [o1].[OrderId], [o1].[Quantity], [o1].[UnitPrice]
FROM (
    SELECT [o].[Id], [o].[CreatedAtUtc], [o].[DeliveryMethod], [o].[InvoiceNumber], [o].[OrderDate], [o].[OrderShippingAddressId], [o].[OrderType], [o].[PaymentMethod], [o].[PaymentStatus], [o].[Status], [o].[TotalAmount], [o].[TransactionId], [o].[UpdatedAtUtc], [o].[UserId]
    FROM [Orders] AS [o]
    WHERE [o].[Status] = @__status_0
    ORDER BY [o].[OrderDate] DESC
    OFFSET @__p_1 ROWS FETCH NEXT @__p_2 ROWS ONLY
) AS [o0]
LEFT JOIN [Users] AS [u] ON [o0].[UserId] = [u].[Id]
LEFT JOIN [OrderDetails] AS [o1] ON [o0].[Id] = [o1].[OrderId]
ORDER BY [o0].[OrderDate] DESC, [o0].[Id], [u].[Id]
2025-06-11 11:41:15.072 +07:00 [INF] (Microsoft.EntityFrameworkCore.Database.Command) Executed DbCommand (9ms) [Parameters=[@__status_0='0' (Size = 1), @__p_1='0', @__p_2='15'], CommandType='"Text"', CommandTimeout='30']
SELECT [o0].[Id], [o0].[CreatedAtUtc], [o0].[DeliveryMethod], [o0].[InvoiceNumber], [o0].[OrderDate], [o0].[OrderShippingAddressId], [o0].[OrderType], [o0].[PaymentMethod], [o0].[PaymentStatus], [o0].[Status], [o0].[TotalAmount], [o0].[TransactionId], [o0].[UpdatedAtUtc], [o0].[UserId], [u].[Id], [u].[CreatedAtUtc], [u].[Email], [u].[FirstName], [u].[IsActive], [u].[LastName], [u].[PasswordHash], [u].[PhoneNumber], [u].[UpdatedAtUtc], [u].[UserName], [o1].[Id], [o1].[BookId], [o1].[OrderId], [o1].[Quantity], [o1].[UnitPrice]
FROM (
    SELECT [o].[Id], [o].[CreatedAtUtc], [o].[DeliveryMethod], [o].[InvoiceNumber], [o].[OrderDate], [o].[OrderShippingAddressId], [o].[OrderType], [o].[PaymentMethod], [o].[PaymentStatus], [o].[Status], [o].[TotalAmount], [o].[TransactionId], [o].[UpdatedAtUtc], [o].[UserId]
    FROM [Orders] AS [o]
    WHERE [o].[Status] = @__status_0
    ORDER BY [o].[OrderDate] DESC
    OFFSET @__p_1 ROWS FETCH NEXT @__p_2 ROWS ONLY
) AS [o0]
LEFT JOIN [Users] AS [u] ON [o0].[UserId] = [u].[Id]
LEFT JOIN [OrderDetails] AS [o1] ON [o0].[Id] = [o1].[OrderId]
ORDER BY [o0].[OrderDate] DESC, [o0].[Id], [u].[Id]
2025-06-11 11:41:16.179 +07:00 [INF] (Bookstore.Application.Services.OrderService) Fetching all orders for Admin. Page: 1, PageSize: 15, StatusFilter: None
2025-06-11 11:41:16.183 +07:00 [INF] (Bookstore.Application.Services.OrderService) Fetching all orders for Admin. Page: 1, PageSize: 15, StatusFilter: None
2025-06-11 11:41:16.183 +07:00 [INF] (Microsoft.EntityFrameworkCore.Database.Command) Executed DbCommand (1ms) [Parameters=[@__p_0='0', @__p_1='15'], CommandType='"Text"', CommandTimeout='30']
SELECT [o0].[Id], [o0].[CreatedAtUtc], [o0].[DeliveryMethod], [o0].[InvoiceNumber], [o0].[OrderDate], [o0].[OrderShippingAddressId], [o0].[OrderType], [o0].[PaymentMethod], [o0].[PaymentStatus], [o0].[Status], [o0].[TotalAmount], [o0].[TransactionId], [o0].[UpdatedAtUtc], [o0].[UserId], [u].[Id], [u].[CreatedAtUtc], [u].[Email], [u].[FirstName], [u].[IsActive], [u].[LastName], [u].[PasswordHash], [u].[PhoneNumber], [u].[UpdatedAtUtc], [u].[UserName], [o1].[Id], [o1].[BookId], [o1].[OrderId], [o1].[Quantity], [o1].[UnitPrice]
FROM (
    SELECT [o].[Id], [o].[CreatedAtUtc], [o].[DeliveryMethod], [o].[InvoiceNumber], [o].[OrderDate], [o].[OrderShippingAddressId], [o].[OrderType], [o].[PaymentMethod], [o].[PaymentStatus], [o].[Status], [o].[TotalAmount], [o].[TransactionId], [o].[UpdatedAtUtc], [o].[UserId]
    FROM [Orders] AS [o]
    ORDER BY [o].[OrderDate] DESC
    OFFSET @__p_0 ROWS FETCH NEXT @__p_1 ROWS ONLY
) AS [o0]
LEFT JOIN [Users] AS [u] ON [o0].[UserId] = [u].[Id]
LEFT JOIN [OrderDetails] AS [o1] ON [o0].[Id] = [o1].[OrderId]
ORDER BY [o0].[OrderDate] DESC, [o0].[Id], [u].[Id]
2025-06-11 11:41:16.186 +07:00 [INF] (Microsoft.EntityFrameworkCore.Database.Command) Executed DbCommand (1ms) [Parameters=[@__p_0='0', @__p_1='15'], CommandType='"Text"', CommandTimeout='30']
SELECT [o0].[Id], [o0].[CreatedAtUtc], [o0].[DeliveryMethod], [o0].[InvoiceNumber], [o0].[OrderDate], [o0].[OrderShippingAddressId], [o0].[OrderType], [o0].[PaymentMethod], [o0].[PaymentStatus], [o0].[Status], [o0].[TotalAmount], [o0].[TransactionId], [o0].[UpdatedAtUtc], [o0].[UserId], [u].[Id], [u].[CreatedAtUtc], [u].[Email], [u].[FirstName], [u].[IsActive], [u].[LastName], [u].[PasswordHash], [u].[PhoneNumber], [u].[UpdatedAtUtc], [u].[UserName], [o1].[Id], [o1].[BookId], [o1].[OrderId], [o1].[Quantity], [o1].[UnitPrice]
FROM (
    SELECT [o].[Id], [o].[CreatedAtUtc], [o].[DeliveryMethod], [o].[InvoiceNumber], [o].[OrderDate], [o].[OrderShippingAddressId], [o].[OrderType], [o].[PaymentMethod], [o].[PaymentStatus], [o].[Status], [o].[TotalAmount], [o].[TransactionId], [o].[UpdatedAtUtc], [o].[UserId]
    FROM [Orders] AS [o]
    ORDER BY [o].[OrderDate] DESC
    OFFSET @__p_0 ROWS FETCH NEXT @__p_1 ROWS ONLY
) AS [o0]
LEFT JOIN [Users] AS [u] ON [o0].[UserId] = [u].[Id]
LEFT JOIN [OrderDetails] AS [o1] ON [o0].[Id] = [o1].[OrderId]
ORDER BY [o0].[OrderDate] DESC, [o0].[Id], [u].[Id]
2025-06-11 11:41:17.291 +07:00 [INF] (Bookstore.Application.Services.StockReceiptService) Fetching all stock receipts. Page: 1, PageSize: 15
2025-06-11 11:41:17.306 +07:00 [INF] (Microsoft.EntityFrameworkCore.Database.Command) Executed DbCommand (4ms) [Parameters=[@__p_0='0', @__p_1='15'], CommandType='"Text"', CommandTimeout='30']
SELECT [s1].[Id], [s1].[CreatedAtUtc], [s1].[Notes], [s1].[ReceiptDate], [s1].[SupplierId], [s1].[UpdatedAtUtc], [s0].[Id], [s0].[Address], [s0].[ContactPerson], [s0].[CreatedAtUtc], [s0].[Email], [s0].[Name], [s0].[Phone], [s0].[UpdatedAtUtc]
FROM (
    SELECT [s].[Id], [s].[CreatedAtUtc], [s].[Notes], [s].[ReceiptDate], [s].[SupplierId], [s].[UpdatedAtUtc]
    FROM [StockReceipts] AS [s]
    ORDER BY [s].[ReceiptDate] DESC
    OFFSET @__p_0 ROWS FETCH NEXT @__p_1 ROWS ONLY
) AS [s1]
LEFT JOIN [Suppliers] AS [s0] ON [s1].[SupplierId] = [s0].[Id]
ORDER BY [s1].[ReceiptDate] DESC
2025-06-11 11:41:20.322 +07:00 [INF] (Bookstore.Application.Services.StockReceiptService) Fetching stock receipt with Id "802926c9-f9f1-4e84-a921-c9067139ad77"
2025-06-11 11:41:20.352 +07:00 [INF] (Microsoft.EntityFrameworkCore.Database.Command) Executed DbCommand (9ms) [Parameters=[@__id_0='802926c9-f9f1-4e84-a921-c9067139ad77'], CommandType='"Text"', CommandTimeout='30']
SELECT [s2].[Id], [s2].[CreatedAtUtc], [s2].[Notes], [s2].[ReceiptDate], [s2].[SupplierId], [s2].[UpdatedAtUtc], [s2].[Id0], [s2].[Address], [s2].[ContactPerson], [s2].[CreatedAtUtc0], [s2].[Email], [s2].[Name], [s2].[Phone], [s2].[UpdatedAtUtc0], [s3].[Id], [s3].[BookId], [s3].[PurchasePrice], [s3].[QuantityReceived], [s3].[StockReceiptId], [s3].[Id0], [s3].[AuthorId], [s3].[CategoryId], [s3].[CoverImageUrl], [s3].[CreatedAtUtc], [s3].[Description], [s3].[ISBN], [s3].[IsDeleted], [s3].[Price], [s3].[PublicationYear], [s3].[Publisher], [s3].[StockQuantity], [s3].[Title], [s3].[UpdatedAtUtc]
FROM (
    SELECT TOP(1) [s].[Id], [s].[CreatedAtUtc], [s].[Notes], [s].[ReceiptDate], [s].[SupplierId], [s].[UpdatedAtUtc], [s0].[Id] AS [Id0], [s0].[Address], [s0].[ContactPerson], [s0].[CreatedAtUtc] AS [CreatedAtUtc0], [s0].[Email], [s0].[Name], [s0].[Phone], [s0].[UpdatedAtUtc] AS [UpdatedAtUtc0]
    FROM [StockReceipts] AS [s]
    LEFT JOIN [Suppliers] AS [s0] ON [s].[SupplierId] = [s0].[Id]
    WHERE [s].[Id] = @__id_0
) AS [s2]
LEFT JOIN (
    SELECT [s1].[Id], [s1].[BookId], [s1].[PurchasePrice], [s1].[QuantityReceived], [s1].[StockReceiptId], [b0].[Id] AS [Id0], [b0].[AuthorId], [b0].[CategoryId], [b0].[CoverImageUrl], [b0].[CreatedAtUtc], [b0].[Description], [b0].[ISBN], [b0].[IsDeleted], [b0].[Price], [b0].[PublicationYear], [b0].[Publisher], [b0].[StockQuantity], [b0].[Title], [b0].[UpdatedAtUtc]
    FROM [StockReceiptDetails] AS [s1]
    INNER JOIN (
        SELECT [b].[Id], [b].[AuthorId], [b].[CategoryId], [b].[CoverImageUrl], [b].[CreatedAtUtc], [b].[Description], [b].[ISBN], [b].[IsDeleted], [b].[Price], [b].[PublicationYear], [b].[Publisher], [b].[StockQuantity], [b].[Title], [b].[UpdatedAtUtc]
        FROM [Books] AS [b]
        WHERE [b].[IsDeleted] = CAST(0 AS bit)
    ) AS [b0] ON [s1].[BookId] = [b0].[Id]
) AS [s3] ON [s2].[Id] = [s3].[StockReceiptId]
ORDER BY [s2].[Id], [s2].[Id0], [s3].[Id]
2025-06-11 11:41:25.105 +07:00 [INF] (Bookstore.Application.Services.StockReceiptService) Fetching stock receipt with Id "ed8073df-2288-42c8-b262-7dbe7e589633"
2025-06-11 11:41:25.108 +07:00 [INF] (Microsoft.EntityFrameworkCore.Database.Command) Executed DbCommand (1ms) [Parameters=[@__id_0='ed8073df-2288-42c8-b262-7dbe7e589633'], CommandType='"Text"', CommandTimeout='30']
SELECT [s2].[Id], [s2].[CreatedAtUtc], [s2].[Notes], [s2].[ReceiptDate], [s2].[SupplierId], [s2].[UpdatedAtUtc], [s2].[Id0], [s2].[Address], [s2].[ContactPerson], [s2].[CreatedAtUtc0], [s2].[Email], [s2].[Name], [s2].[Phone], [s2].[UpdatedAtUtc0], [s3].[Id], [s3].[BookId], [s3].[PurchasePrice], [s3].[QuantityReceived], [s3].[StockReceiptId], [s3].[Id0], [s3].[AuthorId], [s3].[CategoryId], [s3].[CoverImageUrl], [s3].[CreatedAtUtc], [s3].[Description], [s3].[ISBN], [s3].[IsDeleted], [s3].[Price], [s3].[PublicationYear], [s3].[Publisher], [s3].[StockQuantity], [s3].[Title], [s3].[UpdatedAtUtc]
FROM (
    SELECT TOP(1) [s].[Id], [s].[CreatedAtUtc], [s].[Notes], [s].[ReceiptDate], [s].[SupplierId], [s].[UpdatedAtUtc], [s0].[Id] AS [Id0], [s0].[Address], [s0].[ContactPerson], [s0].[CreatedAtUtc] AS [CreatedAtUtc0], [s0].[Email], [s0].[Name], [s0].[Phone], [s0].[UpdatedAtUtc] AS [UpdatedAtUtc0]
    FROM [StockReceipts] AS [s]
    LEFT JOIN [Suppliers] AS [s0] ON [s].[SupplierId] = [s0].[Id]
    WHERE [s].[Id] = @__id_0
) AS [s2]
LEFT JOIN (
    SELECT [s1].[Id], [s1].[BookId], [s1].[PurchasePrice], [s1].[QuantityReceived], [s1].[StockReceiptId], [b0].[Id] AS [Id0], [b0].[AuthorId], [b0].[CategoryId], [b0].[CoverImageUrl], [b0].[CreatedAtUtc], [b0].[Description], [b0].[ISBN], [b0].[IsDeleted], [b0].[Price], [b0].[PublicationYear], [b0].[Publisher], [b0].[StockQuantity], [b0].[Title], [b0].[UpdatedAtUtc]
    FROM [StockReceiptDetails] AS [s1]
    INNER JOIN (
        SELECT [b].[Id], [b].[AuthorId], [b].[CategoryId], [b].[CoverImageUrl], [b].[CreatedAtUtc], [b].[Description], [b].[ISBN], [b].[IsDeleted], [b].[Price], [b].[PublicationYear], [b].[Publisher], [b].[StockQuantity], [b].[Title], [b].[UpdatedAtUtc]
        FROM [Books] AS [b]
        WHERE [b].[IsDeleted] = CAST(0 AS bit)
    ) AS [b0] ON [s1].[BookId] = [b0].[Id]
) AS [s3] ON [s2].[Id] = [s3].[StockReceiptId]
ORDER BY [s2].[Id], [s2].[Id0], [s3].[Id]
2025-06-11 11:41:29.892 +07:00 [INF] (Bookstore.Application.Services.StockReceiptService) Fetching stock receipt with Id "009990b4-d9c3-47f8-8cca-90deb54f5663"
2025-06-11 11:41:29.894 +07:00 [INF] (Microsoft.EntityFrameworkCore.Database.Command) Executed DbCommand (1ms) [Parameters=[@__id_0='009990b4-d9c3-47f8-8cca-90deb54f5663'], CommandType='"Text"', CommandTimeout='30']
SELECT [s2].[Id], [s2].[CreatedAtUtc], [s2].[Notes], [s2].[ReceiptDate], [s2].[SupplierId], [s2].[UpdatedAtUtc], [s2].[Id0], [s2].[Address], [s2].[ContactPerson], [s2].[CreatedAtUtc0], [s2].[Email], [s2].[Name], [s2].[Phone], [s2].[UpdatedAtUtc0], [s3].[Id], [s3].[BookId], [s3].[PurchasePrice], [s3].[QuantityReceived], [s3].[StockReceiptId], [s3].[Id0], [s3].[AuthorId], [s3].[CategoryId], [s3].[CoverImageUrl], [s3].[CreatedAtUtc], [s3].[Description], [s3].[ISBN], [s3].[IsDeleted], [s3].[Price], [s3].[PublicationYear], [s3].[Publisher], [s3].[StockQuantity], [s3].[Title], [s3].[UpdatedAtUtc]
FROM (
    SELECT TOP(1) [s].[Id], [s].[CreatedAtUtc], [s].[Notes], [s].[ReceiptDate], [s].[SupplierId], [s].[UpdatedAtUtc], [s0].[Id] AS [Id0], [s0].[Address], [s0].[ContactPerson], [s0].[CreatedAtUtc] AS [CreatedAtUtc0], [s0].[Email], [s0].[Name], [s0].[Phone], [s0].[UpdatedAtUtc] AS [UpdatedAtUtc0]
    FROM [StockReceipts] AS [s]
    LEFT JOIN [Suppliers] AS [s0] ON [s].[SupplierId] = [s0].[Id]
    WHERE [s].[Id] = @__id_0
) AS [s2]
LEFT JOIN (
    SELECT [s1].[Id], [s1].[BookId], [s1].[PurchasePrice], [s1].[QuantityReceived], [s1].[StockReceiptId], [b0].[Id] AS [Id0], [b0].[AuthorId], [b0].[CategoryId], [b0].[CoverImageUrl], [b0].[CreatedAtUtc], [b0].[Description], [b0].[ISBN], [b0].[IsDeleted], [b0].[Price], [b0].[PublicationYear], [b0].[Publisher], [b0].[StockQuantity], [b0].[Title], [b0].[UpdatedAtUtc]
    FROM [StockReceiptDetails] AS [s1]
    INNER JOIN (
        SELECT [b].[Id], [b].[AuthorId], [b].[CategoryId], [b].[CoverImageUrl], [b].[CreatedAtUtc], [b].[Description], [b].[ISBN], [b].[IsDeleted], [b].[Price], [b].[PublicationYear], [b].[Publisher], [b].[StockQuantity], [b].[Title], [b].[UpdatedAtUtc]
        FROM [Books] AS [b]
        WHERE [b].[IsDeleted] = CAST(0 AS bit)
    ) AS [b0] ON [s1].[BookId] = [b0].[Id]
) AS [s3] ON [s2].[Id] = [s3].[StockReceiptId]
ORDER BY [s2].[Id], [s2].[Id0], [s3].[Id]
2025-06-11 11:41:33.227 +07:00 [INF] (Bookstore.Application.Services.StockReceiptService) Fetching stock receipt with Id "2b4d1860-bfea-41c5-bc6b-b4d8676e3018"
2025-06-11 11:41:33.230 +07:00 [INF] (Microsoft.EntityFrameworkCore.Database.Command) Executed DbCommand (0ms) [Parameters=[@__id_0='2b4d1860-bfea-41c5-bc6b-b4d8676e3018'], CommandType='"Text"', CommandTimeout='30']
SELECT [s2].[Id], [s2].[CreatedAtUtc], [s2].[Notes], [s2].[ReceiptDate], [s2].[SupplierId], [s2].[UpdatedAtUtc], [s2].[Id0], [s2].[Address], [s2].[ContactPerson], [s2].[CreatedAtUtc0], [s2].[Email], [s2].[Name], [s2].[Phone], [s2].[UpdatedAtUtc0], [s3].[Id], [s3].[BookId], [s3].[PurchasePrice], [s3].[QuantityReceived], [s3].[StockReceiptId], [s3].[Id0], [s3].[AuthorId], [s3].[CategoryId], [s3].[CoverImageUrl], [s3].[CreatedAtUtc], [s3].[Description], [s3].[ISBN], [s3].[IsDeleted], [s3].[Price], [s3].[PublicationYear], [s3].[Publisher], [s3].[StockQuantity], [s3].[Title], [s3].[UpdatedAtUtc]
FROM (
    SELECT TOP(1) [s].[Id], [s].[CreatedAtUtc], [s].[Notes], [s].[ReceiptDate], [s].[SupplierId], [s].[UpdatedAtUtc], [s0].[Id] AS [Id0], [s0].[Address], [s0].[ContactPerson], [s0].[CreatedAtUtc] AS [CreatedAtUtc0], [s0].[Email], [s0].[Name], [s0].[Phone], [s0].[UpdatedAtUtc] AS [UpdatedAtUtc0]
    FROM [StockReceipts] AS [s]
    LEFT JOIN [Suppliers] AS [s0] ON [s].[SupplierId] = [s0].[Id]
    WHERE [s].[Id] = @__id_0
) AS [s2]
LEFT JOIN (
    SELECT [s1].[Id], [s1].[BookId], [s1].[PurchasePrice], [s1].[QuantityReceived], [s1].[StockReceiptId], [b0].[Id] AS [Id0], [b0].[AuthorId], [b0].[CategoryId], [b0].[CoverImageUrl], [b0].[CreatedAtUtc], [b0].[Description], [b0].[ISBN], [b0].[IsDeleted], [b0].[Price], [b0].[PublicationYear], [b0].[Publisher], [b0].[StockQuantity], [b0].[Title], [b0].[UpdatedAtUtc]
    FROM [StockReceiptDetails] AS [s1]
    INNER JOIN (
        SELECT [b].[Id], [b].[AuthorId], [b].[CategoryId], [b].[CoverImageUrl], [b].[CreatedAtUtc], [b].[Description], [b].[ISBN], [b].[IsDeleted], [b].[Price], [b].[PublicationYear], [b].[Publisher], [b].[StockQuantity], [b].[Title], [b].[UpdatedAtUtc]
        FROM [Books] AS [b]
        WHERE [b].[IsDeleted] = CAST(0 AS bit)
    ) AS [b0] ON [s1].[BookId] = [b0].[Id]
) AS [s3] ON [s2].[Id] = [s3].[StockReceiptId]
ORDER BY [s2].[Id], [s2].[Id0], [s3].[Id]
2025-06-11 11:41:36.516 +07:00 [INF] (Bookstore.Application.Services.StockReceiptService) Fetching stock receipt with Id "4444aaaa-bbbb-cccc-dddd-eeeeffff0004"
2025-06-11 11:41:36.519 +07:00 [INF] (Microsoft.EntityFrameworkCore.Database.Command) Executed DbCommand (0ms) [Parameters=[@__id_0='4444aaaa-bbbb-cccc-dddd-eeeeffff0004'], CommandType='"Text"', CommandTimeout='30']
SELECT [s2].[Id], [s2].[CreatedAtUtc], [s2].[Notes], [s2].[ReceiptDate], [s2].[SupplierId], [s2].[UpdatedAtUtc], [s2].[Id0], [s2].[Address], [s2].[ContactPerson], [s2].[CreatedAtUtc0], [s2].[Email], [s2].[Name], [s2].[Phone], [s2].[UpdatedAtUtc0], [s3].[Id], [s3].[BookId], [s3].[PurchasePrice], [s3].[QuantityReceived], [s3].[StockReceiptId], [s3].[Id0], [s3].[AuthorId], [s3].[CategoryId], [s3].[CoverImageUrl], [s3].[CreatedAtUtc], [s3].[Description], [s3].[ISBN], [s3].[IsDeleted], [s3].[Price], [s3].[PublicationYear], [s3].[Publisher], [s3].[StockQuantity], [s3].[Title], [s3].[UpdatedAtUtc]
FROM (
    SELECT TOP(1) [s].[Id], [s].[CreatedAtUtc], [s].[Notes], [s].[ReceiptDate], [s].[SupplierId], [s].[UpdatedAtUtc], [s0].[Id] AS [Id0], [s0].[Address], [s0].[ContactPerson], [s0].[CreatedAtUtc] AS [CreatedAtUtc0], [s0].[Email], [s0].[Name], [s0].[Phone], [s0].[UpdatedAtUtc] AS [UpdatedAtUtc0]
    FROM [StockReceipts] AS [s]
    LEFT JOIN [Suppliers] AS [s0] ON [s].[SupplierId] = [s0].[Id]
    WHERE [s].[Id] = @__id_0
) AS [s2]
LEFT JOIN (
    SELECT [s1].[Id], [s1].[BookId], [s1].[PurchasePrice], [s1].[QuantityReceived], [s1].[StockReceiptId], [b0].[Id] AS [Id0], [b0].[AuthorId], [b0].[CategoryId], [b0].[CoverImageUrl], [b0].[CreatedAtUtc], [b0].[Description], [b0].[ISBN], [b0].[IsDeleted], [b0].[Price], [b0].[PublicationYear], [b0].[Publisher], [b0].[StockQuantity], [b0].[Title], [b0].[UpdatedAtUtc]
    FROM [StockReceiptDetails] AS [s1]
    INNER JOIN (
        SELECT [b].[Id], [b].[AuthorId], [b].[CategoryId], [b].[CoverImageUrl], [b].[CreatedAtUtc], [b].[Description], [b].[ISBN], [b].[IsDeleted], [b].[Price], [b].[PublicationYear], [b].[Publisher], [b].[StockQuantity], [b].[Title], [b].[UpdatedAtUtc]
        FROM [Books] AS [b]
        WHERE [b].[IsDeleted] = CAST(0 AS bit)
    ) AS [b0] ON [s1].[BookId] = [b0].[Id]
) AS [s3] ON [s2].[Id] = [s3].[StockReceiptId]
ORDER BY [s2].[Id], [s2].[Id0], [s3].[Id]
2025-06-11 11:41:40.071 +07:00 [INF] (Bookstore.Application.Services.StockReceiptService) Fetching stock receipt with Id "3333aaaa-bbbb-cccc-dddd-eeeeffff0003"
2025-06-11 11:41:40.073 +07:00 [INF] (Microsoft.EntityFrameworkCore.Database.Command) Executed DbCommand (1ms) [Parameters=[@__id_0='3333aaaa-bbbb-cccc-dddd-eeeeffff0003'], CommandType='"Text"', CommandTimeout='30']
SELECT [s2].[Id], [s2].[CreatedAtUtc], [s2].[Notes], [s2].[ReceiptDate], [s2].[SupplierId], [s2].[UpdatedAtUtc], [s2].[Id0], [s2].[Address], [s2].[ContactPerson], [s2].[CreatedAtUtc0], [s2].[Email], [s2].[Name], [s2].[Phone], [s2].[UpdatedAtUtc0], [s3].[Id], [s3].[BookId], [s3].[PurchasePrice], [s3].[QuantityReceived], [s3].[StockReceiptId], [s3].[Id0], [s3].[AuthorId], [s3].[CategoryId], [s3].[CoverImageUrl], [s3].[CreatedAtUtc], [s3].[Description], [s3].[ISBN], [s3].[IsDeleted], [s3].[Price], [s3].[PublicationYear], [s3].[Publisher], [s3].[StockQuantity], [s3].[Title], [s3].[UpdatedAtUtc]
FROM (
    SELECT TOP(1) [s].[Id], [s].[CreatedAtUtc], [s].[Notes], [s].[ReceiptDate], [s].[SupplierId], [s].[UpdatedAtUtc], [s0].[Id] AS [Id0], [s0].[Address], [s0].[ContactPerson], [s0].[CreatedAtUtc] AS [CreatedAtUtc0], [s0].[Email], [s0].[Name], [s0].[Phone], [s0].[UpdatedAtUtc] AS [UpdatedAtUtc0]
    FROM [StockReceipts] AS [s]
    LEFT JOIN [Suppliers] AS [s0] ON [s].[SupplierId] = [s0].[Id]
    WHERE [s].[Id] = @__id_0
) AS [s2]
LEFT JOIN (
    SELECT [s1].[Id], [s1].[BookId], [s1].[PurchasePrice], [s1].[QuantityReceived], [s1].[StockReceiptId], [b0].[Id] AS [Id0], [b0].[AuthorId], [b0].[CategoryId], [b0].[CoverImageUrl], [b0].[CreatedAtUtc], [b0].[Description], [b0].[ISBN], [b0].[IsDeleted], [b0].[Price], [b0].[PublicationYear], [b0].[Publisher], [b0].[StockQuantity], [b0].[Title], [b0].[UpdatedAtUtc]
    FROM [StockReceiptDetails] AS [s1]
    INNER JOIN (
        SELECT [b].[Id], [b].[AuthorId], [b].[CategoryId], [b].[CoverImageUrl], [b].[CreatedAtUtc], [b].[Description], [b].[ISBN], [b].[IsDeleted], [b].[Price], [b].[PublicationYear], [b].[Publisher], [b].[StockQuantity], [b].[Title], [b].[UpdatedAtUtc]
        FROM [Books] AS [b]
        WHERE [b].[IsDeleted] = CAST(0 AS bit)
    ) AS [b0] ON [s1].[BookId] = [b0].[Id]
) AS [s3] ON [s2].[Id] = [s3].[StockReceiptId]
ORDER BY [s2].[Id], [s2].[Id0], [s3].[Id]
2025-06-11 11:41:43.123 +07:00 [INF] (Bookstore.Application.Services.StockReceiptService) Fetching stock receipt with Id "bb553e87-6732-4e36-83de-75e15138381c"
2025-06-11 11:41:43.125 +07:00 [INF] (Microsoft.EntityFrameworkCore.Database.Command) Executed DbCommand (0ms) [Parameters=[@__id_0='bb553e87-6732-4e36-83de-75e15138381c'], CommandType='"Text"', CommandTimeout='30']
SELECT [s2].[Id], [s2].[CreatedAtUtc], [s2].[Notes], [s2].[ReceiptDate], [s2].[SupplierId], [s2].[UpdatedAtUtc], [s2].[Id0], [s2].[Address], [s2].[ContactPerson], [s2].[CreatedAtUtc0], [s2].[Email], [s2].[Name], [s2].[Phone], [s2].[UpdatedAtUtc0], [s3].[Id], [s3].[BookId], [s3].[PurchasePrice], [s3].[QuantityReceived], [s3].[StockReceiptId], [s3].[Id0], [s3].[AuthorId], [s3].[CategoryId], [s3].[CoverImageUrl], [s3].[CreatedAtUtc], [s3].[Description], [s3].[ISBN], [s3].[IsDeleted], [s3].[Price], [s3].[PublicationYear], [s3].[Publisher], [s3].[StockQuantity], [s3].[Title], [s3].[UpdatedAtUtc]
FROM (
    SELECT TOP(1) [s].[Id], [s].[CreatedAtUtc], [s].[Notes], [s].[ReceiptDate], [s].[SupplierId], [s].[UpdatedAtUtc], [s0].[Id] AS [Id0], [s0].[Address], [s0].[ContactPerson], [s0].[CreatedAtUtc] AS [CreatedAtUtc0], [s0].[Email], [s0].[Name], [s0].[Phone], [s0].[UpdatedAtUtc] AS [UpdatedAtUtc0]
    FROM [StockReceipts] AS [s]
    LEFT JOIN [Suppliers] AS [s0] ON [s].[SupplierId] = [s0].[Id]
    WHERE [s].[Id] = @__id_0
) AS [s2]
LEFT JOIN (
    SELECT [s1].[Id], [s1].[BookId], [s1].[PurchasePrice], [s1].[QuantityReceived], [s1].[StockReceiptId], [b0].[Id] AS [Id0], [b0].[AuthorId], [b0].[CategoryId], [b0].[CoverImageUrl], [b0].[CreatedAtUtc], [b0].[Description], [b0].[ISBN], [b0].[IsDeleted], [b0].[Price], [b0].[PublicationYear], [b0].[Publisher], [b0].[StockQuantity], [b0].[Title], [b0].[UpdatedAtUtc]
    FROM [StockReceiptDetails] AS [s1]
    INNER JOIN (
        SELECT [b].[Id], [b].[AuthorId], [b].[CategoryId], [b].[CoverImageUrl], [b].[CreatedAtUtc], [b].[Description], [b].[ISBN], [b].[IsDeleted], [b].[Price], [b].[PublicationYear], [b].[Publisher], [b].[StockQuantity], [b].[Title], [b].[UpdatedAtUtc]
        FROM [Books] AS [b]
        WHERE [b].[IsDeleted] = CAST(0 AS bit)
    ) AS [b0] ON [s1].[BookId] = [b0].[Id]
) AS [s3] ON [s2].[Id] = [s3].[StockReceiptId]
ORDER BY [s2].[Id], [s2].[Id0], [s3].[Id]
2025-06-11 11:41:45.319 +07:00 [INF] (Bookstore.Application.Services.StockReceiptService) Fetching stock receipt with Id "009990b4-d9c3-47f8-8cca-90deb54f5663"
2025-06-11 11:41:45.321 +07:00 [INF] (Microsoft.EntityFrameworkCore.Database.Command) Executed DbCommand (0ms) [Parameters=[@__id_0='009990b4-d9c3-47f8-8cca-90deb54f5663'], CommandType='"Text"', CommandTimeout='30']
SELECT [s2].[Id], [s2].[CreatedAtUtc], [s2].[Notes], [s2].[ReceiptDate], [s2].[SupplierId], [s2].[UpdatedAtUtc], [s2].[Id0], [s2].[Address], [s2].[ContactPerson], [s2].[CreatedAtUtc0], [s2].[Email], [s2].[Name], [s2].[Phone], [s2].[UpdatedAtUtc0], [s3].[Id], [s3].[BookId], [s3].[PurchasePrice], [s3].[QuantityReceived], [s3].[StockReceiptId], [s3].[Id0], [s3].[AuthorId], [s3].[CategoryId], [s3].[CoverImageUrl], [s3].[CreatedAtUtc], [s3].[Description], [s3].[ISBN], [s3].[IsDeleted], [s3].[Price], [s3].[PublicationYear], [s3].[Publisher], [s3].[StockQuantity], [s3].[Title], [s3].[UpdatedAtUtc]
FROM (
    SELECT TOP(1) [s].[Id], [s].[CreatedAtUtc], [s].[Notes], [s].[ReceiptDate], [s].[SupplierId], [s].[UpdatedAtUtc], [s0].[Id] AS [Id0], [s0].[Address], [s0].[ContactPerson], [s0].[CreatedAtUtc] AS [CreatedAtUtc0], [s0].[Email], [s0].[Name], [s0].[Phone], [s0].[UpdatedAtUtc] AS [UpdatedAtUtc0]
    FROM [StockReceipts] AS [s]
    LEFT JOIN [Suppliers] AS [s0] ON [s].[SupplierId] = [s0].[Id]
    WHERE [s].[Id] = @__id_0
) AS [s2]
LEFT JOIN (
    SELECT [s1].[Id], [s1].[BookId], [s1].[PurchasePrice], [s1].[QuantityReceived], [s1].[StockReceiptId], [b0].[Id] AS [Id0], [b0].[AuthorId], [b0].[CategoryId], [b0].[CoverImageUrl], [b0].[CreatedAtUtc], [b0].[Description], [b0].[ISBN], [b0].[IsDeleted], [b0].[Price], [b0].[PublicationYear], [b0].[Publisher], [b0].[StockQuantity], [b0].[Title], [b0].[UpdatedAtUtc]
    FROM [StockReceiptDetails] AS [s1]
    INNER JOIN (
        SELECT [b].[Id], [b].[AuthorId], [b].[CategoryId], [b].[CoverImageUrl], [b].[CreatedAtUtc], [b].[Description], [b].[ISBN], [b].[IsDeleted], [b].[Price], [b].[PublicationYear], [b].[Publisher], [b].[StockQuantity], [b].[Title], [b].[UpdatedAtUtc]
        FROM [Books] AS [b]
        WHERE [b].[IsDeleted] = CAST(0 AS bit)
    ) AS [b0] ON [s1].[BookId] = [b0].[Id]
) AS [s3] ON [s2].[Id] = [s3].[StockReceiptId]
ORDER BY [s2].[Id], [s2].[Id0], [s3].[Id]
2025-06-11 11:41:50.555 +07:00 [INF] (Microsoft.EntityFrameworkCore.Database.Command) Executed DbCommand (3ms) [Parameters=[@__p_0='0', @__p_1='10'], CommandType='"Text"', CommandTimeout='30']
SELECT [c].[Id], [c].[CreatedAtUtc], [c].[Description], [c].[IsDeleted], [c].[Name], [c].[ParentCategoryId], [c].[UpdatedAtUtc]
FROM [Categories] AS [c]
WHERE [c].[IsDeleted] = CAST(0 AS bit)
ORDER BY [c].[Name]
OFFSET @__p_0 ROWS FETCH NEXT @__p_1 ROWS ONLY
2025-06-11 11:41:50.600 +07:00 [INF] (Microsoft.EntityFrameworkCore.Database.Command) Executed DbCommand (4ms) [Parameters=[@__p_0='0', @__p_1='15'], CommandType='"Text"', CommandTimeout='30']
SELECT [b0].[Id], [b0].[AuthorId], [b0].[CategoryId], [b0].[CoverImageUrl], [b0].[CreatedAtUtc], [b0].[Description], [b0].[ISBN], [b0].[IsDeleted], [b0].[Price], [b0].[PublicationYear], [b0].[Publisher], [b0].[StockQuantity], [b0].[Title], [b0].[UpdatedAtUtc], [a].[Id], [a].[Biography], [a].[CreatedAtUtc], [a].[Name], [a].[UpdatedAtUtc], [c0].[Id], [c0].[CreatedAtUtc], [c0].[Description], [c0].[IsDeleted], [c0].[Name], [c0].[ParentCategoryId], [c0].[UpdatedAtUtc]
FROM (
    SELECT [b].[Id], [b].[AuthorId], [b].[CategoryId], [b].[CoverImageUrl], [b].[CreatedAtUtc], [b].[Description], [b].[ISBN], [b].[IsDeleted], [b].[Price], [b].[PublicationYear], [b].[Publisher], [b].[StockQuantity], [b].[Title], [b].[UpdatedAtUtc]
    FROM [Books] AS [b]
    WHERE [b].[IsDeleted] = CAST(0 AS bit)
    ORDER BY [b].[CreatedAtUtc] DESC
    OFFSET @__p_0 ROWS FETCH NEXT @__p_1 ROWS ONLY
) AS [b0]
LEFT JOIN [Authors] AS [a] ON [b0].[AuthorId] = [a].[Id]
INNER JOIN (
    SELECT [c].[Id], [c].[CreatedAtUtc], [c].[Description], [c].[IsDeleted], [c].[Name], [c].[ParentCategoryId], [c].[UpdatedAtUtc]
    FROM [Categories] AS [c]
    WHERE [c].[IsDeleted] = CAST(0 AS bit)
) AS [c0] ON [b0].[CategoryId] = [c0].[Id]
ORDER BY [b0].[CreatedAtUtc] DESC
2025-06-11 11:41:50.600 +07:00 [INF] (Microsoft.EntityFrameworkCore.Database.Command) Executed DbCommand (0ms) [Parameters=[@__p_0='0', @__p_1='15'], CommandType='"Text"', CommandTimeout='30']
SELECT [b0].[Id], [b0].[AuthorId], [b0].[CategoryId], [b0].[CoverImageUrl], [b0].[CreatedAtUtc], [b0].[Description], [b0].[ISBN], [b0].[IsDeleted], [b0].[Price], [b0].[PublicationYear], [b0].[Publisher], [b0].[StockQuantity], [b0].[Title], [b0].[UpdatedAtUtc], [a].[Id], [a].[Biography], [a].[CreatedAtUtc], [a].[Name], [a].[UpdatedAtUtc], [c0].[Id], [c0].[CreatedAtUtc], [c0].[Description], [c0].[IsDeleted], [c0].[Name], [c0].[ParentCategoryId], [c0].[UpdatedAtUtc]
FROM (
    SELECT [b].[Id], [b].[AuthorId], [b].[CategoryId], [b].[CoverImageUrl], [b].[CreatedAtUtc], [b].[Description], [b].[ISBN], [b].[IsDeleted], [b].[Price], [b].[PublicationYear], [b].[Publisher], [b].[StockQuantity], [b].[Title], [b].[UpdatedAtUtc]
    FROM [Books] AS [b]
    WHERE [b].[IsDeleted] = CAST(0 AS bit)
    ORDER BY [b].[CreatedAtUtc] DESC
    OFFSET @__p_0 ROWS FETCH NEXT @__p_1 ROWS ONLY
) AS [b0]
LEFT JOIN [Authors] AS [a] ON [b0].[AuthorId] = [a].[Id]
INNER JOIN (
    SELECT [c].[Id], [c].[CreatedAtUtc], [c].[Description], [c].[IsDeleted], [c].[Name], [c].[ParentCategoryId], [c].[UpdatedAtUtc]
    FROM [Categories] AS [c]
    WHERE [c].[IsDeleted] = CAST(0 AS bit)
) AS [c0] ON [b0].[CategoryId] = [c0].[Id]
ORDER BY [b0].[CreatedAtUtc] DESC
2025-06-11 11:41:50.762 +07:00 [INF] (Microsoft.EntityFrameworkCore.Database.Command) Executed DbCommand (1ms) [Parameters=[@__p_0='0', @__p_1='15'], CommandType='"Text"', CommandTimeout='30']
SELECT [b0].[Id], [b0].[AuthorId], [b0].[CategoryId], [b0].[CoverImageUrl], [b0].[CreatedAtUtc], [b0].[Description], [b0].[ISBN], [b0].[IsDeleted], [b0].[Price], [b0].[PublicationYear], [b0].[Publisher], [b0].[StockQuantity], [b0].[Title], [b0].[UpdatedAtUtc], [a].[Id], [a].[Biography], [a].[CreatedAtUtc], [a].[Name], [a].[UpdatedAtUtc], [c0].[Id], [c0].[CreatedAtUtc], [c0].[Description], [c0].[IsDeleted], [c0].[Name], [c0].[ParentCategoryId], [c0].[UpdatedAtUtc]
FROM (
    SELECT [b].[Id], [b].[AuthorId], [b].[CategoryId], [b].[CoverImageUrl], [b].[CreatedAtUtc], [b].[Description], [b].[ISBN], [b].[IsDeleted], [b].[Price], [b].[PublicationYear], [b].[Publisher], [b].[StockQuantity], [b].[Title], [b].[UpdatedAtUtc]
    FROM [Books] AS [b]
    WHERE [b].[IsDeleted] = CAST(0 AS bit)
    ORDER BY [b].[CreatedAtUtc] DESC
    OFFSET @__p_0 ROWS FETCH NEXT @__p_1 ROWS ONLY
) AS [b0]
LEFT JOIN [Authors] AS [a] ON [b0].[AuthorId] = [a].[Id]
INNER JOIN (
    SELECT [c].[Id], [c].[CreatedAtUtc], [c].[Description], [c].[IsDeleted], [c].[Name], [c].[ParentCategoryId], [c].[UpdatedAtUtc]
    FROM [Categories] AS [c]
    WHERE [c].[IsDeleted] = CAST(0 AS bit)
) AS [c0] ON [b0].[CategoryId] = [c0].[Id]
ORDER BY [b0].[CreatedAtUtc] DESC
2025-06-11 11:41:50.765 +07:00 [INF] (Microsoft.EntityFrameworkCore.Database.Command) Executed DbCommand (1ms) [Parameters=[@__p_0='0', @__p_1='15'], CommandType='"Text"', CommandTimeout='30']
SELECT [b0].[Id], [b0].[AuthorId], [b0].[CategoryId], [b0].[CoverImageUrl], [b0].[CreatedAtUtc], [b0].[Description], [b0].[ISBN], [b0].[IsDeleted], [b0].[Price], [b0].[PublicationYear], [b0].[Publisher], [b0].[StockQuantity], [b0].[Title], [b0].[UpdatedAtUtc], [a].[Id], [a].[Biography], [a].[CreatedAtUtc], [a].[Name], [a].[UpdatedAtUtc], [c0].[Id], [c0].[CreatedAtUtc], [c0].[Description], [c0].[IsDeleted], [c0].[Name], [c0].[ParentCategoryId], [c0].[UpdatedAtUtc]
FROM (
    SELECT [b].[Id], [b].[AuthorId], [b].[CategoryId], [b].[CoverImageUrl], [b].[CreatedAtUtc], [b].[Description], [b].[ISBN], [b].[IsDeleted], [b].[Price], [b].[PublicationYear], [b].[Publisher], [b].[StockQuantity], [b].[Title], [b].[UpdatedAtUtc]
    FROM [Books] AS [b]
    WHERE [b].[IsDeleted] = CAST(0 AS bit)
    ORDER BY [b].[CreatedAtUtc] DESC
    OFFSET @__p_0 ROWS FETCH NEXT @__p_1 ROWS ONLY
) AS [b0]
LEFT JOIN [Authors] AS [a] ON [b0].[AuthorId] = [a].[Id]
INNER JOIN (
    SELECT [c].[Id], [c].[CreatedAtUtc], [c].[Description], [c].[IsDeleted], [c].[Name], [c].[ParentCategoryId], [c].[UpdatedAtUtc]
    FROM [Categories] AS [c]
    WHERE [c].[IsDeleted] = CAST(0 AS bit)
) AS [c0] ON [b0].[CategoryId] = [c0].[Id]
ORDER BY [b0].[CreatedAtUtc] DESC
2025-06-11 11:41:50.777 +07:00 [INF] (Bookstore.Application.Services.AuthorService) Fetching all authors. Page: 1, PageSize: 10, Search: null
2025-06-11 11:41:50.781 +07:00 [INF] (Microsoft.EntityFrameworkCore.Database.Command) Executed DbCommand (2ms) [Parameters=[@__p_0='0', @__p_1='10'], CommandType='"Text"', CommandTimeout='30']
SELECT [a].[Id], [a].[Biography], [a].[CreatedAtUtc], [a].[Name], [a].[UpdatedAtUtc]
FROM [Authors] AS [a]
ORDER BY [a].[Name]
OFFSET @__p_0 ROWS FETCH NEXT @__p_1 ROWS ONLY
2025-06-11 11:41:50.802 +07:00 [INF] (Microsoft.EntityFrameworkCore.Database.Command) Executed DbCommand (1ms) [Parameters=[@__p_0='0', @__p_1='15'], CommandType='"Text"', CommandTimeout='30']
SELECT [b0].[Id], [b0].[AuthorId], [b0].[CategoryId], [b0].[CoverImageUrl], [b0].[CreatedAtUtc], [b0].[Description], [b0].[ISBN], [b0].[IsDeleted], [b0].[Price], [b0].[PublicationYear], [b0].[Publisher], [b0].[StockQuantity], [b0].[Title], [b0].[UpdatedAtUtc], [a].[Id], [a].[Biography], [a].[CreatedAtUtc], [a].[Name], [a].[UpdatedAtUtc], [c0].[Id], [c0].[CreatedAtUtc], [c0].[Description], [c0].[IsDeleted], [c0].[Name], [c0].[ParentCategoryId], [c0].[UpdatedAtUtc]
FROM (
    SELECT [b].[Id], [b].[AuthorId], [b].[CategoryId], [b].[CoverImageUrl], [b].[CreatedAtUtc], [b].[Description], [b].[ISBN], [b].[IsDeleted], [b].[Price], [b].[PublicationYear], [b].[Publisher], [b].[StockQuantity], [b].[Title], [b].[UpdatedAtUtc]
    FROM [Books] AS [b]
    WHERE [b].[IsDeleted] = CAST(0 AS bit)
    ORDER BY [b].[CreatedAtUtc] DESC
    OFFSET @__p_0 ROWS FETCH NEXT @__p_1 ROWS ONLY
) AS [b0]
LEFT JOIN [Authors] AS [a] ON [b0].[AuthorId] = [a].[Id]
INNER JOIN (
    SELECT [c].[Id], [c].[CreatedAtUtc], [c].[Description], [c].[IsDeleted], [c].[Name], [c].[ParentCategoryId], [c].[UpdatedAtUtc]
    FROM [Categories] AS [c]
    WHERE [c].[IsDeleted] = CAST(0 AS bit)
) AS [c0] ON [b0].[CategoryId] = [c0].[Id]
ORDER BY [b0].[CreatedAtUtc] DESC
2025-06-11 11:41:50.806 +07:00 [INF] (Microsoft.EntityFrameworkCore.Database.Command) Executed DbCommand (1ms) [Parameters=[@__p_0='0', @__p_1='15'], CommandType='"Text"', CommandTimeout='30']
SELECT [b0].[Id], [b0].[AuthorId], [b0].[CategoryId], [b0].[CoverImageUrl], [b0].[CreatedAtUtc], [b0].[Description], [b0].[ISBN], [b0].[IsDeleted], [b0].[Price], [b0].[PublicationYear], [b0].[Publisher], [b0].[StockQuantity], [b0].[Title], [b0].[UpdatedAtUtc], [a].[Id], [a].[Biography], [a].[CreatedAtUtc], [a].[Name], [a].[UpdatedAtUtc], [c0].[Id], [c0].[CreatedAtUtc], [c0].[Description], [c0].[IsDeleted], [c0].[Name], [c0].[ParentCategoryId], [c0].[UpdatedAtUtc]
FROM (
    SELECT [b].[Id], [b].[AuthorId], [b].[CategoryId], [b].[CoverImageUrl], [b].[CreatedAtUtc], [b].[Description], [b].[ISBN], [b].[IsDeleted], [b].[Price], [b].[PublicationYear], [b].[Publisher], [b].[StockQuantity], [b].[Title], [b].[UpdatedAtUtc]
    FROM [Books] AS [b]
    WHERE [b].[IsDeleted] = CAST(0 AS bit)
    ORDER BY [b].[CreatedAtUtc] DESC
    OFFSET @__p_0 ROWS FETCH NEXT @__p_1 ROWS ONLY
) AS [b0]
LEFT JOIN [Authors] AS [a] ON [b0].[AuthorId] = [a].[Id]
INNER JOIN (
    SELECT [c].[Id], [c].[CreatedAtUtc], [c].[Description], [c].[IsDeleted], [c].[Name], [c].[ParentCategoryId], [c].[UpdatedAtUtc]
    FROM [Categories] AS [c]
    WHERE [c].[IsDeleted] = CAST(0 AS bit)
) AS [c0] ON [b0].[CategoryId] = [c0].[Id]
ORDER BY [b0].[CreatedAtUtc] DESC
2025-06-11 11:41:53.843 +07:00 [INF] (Microsoft.EntityFrameworkCore.Database.Command) Executed DbCommand (2ms) [Parameters=[@__p_0='0', @__p_1='15'], CommandType='"Text"', CommandTimeout='30']
SELECT [c].[Id], [c].[CreatedAtUtc], [c].[Description], [c].[IsDeleted], [c].[Name], [c].[ParentCategoryId], [c].[UpdatedAtUtc]
FROM [Categories] AS [c]
WHERE [c].[IsDeleted] = CAST(0 AS bit)
ORDER BY [c].[Name]
OFFSET @__p_0 ROWS FETCH NEXT @__p_1 ROWS ONLY
2025-06-11 11:41:56.512 +07:00 [INF] (Bookstore.Application.Services.AuthorService) Fetching all authors. Page: 1, PageSize: 15, Search: null
2025-06-11 11:41:56.516 +07:00 [INF] (Microsoft.EntityFrameworkCore.Database.Command) Executed DbCommand (2ms) [Parameters=[@__p_0='0', @__p_1='15'], CommandType='"Text"', CommandTimeout='30']
SELECT [a].[Id], [a].[Biography], [a].[CreatedAtUtc], [a].[Name], [a].[UpdatedAtUtc]
FROM [Authors] AS [a]
ORDER BY [a].[Name]
OFFSET @__p_0 ROWS FETCH NEXT @__p_1 ROWS ONLY
2025-06-11 11:42:01.300 +07:00 [INF] (Bookstore.Application.Services.SupplierService) Fetching all suppliers.
2025-06-11 11:42:01.304 +07:00 [INF] (Microsoft.EntityFrameworkCore.Database.Command) Executed DbCommand (2ms) [Parameters=[], CommandType='"Text"', CommandTimeout='30']
SELECT [s].[Id], [s].[Address], [s].[ContactPerson], [s].[CreatedAtUtc], [s].[Email], [s].[Name], [s].[Phone], [s].[UpdatedAtUtc]
FROM [Suppliers] AS [s]
ORDER BY [s].[Name]
2025-06-11 11:42:10.036 +07:00 [INF] (Bookstore.Application.Services.UserService) Fetching users for admin. Page: 1, PageSize: 5, Role: User, Active: All, Search: ng
2025-06-11 11:42:10.039 +07:00 [WRN] (Bookstore.Application.Services.UserService) Role filter in GetAllUsersAsync is complex and not fully implemented without specific repository method for roles.
2025-06-11 11:42:10.069 +07:00 [INF] (Microsoft.EntityFrameworkCore.Database.Command) Executed DbCommand (15ms) [Parameters=[@__term_0_contains='%ng%' (Size = 450), @__term_0_contains_1='%ng%' (Size = 100), @__p_1='0', @__p_2='5'], CommandType='"Text"', CommandTimeout='30']
SELECT [u1].[Id], [u1].[CreatedAtUtc], [u1].[Email], [u1].[FirstName], [u1].[IsActive], [u1].[LastName], [u1].[PasswordHash], [u1].[PhoneNumber], [u1].[UpdatedAtUtc], [u1].[UserName], [s].[UserId], [s].[RoleId], [s].[Id], [s].[CreatedAtUtc], [s].[Name], [s].[UpdatedAtUtc]
FROM (
    SELECT [u].[Id], [u].[CreatedAtUtc], [u].[Email], [u].[FirstName], [u].[IsActive], [u].[LastName], [u].[PasswordHash], [u].[PhoneNumber], [u].[UpdatedAtUtc], [u].[UserName]
    FROM [Users] AS [u]
    WHERE LOWER([u].[UserName]) LIKE @__term_0_contains ESCAPE N'\' OR LOWER([u].[Email]) LIKE @__term_0_contains ESCAPE N'\' OR ([u].[FirstName] IS NOT NULL AND LOWER([u].[FirstName]) LIKE @__term_0_contains_1 ESCAPE N'\') OR ([u].[LastName] IS NOT NULL AND LOWER([u].[LastName]) LIKE @__term_0_contains_1 ESCAPE N'\')
    ORDER BY [u].[UserName]
    OFFSET @__p_1 ROWS FETCH NEXT @__p_2 ROWS ONLY
) AS [u1]
LEFT JOIN (
    SELECT [u0].[UserId], [u0].[RoleId], [r].[Id], [r].[CreatedAtUtc], [r].[Name], [r].[UpdatedAtUtc]
    FROM [UserRoles] AS [u0]
    INNER JOIN [Roles] AS [r] ON [u0].[RoleId] = [r].[Id]
) AS [s] ON [u1].[Id] = [s].[UserId]
ORDER BY [u1].[UserName], [u1].[Id], [s].[UserId], [s].[RoleId]
2025-06-11 11:42:16.254 +07:00 [INF] (Microsoft.EntityFrameworkCore.Database.Command) Executed DbCommand (6ms) [Parameters=[@__searchTerm_0_contains='%du%' (Size = 4000), @__p_1='0', @__p_2='10'], CommandType='"Text"', CommandTimeout='30']
SELECT [s].[Id], [s].[AuthorId], [s].[CategoryId], [s].[CoverImageUrl], [s].[CreatedAtUtc], [s].[Description], [s].[ISBN], [s].[IsDeleted], [s].[Price], [s].[PublicationYear], [s].[Publisher], [s].[StockQuantity], [s].[Title], [s].[UpdatedAtUtc], [s].[Id0], [s].[Biography], [s].[CreatedAtUtc0], [s].[Name], [s].[UpdatedAtUtc0], [c0].[Id], [c0].[CreatedAtUtc], [c0].[Description], [c0].[IsDeleted], [c0].[Name], [c0].[ParentCategoryId], [c0].[UpdatedAtUtc]
FROM (
    SELECT [b].[Id], [b].[AuthorId], [b].[CategoryId], [b].[CoverImageUrl], [b].[CreatedAtUtc], [b].[Description], [b].[ISBN], [b].[IsDeleted], [b].[Price], [b].[PublicationYear], [b].[Publisher], [b].[StockQuantity], [b].[Title], [b].[UpdatedAtUtc], [a].[Id] AS [Id0], [a].[Biography], [a].[CreatedAtUtc] AS [CreatedAtUtc0], [a].[Name], [a].[UpdatedAtUtc] AS [UpdatedAtUtc0]
    FROM [Books] AS [b]
    LEFT JOIN [Authors] AS [a] ON [b].[AuthorId] = [a].[Id]
    WHERE [b].[IsDeleted] = CAST(0 AS bit) AND (LOWER([b].[Title]) LIKE @__searchTerm_0_contains ESCAPE N'\' OR ([a].[Id] IS NOT NULL AND [a].[Name] IS NOT NULL AND LOWER([a].[Name]) LIKE @__searchTerm_0_contains ESCAPE N'\') OR ([b].[ISBN] IS NOT NULL AND LOWER([b].[ISBN]) LIKE @__searchTerm_0_contains ESCAPE N'\'))
    ORDER BY [b].[CreatedAtUtc] DESC
    OFFSET @__p_1 ROWS FETCH NEXT @__p_2 ROWS ONLY
) AS [s]
INNER JOIN (
    SELECT [c].[Id], [c].[CreatedAtUtc], [c].[Description], [c].[IsDeleted], [c].[Name], [c].[ParentCategoryId], [c].[UpdatedAtUtc]
    FROM [Categories] AS [c]
    WHERE [c].[IsDeleted] = CAST(0 AS bit)
) AS [c0] ON [s].[CategoryId] = [c0].[Id]
ORDER BY [s].[CreatedAtUtc] DESC
2025-06-11 11:42:29.982 +07:00 [INF] (Bookstore.Application.Services.OrderService) Staff "f54527eb-f806-40db-bf76-c7b0e5fa6d39" creating new In-Store order. CustomerId: "a89cf687-7e1d-41d0-ab79-4b8b03577868"
2025-06-11 11:42:29.991 +07:00 [INF] (Microsoft.EntityFrameworkCore.Database.Command) Executed DbCommand (2ms) [Parameters=[@__p_0='a89cf687-7e1d-41d0-ab79-4b8b03577868' (Nullable = true)], CommandType='"Text"', CommandTimeout='30']
SELECT TOP(1) [u].[Id], [u].[CreatedAtUtc], [u].[Email], [u].[FirstName], [u].[IsActive], [u].[LastName], [u].[PasswordHash], [u].[PhoneNumber], [u].[UpdatedAtUtc], [u].[UserName]
FROM [Users] AS [u]
WHERE [u].[Id] = @__p_0
2025-06-11 11:42:29.997 +07:00 [INF] (Microsoft.EntityFrameworkCore.Database.Command) Executed DbCommand (1ms) [Parameters=[@__p_0='1cf348ee-deb2-46ab-aa5c-3815a7969e2d' (Nullable = true)], CommandType='"Text"', CommandTimeout='30']
SELECT TOP(1) [b].[Id], [b].[AuthorId], [b].[CategoryId], [b].[CoverImageUrl], [b].[CreatedAtUtc], [b].[Description], [b].[ISBN], [b].[IsDeleted], [b].[Price], [b].[PublicationYear], [b].[Publisher], [b].[StockQuantity], [b].[Title], [b].[UpdatedAtUtc]
FROM [Books] AS [b]
WHERE [b].[IsDeleted] = CAST(0 AS bit) AND [b].[Id] = @__p_0
2025-06-11 11:42:30.003 +07:00 [WRN] (Microsoft.EntityFrameworkCore.Database.Transaction) Savepoints are disabled because Multiple Active Result Sets (MARS) is enabled. If 'SaveChanges' fails, then the transaction cannot be automatically rolled back to a known clean state. Instead, the transaction should be rolled back by the application before retrying 'SaveChanges'. See https://go.microsoft.com/fwlink/?linkid=2149338 for more information and examples. To identify the code which triggers this warning, call 'ConfigureWarnings(w => w.Throw(SqlServerEventId.SavepointsDisabledBecauseOfMARS))'.
2025-06-11 11:42:30.016 +07:00 [INF] (Microsoft.EntityFrameworkCore.Database.Command) Executed DbCommand (10ms) [Parameters=[@p2='1cf348ee-deb2-46ab-aa5c-3815a7969e2d', @p0='19', @p1='2025-06-11T04:42:30.0033074Z', @p3='ab9a4bab-c96c-4ad9-b2fb-006f2206e9b9', @p4='2025-06-11T04:42:30.0033068Z', @p5='1' (Size = 1), @p6='INV-20250611044229-5763' (Size = 50), @p7='2025-06-11T04:42:29.9953185Z', @p8=NULL (DbType = Guid), @p9='1' (Size = 1), @p10='2' (Nullable = true) (Size = 1), @p11='Completed' (Nullable = false) (Size = 50), @p12='3' (Size = 1), @p13='31.98' (Precision = 18) (Scale = 2), @p14=NULL (Size = 4000), @p15='2025-06-11T04:42:30.0033063Z', @p16='a89cf687-7e1d-41d0-ab79-4b8b03577868' (Nullable = true), @p17='facdd0c5-2148-469b-96a1-aecb534a421d', @p18='1cf348ee-deb2-46ab-aa5c-3815a7969e2d', @p19='-2', @p20='ab9a4bab-c96c-4ad9-b2fb-006f2206e9b9' (Nullable = true), @p21='2' (Size = 1), @p22=NULL (DbType = Guid), @p23='2025-06-11T04:42:29.9953185Z', @p24='f54527eb-f806-40db-bf76-c7b0e5fa6d39' (Nullable = true), @p25='3fe94ef1-9809-4fa5-bb6b-fb0859c9f02c', @p26='1cf348ee-deb2-46ab-aa5c-3815a7969e2d', @p27='ab9a4bab-c96c-4ad9-b2fb-006f2206e9b9', @p28='2', @p29='15.99' (Precision = 18) (Scale = 2)], CommandType='"Text"', CommandTimeout='30']
SET NOCOUNT ON;
UPDATE [Books] SET [StockQuantity] = @p0, [UpdatedAtUtc] = @p1
OUTPUT 1
WHERE [Id] = @p2;
INSERT INTO [Orders] ([Id], [CreatedAtUtc], [DeliveryMethod], [InvoiceNumber], [OrderDate], [OrderShippingAddressId], [OrderType], [PaymentMethod], [PaymentStatus], [Status], [TotalAmount], [TransactionId], [UpdatedAtUtc], [UserId])
VALUES (@p3, @p4, @p5, @p6, @p7, @p8, @p9, @p10, @p11, @p12, @p13, @p14, @p15, @p16);
INSERT INTO [InventoryLogs] ([Id], [BookId], [ChangeQuantity], [OrderId], [Reason], [StockReceiptId], [TimestampUtc], [UserId])
VALUES (@p17, @p18, @p19, @p20, @p21, @p22, @p23, @p24);
INSERT INTO [OrderDetails] ([Id], [BookId], [OrderId], [Quantity], [UnitPrice])
VALUES (@p25, @p26, @p27, @p28, @p29);
2025-06-11 11:42:30.024 +07:00 [INF] (Bookstore.Application.Services.OrderService) In-Store order "ab9a4bab-c96c-4ad9-b2fb-006f2206e9b9" created successfully by Staff "f54527eb-f806-40db-bf76-c7b0e5fa6d39".
2025-06-11 11:42:30.036 +07:00 [INF] (Microsoft.EntityFrameworkCore.Database.Command) Executed DbCommand (10ms) [Parameters=[@__orderId_0='ab9a4bab-c96c-4ad9-b2fb-006f2206e9b9'], CommandType='"Text"', CommandTimeout='30']
SELECT [s].[Id], [s].[CreatedAtUtc], [s].[DeliveryMethod], [s].[InvoiceNumber], [s].[OrderDate], [s].[OrderShippingAddressId], [s].[OrderType], [s].[PaymentMethod], [s].[PaymentStatus], [s].[Status], [s].[TotalAmount], [s].[TransactionId], [s].[UpdatedAtUtc], [s].[UserId], [s].[Id0], [s].[CreatedAtUtc0], [s].[Email], [s].[FirstName], [s].[IsActive], [s].[LastName], [s].[PasswordHash], [s].[PhoneNumber], [s].[UpdatedAtUtc0], [s].[UserName], [s].[Id1], [s].[City], [s].[District], [s].[PhoneNumber0], [s].[RecipientName], [s].[Street], [s].[Village], [s0].[Id], [s0].[BookId], [s0].[OrderId], [s0].[Quantity], [s0].[UnitPrice], [s0].[Id0], [s0].[AuthorId], [s0].[CategoryId], [s0].[CoverImageUrl], [s0].[CreatedAtUtc], [s0].[Description], [s0].[ISBN], [s0].[IsDeleted], [s0].[Price], [s0].[PublicationYear], [s0].[Publisher], [s0].[StockQuantity], [s0].[Title], [s0].[UpdatedAtUtc], [s0].[Id1], [s0].[Biography], [s0].[CreatedAtUtc0], [s0].[Name], [s0].[UpdatedAtUtc0]
FROM (
    SELECT TOP(1) [o].[Id], [o].[CreatedAtUtc], [o].[DeliveryMethod], [o].[InvoiceNumber], [o].[OrderDate], [o].[OrderShippingAddressId], [o].[OrderType], [o].[PaymentMethod], [o].[PaymentStatus], [o].[Status], [o].[TotalAmount], [o].[TransactionId], [o].[UpdatedAtUtc], [o].[UserId], [u].[Id] AS [Id0], [u].[CreatedAtUtc] AS [CreatedAtUtc0], [u].[Email], [u].[FirstName], [u].[IsActive], [u].[LastName], [u].[PasswordHash], [u].[PhoneNumber], [u].[UpdatedAtUtc] AS [UpdatedAtUtc0], [u].[UserName], [o0].[Id] AS [Id1], [o0].[City], [o0].[District], [o0].[PhoneNumber] AS [PhoneNumber0], [o0].[RecipientName], [o0].[Street], [o0].[Village]
    FROM [Orders] AS [o]
    LEFT JOIN [Users] AS [u] ON [o].[UserId] = [u].[Id]
    LEFT JOIN [OrderShippingAddresses] AS [o0] ON [o].[OrderShippingAddressId] = [o0].[Id]
    WHERE [o].[Id] = @__orderId_0
) AS [s]
LEFT JOIN (
    SELECT [o1].[Id], [o1].[BookId], [o1].[OrderId], [o1].[Quantity], [o1].[UnitPrice], [b0].[Id] AS [Id0], [b0].[AuthorId], [b0].[CategoryId], [b0].[CoverImageUrl], [b0].[CreatedAtUtc], [b0].[Description], [b0].[ISBN], [b0].[IsDeleted], [b0].[Price], [b0].[PublicationYear], [b0].[Publisher], [b0].[StockQuantity], [b0].[Title], [b0].[UpdatedAtUtc], [a].[Id] AS [Id1], [a].[Biography], [a].[CreatedAtUtc] AS [CreatedAtUtc0], [a].[Name], [a].[UpdatedAtUtc] AS [UpdatedAtUtc0]
    FROM [OrderDetails] AS [o1]
    INNER JOIN (
        SELECT [b].[Id], [b].[AuthorId], [b].[CategoryId], [b].[CoverImageUrl], [b].[CreatedAtUtc], [b].[Description], [b].[ISBN], [b].[IsDeleted], [b].[Price], [b].[PublicationYear], [b].[Publisher], [b].[StockQuantity], [b].[Title], [b].[UpdatedAtUtc]
        FROM [Books] AS [b]
        WHERE [b].[IsDeleted] = CAST(0 AS bit)
    ) AS [b0] ON [o1].[BookId] = [b0].[Id]
    LEFT JOIN [Authors] AS [a] ON [b0].[AuthorId] = [a].[Id]
) AS [s0] ON [s].[Id] = [s0].[OrderId]
ORDER BY [s].[Id], [s].[Id0], [s].[Id1], [s0].[Id], [s0].[Id0]
2025-06-11 11:42:30.083 +07:00 [INF] (Bookstore.Application.Services.OrderService) Fetching all orders for Admin. Page: 1, PageSize: 15, StatusFilter: None
2025-06-11 11:42:30.084 +07:00 [INF] (Bookstore.Application.Services.OrderService) Fetching all orders for Admin. Page: 1, PageSize: 15, StatusFilter: None
2025-06-11 11:42:30.093 +07:00 [INF] (Microsoft.EntityFrameworkCore.Database.Command) Executed DbCommand (4ms) [Parameters=[@__p_0='0', @__p_1='15'], CommandType='"Text"', CommandTimeout='30']
SELECT [o0].[Id], [o0].[CreatedAtUtc], [o0].[DeliveryMethod], [o0].[InvoiceNumber], [o0].[OrderDate], [o0].[OrderShippingAddressId], [o0].[OrderType], [o0].[PaymentMethod], [o0].[PaymentStatus], [o0].[Status], [o0].[TotalAmount], [o0].[TransactionId], [o0].[UpdatedAtUtc], [o0].[UserId], [u].[Id], [u].[CreatedAtUtc], [u].[Email], [u].[FirstName], [u].[IsActive], [u].[LastName], [u].[PasswordHash], [u].[PhoneNumber], [u].[UpdatedAtUtc], [u].[UserName], [o1].[Id], [o1].[BookId], [o1].[OrderId], [o1].[Quantity], [o1].[UnitPrice]
FROM (
    SELECT [o].[Id], [o].[CreatedAtUtc], [o].[DeliveryMethod], [o].[InvoiceNumber], [o].[OrderDate], [o].[OrderShippingAddressId], [o].[OrderType], [o].[PaymentMethod], [o].[PaymentStatus], [o].[Status], [o].[TotalAmount], [o].[TransactionId], [o].[UpdatedAtUtc], [o].[UserId]
    FROM [Orders] AS [o]
    ORDER BY [o].[OrderDate] DESC
    OFFSET @__p_0 ROWS FETCH NEXT @__p_1 ROWS ONLY
) AS [o0]
LEFT JOIN [Users] AS [u] ON [o0].[UserId] = [u].[Id]
LEFT JOIN [OrderDetails] AS [o1] ON [o0].[Id] = [o1].[OrderId]
ORDER BY [o0].[OrderDate] DESC, [o0].[Id], [u].[Id]
2025-06-11 11:42:30.094 +07:00 [INF] (Microsoft.EntityFrameworkCore.Database.Command) Executed DbCommand (2ms) [Parameters=[@__p_0='0', @__p_1='15'], CommandType='"Text"', CommandTimeout='30']
SELECT [o0].[Id], [o0].[CreatedAtUtc], [o0].[DeliveryMethod], [o0].[InvoiceNumber], [o0].[OrderDate], [o0].[OrderShippingAddressId], [o0].[OrderType], [o0].[PaymentMethod], [o0].[PaymentStatus], [o0].[Status], [o0].[TotalAmount], [o0].[TransactionId], [o0].[UpdatedAtUtc], [o0].[UserId], [u].[Id], [u].[CreatedAtUtc], [u].[Email], [u].[FirstName], [u].[IsActive], [u].[LastName], [u].[PasswordHash], [u].[PhoneNumber], [u].[UpdatedAtUtc], [u].[UserName], [o1].[Id], [o1].[BookId], [o1].[OrderId], [o1].[Quantity], [o1].[UnitPrice]
FROM (
    SELECT [o].[Id], [o].[CreatedAtUtc], [o].[DeliveryMethod], [o].[InvoiceNumber], [o].[OrderDate], [o].[OrderShippingAddressId], [o].[OrderType], [o].[PaymentMethod], [o].[PaymentStatus], [o].[Status], [o].[TotalAmount], [o].[TransactionId], [o].[UpdatedAtUtc], [o].[UserId]
    FROM [Orders] AS [o]
    ORDER BY [o].[OrderDate] DESC
    OFFSET @__p_0 ROWS FETCH NEXT @__p_1 ROWS ONLY
) AS [o0]
LEFT JOIN [Users] AS [u] ON [o0].[UserId] = [u].[Id]
LEFT JOIN [OrderDetails] AS [o1] ON [o0].[Id] = [o1].[OrderId]
ORDER BY [o0].[OrderDate] DESC, [o0].[Id], [u].[Id]
2025-06-11 11:42:33.269 +07:00 [INF] (Bookstore.Application.Services.OrderService) Fetching order details "ab9a4bab-c96c-4ad9-b2fb-006f2206e9b9" for Admin
2025-06-11 11:42:33.273 +07:00 [INF] (Microsoft.EntityFrameworkCore.Database.Command) Executed DbCommand (1ms) [Parameters=[@__orderId_0='ab9a4bab-c96c-4ad9-b2fb-006f2206e9b9'], CommandType='"Text"', CommandTimeout='30']
SELECT [s].[Id], [s].[CreatedAtUtc], [s].[DeliveryMethod], [s].[InvoiceNumber], [s].[OrderDate], [s].[OrderShippingAddressId], [s].[OrderType], [s].[PaymentMethod], [s].[PaymentStatus], [s].[Status], [s].[TotalAmount], [s].[TransactionId], [s].[UpdatedAtUtc], [s].[UserId], [s].[Id0], [s].[CreatedAtUtc0], [s].[Email], [s].[FirstName], [s].[IsActive], [s].[LastName], [s].[PasswordHash], [s].[PhoneNumber], [s].[UpdatedAtUtc0], [s].[UserName], [s].[Id1], [s].[City], [s].[District], [s].[PhoneNumber0], [s].[RecipientName], [s].[Street], [s].[Village], [s0].[Id], [s0].[BookId], [s0].[OrderId], [s0].[Quantity], [s0].[UnitPrice], [s0].[Id0], [s0].[AuthorId], [s0].[CategoryId], [s0].[CoverImageUrl], [s0].[CreatedAtUtc], [s0].[Description], [s0].[ISBN], [s0].[IsDeleted], [s0].[Price], [s0].[PublicationYear], [s0].[Publisher], [s0].[StockQuantity], [s0].[Title], [s0].[UpdatedAtUtc], [s0].[Id1], [s0].[Biography], [s0].[CreatedAtUtc0], [s0].[Name], [s0].[UpdatedAtUtc0]
FROM (
    SELECT TOP(1) [o].[Id], [o].[CreatedAtUtc], [o].[DeliveryMethod], [o].[InvoiceNumber], [o].[OrderDate], [o].[OrderShippingAddressId], [o].[OrderType], [o].[PaymentMethod], [o].[PaymentStatus], [o].[Status], [o].[TotalAmount], [o].[TransactionId], [o].[UpdatedAtUtc], [o].[UserId], [u].[Id] AS [Id0], [u].[CreatedAtUtc] AS [CreatedAtUtc0], [u].[Email], [u].[FirstName], [u].[IsActive], [u].[LastName], [u].[PasswordHash], [u].[PhoneNumber], [u].[UpdatedAtUtc] AS [UpdatedAtUtc0], [u].[UserName], [o0].[Id] AS [Id1], [o0].[City], [o0].[District], [o0].[PhoneNumber] AS [PhoneNumber0], [o0].[RecipientName], [o0].[Street], [o0].[Village]
    FROM [Orders] AS [o]
    LEFT JOIN [Users] AS [u] ON [o].[UserId] = [u].[Id]
    LEFT JOIN [OrderShippingAddresses] AS [o0] ON [o].[OrderShippingAddressId] = [o0].[Id]
    WHERE [o].[Id] = @__orderId_0
) AS [s]
LEFT JOIN (
    SELECT [o1].[Id], [o1].[BookId], [o1].[OrderId], [o1].[Quantity], [o1].[UnitPrice], [b0].[Id] AS [Id0], [b0].[AuthorId], [b0].[CategoryId], [b0].[CoverImageUrl], [b0].[CreatedAtUtc], [b0].[Description], [b0].[ISBN], [b0].[IsDeleted], [b0].[Price], [b0].[PublicationYear], [b0].[Publisher], [b0].[StockQuantity], [b0].[Title], [b0].[UpdatedAtUtc], [a].[Id] AS [Id1], [a].[Biography], [a].[CreatedAtUtc] AS [CreatedAtUtc0], [a].[Name], [a].[UpdatedAtUtc] AS [UpdatedAtUtc0]
    FROM [OrderDetails] AS [o1]
    INNER JOIN (
        SELECT [b].[Id], [b].[AuthorId], [b].[CategoryId], [b].[CoverImageUrl], [b].[CreatedAtUtc], [b].[Description], [b].[ISBN], [b].[IsDeleted], [b].[Price], [b].[PublicationYear], [b].[Publisher], [b].[StockQuantity], [b].[Title], [b].[UpdatedAtUtc]
        FROM [Books] AS [b]
        WHERE [b].[IsDeleted] = CAST(0 AS bit)
    ) AS [b0] ON [o1].[BookId] = [b0].[Id]
    LEFT JOIN [Authors] AS [a] ON [b0].[AuthorId] = [a].[Id]
) AS [s0] ON [s].[Id] = [s0].[OrderId]
ORDER BY [s].[Id], [s].[Id0], [s].[Id1], [s0].[Id], [s0].[Id0]
2025-06-11 11:42:39.288 +07:00 [INF] (Bookstore.Application.Services.OrderService) Fetching all orders for Admin. Page: 1, PageSize: 15, StatusFilter: None
2025-06-11 11:42:39.291 +07:00 [INF] (Microsoft.EntityFrameworkCore.Database.Command) Executed DbCommand (1ms) [Parameters=[@__p_0='0', @__p_1='15'], CommandType='"Text"', CommandTimeout='30']
SELECT [o0].[Id], [o0].[CreatedAtUtc], [o0].[DeliveryMethod], [o0].[InvoiceNumber], [o0].[OrderDate], [o0].[OrderShippingAddressId], [o0].[OrderType], [o0].[PaymentMethod], [o0].[PaymentStatus], [o0].[Status], [o0].[TotalAmount], [o0].[TransactionId], [o0].[UpdatedAtUtc], [o0].[UserId], [u].[Id], [u].[CreatedAtUtc], [u].[Email], [u].[FirstName], [u].[IsActive], [u].[LastName], [u].[PasswordHash], [u].[PhoneNumber], [u].[UpdatedAtUtc], [u].[UserName], [o1].[Id], [o1].[BookId], [o1].[OrderId], [o1].[Quantity], [o1].[UnitPrice]
FROM (
    SELECT [o].[Id], [o].[CreatedAtUtc], [o].[DeliveryMethod], [o].[InvoiceNumber], [o].[OrderDate], [o].[OrderShippingAddressId], [o].[OrderType], [o].[PaymentMethod], [o].[PaymentStatus], [o].[Status], [o].[TotalAmount], [o].[TransactionId], [o].[UpdatedAtUtc], [o].[UserId]
    FROM [Orders] AS [o]
    ORDER BY [o].[OrderDate] DESC
    OFFSET @__p_0 ROWS FETCH NEXT @__p_1 ROWS ONLY
) AS [o0]
LEFT JOIN [Users] AS [u] ON [o0].[UserId] = [u].[Id]
LEFT JOIN [OrderDetails] AS [o1] ON [o0].[Id] = [o1].[OrderId]
ORDER BY [o0].[OrderDate] DESC, [o0].[Id], [u].[Id]
2025-06-11 11:42:39.292 +07:00 [INF] (Bookstore.Application.Services.OrderService) Fetching all orders for Admin. Page: 1, PageSize: 15, StatusFilter: None
2025-06-11 11:42:39.299 +07:00 [INF] (Microsoft.EntityFrameworkCore.Database.Command) Executed DbCommand (1ms) [Parameters=[@__p_0='0', @__p_1='15'], CommandType='"Text"', CommandTimeout='30']
SELECT [o0].[Id], [o0].[CreatedAtUtc], [o0].[DeliveryMethod], [o0].[InvoiceNumber], [o0].[OrderDate], [o0].[OrderShippingAddressId], [o0].[OrderType], [o0].[PaymentMethod], [o0].[PaymentStatus], [o0].[Status], [o0].[TotalAmount], [o0].[TransactionId], [o0].[UpdatedAtUtc], [o0].[UserId], [u].[Id], [u].[CreatedAtUtc], [u].[Email], [u].[FirstName], [u].[IsActive], [u].[LastName], [u].[PasswordHash], [u].[PhoneNumber], [u].[UpdatedAtUtc], [u].[UserName], [o1].[Id], [o1].[BookId], [o1].[OrderId], [o1].[Quantity], [o1].[UnitPrice]
FROM (
    SELECT [o].[Id], [o].[CreatedAtUtc], [o].[DeliveryMethod], [o].[InvoiceNumber], [o].[OrderDate], [o].[OrderShippingAddressId], [o].[OrderType], [o].[PaymentMethod], [o].[PaymentStatus], [o].[Status], [o].[TotalAmount], [o].[TransactionId], [o].[UpdatedAtUtc], [o].[UserId]
    FROM [Orders] AS [o]
    ORDER BY [o].[OrderDate] DESC
    OFFSET @__p_0 ROWS FETCH NEXT @__p_1 ROWS ONLY
) AS [o0]
LEFT JOIN [Users] AS [u] ON [o0].[UserId] = [u].[Id]
LEFT JOIN [OrderDetails] AS [o1] ON [o0].[Id] = [o1].[OrderId]
ORDER BY [o0].[OrderDate] DESC, [o0].[Id], [u].[Id]
2025-06-11 11:42:41.169 +07:00 [INF] (Bookstore.Application.Services.DashboardService) Fetching home dashboard data.
2025-06-11 11:42:41.174 +07:00 [INF] (Microsoft.EntityFrameworkCore.Database.Command) Executed DbCommand (3ms) [Parameters=[], CommandType='"Text"', CommandTimeout='30']
SELECT [b].[Id], [b].[AuthorId], [b].[CategoryId], [b].[CoverImageUrl], [b].[CreatedAtUtc], [b].[Description], [b].[ISBN], [b].[IsDeleted], [b].[Price], [b].[PublicationYear], [b].[Publisher], [b].[StockQuantity], [b].[Title], [b].[UpdatedAtUtc], [a].[Id], [a].[Biography], [a].[CreatedAtUtc], [a].[Name], [a].[UpdatedAtUtc]
FROM [Books] AS [b]
LEFT JOIN [Authors] AS [a] ON [b].[AuthorId] = [a].[Id]
WHERE [b].[IsDeleted] = CAST(0 AS bit)
ORDER BY [b].[CreatedAtUtc] DESC
2025-06-11 11:42:41.177 +07:00 [INF] (Bookstore.Application.Services.DashboardService) Fetched 10 newest books.
2025-06-11 11:42:41.184 +07:00 [INF] (Microsoft.EntityFrameworkCore.Database.Command) Executed DbCommand (6ms) [Parameters=[@__p_2='5', @__inclusiveStartDate_0='2025-05-12T00:00:00.0000000Z', @__inclusiveEndDate_1='2025-06-12T00:00:00.0000000Z'], CommandType='"Text"', CommandTimeout='30']
SELECT [s].[BookId], [b2].[Title] AS [BookTitle], [s].[TotalQuantitySold]
FROM (
    SELECT TOP(@__p_2) [o].[BookId], COALESCE(SUM([o].[Quantity]), 0) AS [TotalQuantitySold]
    FROM [OrderDetails] AS [o]
    INNER JOIN [Orders] AS [o0] ON [o].[OrderId] = [o0].[Id]
    INNER JOIN (
        SELECT [b].[Id], [b].[IsDeleted]
        FROM [Books] AS [b]
        WHERE [b].[IsDeleted] = CAST(0 AS bit)
    ) AS [b0] ON [o].[BookId] = [b0].[Id]
    WHERE [o0].[Status] = CAST(3 AS tinyint) AND [o0].[OrderDate] >= @__inclusiveStartDate_0 AND [o0].[OrderDate] < @__inclusiveEndDate_1 AND [b0].[IsDeleted] = CAST(0 AS bit)
    GROUP BY [o].[BookId]
    ORDER BY COALESCE(SUM([o].[Quantity]), 0) DESC
) AS [s]
INNER JOIN (
    SELECT [b1].[Id], [b1].[Title]
    FROM [Books] AS [b1]
    WHERE [b1].[IsDeleted] = CAST(0 AS bit)
) AS [b2] ON [s].[BookId] = [b2].[Id]
ORDER BY [s].[TotalQuantitySold] DESC
2025-06-11 11:42:41.193 +07:00 [INF] (Microsoft.EntityFrameworkCore.Database.Command) Executed DbCommand (4ms) [Parameters=[@__bestsellerBookIds_0='["c191919e-e763-4e03-9e2b-24d944f4d401","5d8fc980-abf3-49f8-a735-92c402be0cbe","6d858026-d70a-4441-8837-01f8d972cb26","6c50f852-d8c7-4ef9-a26a-c9d292ef9108","39f2e54f-3480-424d-9611-a9b9097314a9"]' (Size = 4000)], CommandType='"Text"', CommandTimeout='30']
SELECT [b].[Id], [b].[AuthorId], [b].[CategoryId], [b].[CoverImageUrl], [b].[CreatedAtUtc], [b].[Description], [b].[ISBN], [b].[IsDeleted], [b].[Price], [b].[PublicationYear], [b].[Publisher], [b].[StockQuantity], [b].[Title], [b].[UpdatedAtUtc], [a].[Id], [a].[Biography], [a].[CreatedAtUtc], [a].[Name], [a].[UpdatedAtUtc]
FROM [Books] AS [b]
LEFT JOIN [Authors] AS [a] ON [b].[AuthorId] = [a].[Id]
WHERE [b].[IsDeleted] = CAST(0 AS bit) AND [b].[Id] IN (
    SELECT [b0].[value]
    FROM OPENJSON(@__bestsellerBookIds_0) WITH ([value] uniqueidentifier '$') AS [b0]
) AND [b].[IsDeleted] = CAST(0 AS bit)
2025-06-11 11:42:41.198 +07:00 [INF] (Bookstore.Application.Services.DashboardService) Fetched 5 bestselling books.
2025-06-11 11:42:41.202 +07:00 [INF] (Microsoft.EntityFrameworkCore.Database.Command) Executed DbCommand (3ms) [Parameters=[@__currentDate_0='2025-06-11T04:42:41.1993854Z', @__currentDate_1='2025-06-11T04:42:41.1993854Z' (Nullable = true)], CommandType='"Text"', CommandTimeout='30']
SELECT [p].[Id], [p].[Code], [p].[CreatedAtUtc], [p].[CurrentUsage], [p].[Description], [p].[DiscountAmount], [p].[DiscountPercentage], [p].[EndDate], [p].[IsActive], [p].[MaxUsage], [p].[StartDate], [p].[UpdatedAtUtc]
FROM [Promotions] AS [p]
WHERE [p].[IsActive] = CAST(1 AS bit) AND [p].[StartDate] <= @__currentDate_0 AND ([p].[EndDate] IS NULL OR [p].[EndDate] >= @__currentDate_1) AND ([p].[MaxUsage] IS NULL OR [p].[CurrentUsage] < [p].[MaxUsage])
ORDER BY [p].[EndDate]
2025-06-11 11:42:41.208 +07:00 [INF] (Microsoft.EntityFrameworkCore.Database.Command) Executed DbCommand (2ms) [Parameters=[], CommandType='"Text"', CommandTimeout='30']
SELECT [c].[Id], [c].[CreatedAtUtc], [c].[Description], [c].[IsDeleted], [c].[Name], [c].[ParentCategoryId], [c].[UpdatedAtUtc]
FROM [Categories] AS [c]
WHERE [c].[IsDeleted] = CAST(0 AS bit) AND [c].[ParentCategoryId] IS NULL AND [c].[IsDeleted] = CAST(0 AS bit)
ORDER BY [c].[Name]
2025-06-11 11:42:41.210 +07:00 [INF] (Bookstore.Application.Services.DashboardService) Successfully fetched home dashboard data.
2025-06-11 11:42:44.467 +07:00 [INF] (Microsoft.EntityFrameworkCore.Database.Command) Executed DbCommand (3ms) [Parameters=[@__id_0='5d8fc980-abf3-49f8-a735-92c402be0cbe'], CommandType='"Text"', CommandTimeout='30']
SELECT [b].[Id], [b].[AuthorId], [b].[CategoryId], [b].[CoverImageUrl], [b].[CreatedAtUtc], [b].[Description], [b].[ISBN], [b].[IsDeleted], [b].[Price], [b].[PublicationYear], [b].[Publisher], [b].[StockQuantity], [b].[Title], [b].[UpdatedAtUtc], [a].[Id], [a].[Biography], [a].[CreatedAtUtc], [a].[Name], [a].[UpdatedAtUtc], [c0].[Id], [c0].[CreatedAtUtc], [c0].[Description], [c0].[IsDeleted], [c0].[Name], [c0].[ParentCategoryId], [c0].[UpdatedAtUtc]
FROM [Books] AS [b]
LEFT JOIN [Authors] AS [a] ON [b].[AuthorId] = [a].[Id]
INNER JOIN (
    SELECT [c].[Id], [c].[CreatedAtUtc], [c].[Description], [c].[IsDeleted], [c].[Name], [c].[ParentCategoryId], [c].[UpdatedAtUtc]
    FROM [Categories] AS [c]
    WHERE [c].[IsDeleted] = CAST(0 AS bit)
) AS [c0] ON [b].[CategoryId] = [c0].[Id]
WHERE [b].[IsDeleted] = CAST(0 AS bit) AND [b].[Id] = @__id_0
2025-06-11 11:42:44.625 +07:00 [INF] (Microsoft.EntityFrameworkCore.Database.Command) Executed DbCommand (3ms) [Parameters=[@__bookId_0='5d8fc980-abf3-49f8-a735-92c402be0cbe', @__p_1='0', @__p_2='5'], CommandType='"Text"', CommandTimeout='30']
SELECT [r0].[Id], [r0].[BookId], [r0].[Comment], [r0].[CreatedAtUtc], [r0].[IsApproved], [r0].[Rating], [r0].[UpdatedAtUtc], [r0].[UserId], [u].[Id], [u].[CreatedAtUtc], [u].[Email], [u].[FirstName], [u].[IsActive], [u].[LastName], [u].[PasswordHash], [u].[PhoneNumber], [u].[UpdatedAtUtc], [u].[UserName]
FROM (
    SELECT [r].[Id], [r].[BookId], [r].[Comment], [r].[CreatedAtUtc], [r].[IsApproved], [r].[Rating], [r].[UpdatedAtUtc], [r].[UserId]
    FROM [Review] AS [r]
    WHERE [r].[BookId] = @__bookId_0 AND [r].[IsApproved] = CAST(1 AS bit)
    ORDER BY [r].[CreatedAtUtc] DESC
    OFFSET @__p_1 ROWS FETCH NEXT @__p_2 ROWS ONLY
) AS [r0]
INNER JOIN [Users] AS [u] ON [r0].[UserId] = [u].[Id]
ORDER BY [r0].[CreatedAtUtc] DESC
2025-06-11 11:42:44.665 +07:00 [INF] (Microsoft.EntityFrameworkCore.Database.Command) Executed DbCommand (3ms) [Parameters=[@__userId_0='f54527eb-f806-40db-bf76-c7b0e5fa6d39'], CommandType='"Text"', CommandTimeout='30']
SELECT [w].[Id], [w].[BookId], [w].[CreatedAtUtc], [w].[UserId], [b0].[Id], [b0].[AuthorId], [b0].[CategoryId], [b0].[CoverImageUrl], [b0].[CreatedAtUtc], [b0].[Description], [b0].[ISBN], [b0].[IsDeleted], [b0].[Price], [b0].[PublicationYear], [b0].[Publisher], [b0].[StockQuantity], [b0].[Title], [b0].[UpdatedAtUtc], [a].[Id], [a].[Biography], [a].[CreatedAtUtc], [a].[Name], [a].[UpdatedAtUtc]
FROM [WishlistItems] AS [w]
INNER JOIN (
    SELECT [b].[Id], [b].[AuthorId], [b].[CategoryId], [b].[CoverImageUrl], [b].[CreatedAtUtc], [b].[Description], [b].[ISBN], [b].[IsDeleted], [b].[Price], [b].[PublicationYear], [b].[Publisher], [b].[StockQuantity], [b].[Title], [b].[UpdatedAtUtc]
    FROM [Books] AS [b]
    WHERE [b].[IsDeleted] = CAST(0 AS bit)
) AS [b0] ON [w].[BookId] = [b0].[Id]
LEFT JOIN [Authors] AS [a] ON [b0].[AuthorId] = [a].[Id]
WHERE [w].[UserId] = @__userId_0 AND [b0].[IsDeleted] = CAST(0 AS bit)
ORDER BY [w].[CreatedAtUtc] DESC
2025-06-11 11:42:46.722 +07:00 [INF] (Microsoft.EntityFrameworkCore.Database.Command) Executed DbCommand (0ms) [Parameters=[@__id_0='1cf348ee-deb2-46ab-aa5c-3815a7969e2d'], CommandType='"Text"', CommandTimeout='30']
SELECT [b].[Id], [b].[AuthorId], [b].[CategoryId], [b].[CoverImageUrl], [b].[CreatedAtUtc], [b].[Description], [b].[ISBN], [b].[IsDeleted], [b].[Price], [b].[PublicationYear], [b].[Publisher], [b].[StockQuantity], [b].[Title], [b].[UpdatedAtUtc], [a].[Id], [a].[Biography], [a].[CreatedAtUtc], [a].[Name], [a].[UpdatedAtUtc], [c0].[Id], [c0].[CreatedAtUtc], [c0].[Description], [c0].[IsDeleted], [c0].[Name], [c0].[ParentCategoryId], [c0].[UpdatedAtUtc]
FROM [Books] AS [b]
LEFT JOIN [Authors] AS [a] ON [b].[AuthorId] = [a].[Id]
INNER JOIN (
    SELECT [c].[Id], [c].[CreatedAtUtc], [c].[Description], [c].[IsDeleted], [c].[Name], [c].[ParentCategoryId], [c].[UpdatedAtUtc]
    FROM [Categories] AS [c]
    WHERE [c].[IsDeleted] = CAST(0 AS bit)
) AS [c0] ON [b].[CategoryId] = [c0].[Id]
WHERE [b].[IsDeleted] = CAST(0 AS bit) AND [b].[Id] = @__id_0
2025-06-11 11:42:46.847 +07:00 [INF] (Microsoft.EntityFrameworkCore.Database.Command) Executed DbCommand (0ms) [Parameters=[@__bookId_0='1cf348ee-deb2-46ab-aa5c-3815a7969e2d', @__p_1='0', @__p_2='5'], CommandType='"Text"', CommandTimeout='30']
SELECT [r0].[Id], [r0].[BookId], [r0].[Comment], [r0].[CreatedAtUtc], [r0].[IsApproved], [r0].[Rating], [r0].[UpdatedAtUtc], [r0].[UserId], [u].[Id], [u].[CreatedAtUtc], [u].[Email], [u].[FirstName], [u].[IsActive], [u].[LastName], [u].[PasswordHash], [u].[PhoneNumber], [u].[UpdatedAtUtc], [u].[UserName]
FROM (
    SELECT [r].[Id], [r].[BookId], [r].[Comment], [r].[CreatedAtUtc], [r].[IsApproved], [r].[Rating], [r].[UpdatedAtUtc], [r].[UserId]
    FROM [Review] AS [r]
    WHERE [r].[BookId] = @__bookId_0 AND [r].[IsApproved] = CAST(1 AS bit)
    ORDER BY [r].[CreatedAtUtc] DESC
    OFFSET @__p_1 ROWS FETCH NEXT @__p_2 ROWS ONLY
) AS [r0]
INNER JOIN [Users] AS [u] ON [r0].[UserId] = [u].[Id]
ORDER BY [r0].[CreatedAtUtc] DESC
2025-06-11 11:42:46.881 +07:00 [INF] (Microsoft.EntityFrameworkCore.Database.Command) Executed DbCommand (1ms) [Parameters=[@__userId_0='f54527eb-f806-40db-bf76-c7b0e5fa6d39'], CommandType='"Text"', CommandTimeout='30']
SELECT [w].[Id], [w].[BookId], [w].[CreatedAtUtc], [w].[UserId], [b0].[Id], [b0].[AuthorId], [b0].[CategoryId], [b0].[CoverImageUrl], [b0].[CreatedAtUtc], [b0].[Description], [b0].[ISBN], [b0].[IsDeleted], [b0].[Price], [b0].[PublicationYear], [b0].[Publisher], [b0].[StockQuantity], [b0].[Title], [b0].[UpdatedAtUtc], [a].[Id], [a].[Biography], [a].[CreatedAtUtc], [a].[Name], [a].[UpdatedAtUtc]
FROM [WishlistItems] AS [w]
INNER JOIN (
    SELECT [b].[Id], [b].[AuthorId], [b].[CategoryId], [b].[CoverImageUrl], [b].[CreatedAtUtc], [b].[Description], [b].[ISBN], [b].[IsDeleted], [b].[Price], [b].[PublicationYear], [b].[Publisher], [b].[StockQuantity], [b].[Title], [b].[UpdatedAtUtc]
    FROM [Books] AS [b]
    WHERE [b].[IsDeleted] = CAST(0 AS bit)
) AS [b0] ON [w].[BookId] = [b0].[Id]
LEFT JOIN [Authors] AS [a] ON [b0].[AuthorId] = [a].[Id]
WHERE [w].[UserId] = @__userId_0 AND [b0].[IsDeleted] = CAST(0 AS bit)
ORDER BY [w].[CreatedAtUtc] DESC
2025-06-11 13:03:35.989 +07:00 [WRN] (Microsoft.AspNetCore.StaticFiles.StaticFileMiddleware) The WebRootPath was not found: C:\Users\Nguyn\Desktop\Đồ án tốt nghiệp\BookStoreManagement\src\Bookstore.Api\wwwroot. Static files may be unavailable.
2025-06-11 13:03:36.193 +07:00 [INF] (Microsoft.Hosting.Lifetime) Now listening on: https://localhost:7264
2025-06-11 13:03:36.194 +07:00 [INF] (Microsoft.Hosting.Lifetime) Now listening on: http://localhost:5244
2025-06-11 13:03:36.296 +07:00 [INF] (Microsoft.Hosting.Lifetime) Application started. Press Ctrl+C to shut down.
2025-06-11 13:03:36.298 +07:00 [INF] (Microsoft.Hosting.Lifetime) Hosting environment: Development
2025-06-11 13:03:36.299 +07:00 [INF] (Microsoft.Hosting.Lifetime) Content root path: C:\Users\Nguyn\Desktop\Đồ án tốt nghiệp\BookStoreManagement\src\Bookstore.Api
2025-06-11 13:04:09.389 +07:00 [WRN] (Microsoft.AspNetCore.StaticFiles.StaticFileMiddleware) The WebRootPath was not found: C:\Users\Nguyn\Desktop\Đồ án tốt nghiệp\BookStoreManagement\src\Bookstore.Api\wwwroot. Static files may be unavailable.
2025-06-11 13:04:09.574 +07:00 [INF] (Microsoft.Hosting.Lifetime) Now listening on: https://localhost:7264
2025-06-11 13:04:09.576 +07:00 [INF] (Microsoft.Hosting.Lifetime) Now listening on: http://localhost:5244
2025-06-11 13:04:09.684 +07:00 [INF] (Microsoft.Hosting.Lifetime) Application started. Press Ctrl+C to shut down.
2025-06-11 13:04:09.686 +07:00 [INF] (Microsoft.Hosting.Lifetime) Hosting environment: Development
2025-06-11 13:04:09.687 +07:00 [INF] (Microsoft.Hosting.Lifetime) Content root path: C:\Users\Nguyn\Desktop\Đồ án tốt nghiệp\BookStoreManagement\src\Bookstore.Api
2025-06-11 13:30:13.204 +07:00 [WRN] (Microsoft.AspNetCore.StaticFiles.StaticFileMiddleware) The WebRootPath was not found: C:\Users\Nguyn\Desktop\Đồ án tốt nghiệp\BookStoreManagement\src\Bookstore.Api\wwwroot. Static files may be unavailable.
2025-06-11 13:30:13.436 +07:00 [INF] (Microsoft.Hosting.Lifetime) Now listening on: https://localhost:7264
2025-06-11 13:30:13.438 +07:00 [INF] (Microsoft.Hosting.Lifetime) Now listening on: http://localhost:5244
2025-06-11 13:30:13.538 +07:00 [INF] (Microsoft.Hosting.Lifetime) Application started. Press Ctrl+C to shut down.
2025-06-11 13:30:13.540 +07:00 [INF] (Microsoft.Hosting.Lifetime) Hosting environment: Development
2025-06-11 13:30:13.541 +07:00 [INF] (Microsoft.Hosting.Lifetime) Content root path: C:\Users\Nguyn\Desktop\Đồ án tốt nghiệp\BookStoreManagement\src\Bookstore.Api
2025-06-11 13:30:43.262 +07:00 [INF] (Bookstore.Application.Services.DashboardService) Fetching home dashboard data.
2025-06-11 13:30:43.764 +07:00 [WRN] (Microsoft.EntityFrameworkCore.Model) No instantiatable types implementing `IEntityTypeConfiguration` were found while while scanning assembly 'Bookstore.Infrastructure, Version=1.0.0.0, Culture=neutral, PublicKeyToken=null'.
2025-06-11 13:30:43.881 +07:00 [WRN] (Microsoft.EntityFrameworkCore.Model.Validation) Entity 'Book' has a global query filter defined and is the required end of a relationship with the entity 'CartItem'. This may lead to unexpected results when the required entity is filtered out. Either configure the navigation as optional, or define matching query filters for both entities in the navigation. See https://go.microsoft.com/fwlink/?linkid=2131316 for more information.
2025-06-11 13:30:43.883 +07:00 [WRN] (Microsoft.EntityFrameworkCore.Model.Validation) Entity 'Book' has a global query filter defined and is the required end of a relationship with the entity 'InventoryLog'. This may lead to unexpected results when the required entity is filtered out. Either configure the navigation as optional, or define matching query filters for both entities in the navigation. See https://go.microsoft.com/fwlink/?linkid=2131316 for more information.
2025-06-11 13:30:43.885 +07:00 [WRN] (Microsoft.EntityFrameworkCore.Model.Validation) Entity 'Book' has a global query filter defined and is the required end of a relationship with the entity 'OrderDetail'. This may lead to unexpected results when the required entity is filtered out. Either configure the navigation as optional, or define matching query filters for both entities in the navigation. See https://go.microsoft.com/fwlink/?linkid=2131316 for more information.
2025-06-11 13:30:43.886 +07:00 [WRN] (Microsoft.EntityFrameworkCore.Model.Validation) Entity 'Book' has a global query filter defined and is the required end of a relationship with the entity 'Review'. This may lead to unexpected results when the required entity is filtered out. Either configure the navigation as optional, or define matching query filters for both entities in the navigation. See https://go.microsoft.com/fwlink/?linkid=2131316 for more information.
2025-06-11 13:30:43.888 +07:00 [WRN] (Microsoft.EntityFrameworkCore.Model.Validation) Entity 'Book' has a global query filter defined and is the required end of a relationship with the entity 'StockReceiptDetail'. This may lead to unexpected results when the required entity is filtered out. Either configure the navigation as optional, or define matching query filters for both entities in the navigation. See https://go.microsoft.com/fwlink/?linkid=2131316 for more information.
2025-06-11 13:30:43.890 +07:00 [WRN] (Microsoft.EntityFrameworkCore.Model.Validation) Entity 'Book' has a global query filter defined and is the required end of a relationship with the entity 'WishlistItem'. This may lead to unexpected results when the required entity is filtered out. Either configure the navigation as optional, or define matching query filters for both entities in the navigation. See https://go.microsoft.com/fwlink/?linkid=2131316 for more information.
2025-06-11 13:30:43.898 +07:00 [WRN] (Microsoft.EntityFrameworkCore.Model.Validation) Sensitive data logging is enabled. Log entries and exception messages may include sensitive application data; this mode should only be enabled during development.
2025-06-11 13:30:45.033 +07:00 [INF] (Microsoft.EntityFrameworkCore.Database.Command) Executed DbCommand (43ms) [Parameters=[], CommandType='"Text"', CommandTimeout='30']
SELECT [b].[Id], [b].[AuthorId], [b].[CategoryId], [b].[CoverImageUrl], [b].[CreatedAtUtc], [b].[Description], [b].[ISBN], [b].[IsDeleted], [b].[Price], [b].[PublicationYear], [b].[Publisher], [b].[StockQuantity], [b].[Title], [b].[UpdatedAtUtc], [a].[Id], [a].[Biography], [a].[CreatedAtUtc], [a].[Name], [a].[UpdatedAtUtc]
FROM [Books] AS [b]
LEFT JOIN [Authors] AS [a] ON [b].[AuthorId] = [a].[Id]
WHERE [b].[IsDeleted] = CAST(0 AS bit)
ORDER BY [b].[CreatedAtUtc] DESC
2025-06-11 13:30:45.085 +07:00 [INF] (Bookstore.Application.Services.DashboardService) Fetched 10 newest books.
2025-06-11 13:30:45.196 +07:00 [INF] (Microsoft.EntityFrameworkCore.Database.Command) Executed DbCommand (28ms) [Parameters=[@__p_2='5', @__inclusiveStartDate_0='2025-05-12T00:00:00.0000000Z', @__inclusiveEndDate_1='2025-06-12T00:00:00.0000000Z'], CommandType='"Text"', CommandTimeout='30']
SELECT [s].[BookId], [b2].[Title] AS [BookTitle], [s].[TotalQuantitySold]
FROM (
    SELECT TOP(@__p_2) [o].[BookId], COALESCE(SUM([o].[Quantity]), 0) AS [TotalQuantitySold]
    FROM [OrderDetails] AS [o]
    INNER JOIN [Orders] AS [o0] ON [o].[OrderId] = [o0].[Id]
    INNER JOIN (
        SELECT [b].[Id], [b].[IsDeleted]
        FROM [Books] AS [b]
        WHERE [b].[IsDeleted] = CAST(0 AS bit)
    ) AS [b0] ON [o].[BookId] = [b0].[Id]
    WHERE [o0].[Status] = CAST(3 AS tinyint) AND [o0].[OrderDate] >= @__inclusiveStartDate_0 AND [o0].[OrderDate] < @__inclusiveEndDate_1 AND [b0].[IsDeleted] = CAST(0 AS bit)
    GROUP BY [o].[BookId]
    ORDER BY COALESCE(SUM([o].[Quantity]), 0) DESC
) AS [s]
INNER JOIN (
    SELECT [b1].[Id], [b1].[Title]
    FROM [Books] AS [b1]
    WHERE [b1].[IsDeleted] = CAST(0 AS bit)
) AS [b2] ON [s].[BookId] = [b2].[Id]
ORDER BY [s].[TotalQuantitySold] DESC
2025-06-11 13:30:45.250 +07:00 [INF] (Microsoft.EntityFrameworkCore.Database.Command) Executed DbCommand (5ms) [Parameters=[@__bestsellerBookIds_0='["c191919e-e763-4e03-9e2b-24d944f4d401","5d8fc980-abf3-49f8-a735-92c402be0cbe","6d858026-d70a-4441-8837-01f8d972cb26","6c50f852-d8c7-4ef9-a26a-c9d292ef9108","39f2e54f-3480-424d-9611-a9b9097314a9"]' (Size = 4000)], CommandType='"Text"', CommandTimeout='30']
SELECT [b].[Id], [b].[AuthorId], [b].[CategoryId], [b].[CoverImageUrl], [b].[CreatedAtUtc], [b].[Description], [b].[ISBN], [b].[IsDeleted], [b].[Price], [b].[PublicationYear], [b].[Publisher], [b].[StockQuantity], [b].[Title], [b].[UpdatedAtUtc], [a].[Id], [a].[Biography], [a].[CreatedAtUtc], [a].[Name], [a].[UpdatedAtUtc]
FROM [Books] AS [b]
LEFT JOIN [Authors] AS [a] ON [b].[AuthorId] = [a].[Id]
WHERE [b].[IsDeleted] = CAST(0 AS bit) AND [b].[Id] IN (
    SELECT [b0].[value]
    FROM OPENJSON(@__bestsellerBookIds_0) WITH ([value] uniqueidentifier '$') AS [b0]
) AND [b].[IsDeleted] = CAST(0 AS bit)
2025-06-11 13:30:45.262 +07:00 [INF] (Bookstore.Application.Services.DashboardService) Fetched 5 bestselling books.
2025-06-11 13:30:45.279 +07:00 [INF] (Microsoft.EntityFrameworkCore.Database.Command) Executed DbCommand (4ms) [Parameters=[@__currentDate_0='2025-06-11T06:30:45.2645836Z', @__currentDate_1='2025-06-11T06:30:45.2645836Z' (Nullable = true)], CommandType='"Text"', CommandTimeout='30']
SELECT [p].[Id], [p].[Code], [p].[CreatedAtUtc], [p].[CurrentUsage], [p].[Description], [p].[DiscountAmount], [p].[DiscountPercentage], [p].[EndDate], [p].[IsActive], [p].[MaxUsage], [p].[StartDate], [p].[UpdatedAtUtc]
FROM [Promotions] AS [p]
WHERE [p].[IsActive] = CAST(1 AS bit) AND [p].[StartDate] <= @__currentDate_0 AND ([p].[EndDate] IS NULL OR [p].[EndDate] >= @__currentDate_1) AND ([p].[MaxUsage] IS NULL OR [p].[CurrentUsage] < [p].[MaxUsage])
ORDER BY [p].[EndDate]
2025-06-11 13:30:45.297 +07:00 [INF] (Microsoft.EntityFrameworkCore.Database.Command) Executed DbCommand (4ms) [Parameters=[], CommandType='"Text"', CommandTimeout='30']
SELECT [c].[Id], [c].[CreatedAtUtc], [c].[Description], [c].[IsDeleted], [c].[Name], [c].[ParentCategoryId], [c].[UpdatedAtUtc]
FROM [Categories] AS [c]
WHERE [c].[IsDeleted] = CAST(0 AS bit) AND [c].[ParentCategoryId] IS NULL AND [c].[IsDeleted] = CAST(0 AS bit)
ORDER BY [c].[Name]
2025-06-11 13:30:45.305 +07:00 [INF] (Bookstore.Application.Services.DashboardService) Successfully fetched home dashboard data.
2025-06-11 13:30:53.016 +07:00 [INF] (Microsoft.EntityFrameworkCore.Database.Command) Executed DbCommand (8ms) [Parameters=[@__email_0='Admin' (Size = 450)], CommandType='"Text"', CommandTimeout='30']
SELECT [u1].[Id], [u1].[CreatedAtUtc], [u1].[Email], [u1].[FirstName], [u1].[IsActive], [u1].[LastName], [u1].[PasswordHash], [u1].[PhoneNumber], [u1].[UpdatedAtUtc], [u1].[UserName], [s].[UserId], [s].[RoleId], [s].[Id], [s].[CreatedAtUtc], [s].[Name], [s].[UpdatedAtUtc]
FROM (
    SELECT TOP(1) [u].[Id], [u].[CreatedAtUtc], [u].[Email], [u].[FirstName], [u].[IsActive], [u].[LastName], [u].[PasswordHash], [u].[PhoneNumber], [u].[UpdatedAtUtc], [u].[UserName]
    FROM [Users] AS [u]
    WHERE [u].[Email] = @__email_0
) AS [u1]
LEFT JOIN (
    SELECT [u0].[UserId], [u0].[RoleId], [r].[Id], [r].[CreatedAtUtc], [r].[Name], [r].[UpdatedAtUtc]
    FROM [UserRoles] AS [u0]
    INNER JOIN [Roles] AS [r] ON [u0].[RoleId] = [r].[Id]
) AS [s] ON [u1].[Id] = [s].[UserId]
ORDER BY [u1].[Id], [s].[UserId], [s].[RoleId]
2025-06-11 13:30:53.048 +07:00 [INF] (Microsoft.EntityFrameworkCore.Database.Command) Executed DbCommand (6ms) [Parameters=[@__username_0='Admin' (Size = 450)], CommandType='"Text"', CommandTimeout='30']
SELECT [u1].[Id], [u1].[CreatedAtUtc], [u1].[Email], [u1].[FirstName], [u1].[IsActive], [u1].[LastName], [u1].[PasswordHash], [u1].[PhoneNumber], [u1].[UpdatedAtUtc], [u1].[UserName], [s].[UserId], [s].[RoleId], [s].[Id], [s].[CreatedAtUtc], [s].[Name], [s].[UpdatedAtUtc]
FROM (
    SELECT TOP(1) [u].[Id], [u].[CreatedAtUtc], [u].[Email], [u].[FirstName], [u].[IsActive], [u].[LastName], [u].[PasswordHash], [u].[PhoneNumber], [u].[UpdatedAtUtc], [u].[UserName]
    FROM [Users] AS [u]
    WHERE [u].[UserName] = @__username_0
) AS [u1]
LEFT JOIN (
    SELECT [u0].[UserId], [u0].[RoleId], [r].[Id], [r].[CreatedAtUtc], [r].[Name], [r].[UpdatedAtUtc]
    FROM [UserRoles] AS [u0]
    INNER JOIN [Roles] AS [r] ON [u0].[RoleId] = [r].[Id]
) AS [s] ON [u1].[Id] = [s].[UserId]
ORDER BY [u1].[Id], [s].[UserId], [s].[RoleId]
2025-06-11 13:30:53.660 +07:00 [INF] (Microsoft.EntityFrameworkCore.Database.Command) Executed DbCommand (5ms) [Parameters=[@__userId_0='f54527eb-f806-40db-bf76-c7b0e5fa6d39'], CommandType='"Text"', CommandTimeout='30']
SELECT [r].[Name]
FROM [UserRoles] AS [u]
INNER JOIN [Roles] AS [r] ON [u].[RoleId] = [r].[Id]
WHERE [u].[UserId] = @__userId_0
2025-06-11 13:30:53.798 +07:00 [INF] (Bookstore.Application.Services.DashboardService) Fetching home dashboard data.
2025-06-11 13:30:53.817 +07:00 [INF] (Microsoft.EntityFrameworkCore.Database.Command) Executed DbCommand (4ms) [Parameters=[], CommandType='"Text"', CommandTimeout='30']
SELECT [b].[Id], [b].[AuthorId], [b].[CategoryId], [b].[CoverImageUrl], [b].[CreatedAtUtc], [b].[Description], [b].[ISBN], [b].[IsDeleted], [b].[Price], [b].[PublicationYear], [b].[Publisher], [b].[StockQuantity], [b].[Title], [b].[UpdatedAtUtc], [a].[Id], [a].[Biography], [a].[CreatedAtUtc], [a].[Name], [a].[UpdatedAtUtc]
FROM [Books] AS [b]
LEFT JOIN [Authors] AS [a] ON [b].[AuthorId] = [a].[Id]
WHERE [b].[IsDeleted] = CAST(0 AS bit)
ORDER BY [b].[CreatedAtUtc] DESC
2025-06-11 13:30:53.823 +07:00 [INF] (Bookstore.Application.Services.DashboardService) Fetched 10 newest books.
2025-06-11 13:30:53.835 +07:00 [INF] (Microsoft.EntityFrameworkCore.Database.Command) Executed DbCommand (8ms) [Parameters=[@__p_2='5', @__inclusiveStartDate_0='2025-05-12T00:00:00.0000000Z', @__inclusiveEndDate_1='2025-06-12T00:00:00.0000000Z'], CommandType='"Text"', CommandTimeout='30']
SELECT [s].[BookId], [b2].[Title] AS [BookTitle], [s].[TotalQuantitySold]
FROM (
    SELECT TOP(@__p_2) [o].[BookId], COALESCE(SUM([o].[Quantity]), 0) AS [TotalQuantitySold]
    FROM [OrderDetails] AS [o]
    INNER JOIN [Orders] AS [o0] ON [o].[OrderId] = [o0].[Id]
    INNER JOIN (
        SELECT [b].[Id], [b].[IsDeleted]
        FROM [Books] AS [b]
        WHERE [b].[IsDeleted] = CAST(0 AS bit)
    ) AS [b0] ON [o].[BookId] = [b0].[Id]
    WHERE [o0].[Status] = CAST(3 AS tinyint) AND [o0].[OrderDate] >= @__inclusiveStartDate_0 AND [o0].[OrderDate] < @__inclusiveEndDate_1 AND [b0].[IsDeleted] = CAST(0 AS bit)
    GROUP BY [o].[BookId]
    ORDER BY COALESCE(SUM([o].[Quantity]), 0) DESC
) AS [s]
INNER JOIN (
    SELECT [b1].[Id], [b1].[Title]
    FROM [Books] AS [b1]
    WHERE [b1].[IsDeleted] = CAST(0 AS bit)
) AS [b2] ON [s].[BookId] = [b2].[Id]
ORDER BY [s].[TotalQuantitySold] DESC
2025-06-11 13:30:53.850 +07:00 [INF] (Microsoft.EntityFrameworkCore.Database.Command) Executed DbCommand (7ms) [Parameters=[@__bestsellerBookIds_0='["c191919e-e763-4e03-9e2b-24d944f4d401","5d8fc980-abf3-49f8-a735-92c402be0cbe","6d858026-d70a-4441-8837-01f8d972cb26","6c50f852-d8c7-4ef9-a26a-c9d292ef9108","39f2e54f-3480-424d-9611-a9b9097314a9"]' (Size = 4000)], CommandType='"Text"', CommandTimeout='30']
SELECT [b].[Id], [b].[AuthorId], [b].[CategoryId], [b].[CoverImageUrl], [b].[CreatedAtUtc], [b].[Description], [b].[ISBN], [b].[IsDeleted], [b].[Price], [b].[PublicationYear], [b].[Publisher], [b].[StockQuantity], [b].[Title], [b].[UpdatedAtUtc], [a].[Id], [a].[Biography], [a].[CreatedAtUtc], [a].[Name], [a].[UpdatedAtUtc]
FROM [Books] AS [b]
LEFT JOIN [Authors] AS [a] ON [b].[AuthorId] = [a].[Id]
WHERE [b].[IsDeleted] = CAST(0 AS bit) AND [b].[Id] IN (
    SELECT [b0].[value]
    FROM OPENJSON(@__bestsellerBookIds_0) WITH ([value] uniqueidentifier '$') AS [b0]
) AND [b].[IsDeleted] = CAST(0 AS bit)
2025-06-11 13:30:53.858 +07:00 [INF] (Bookstore.Application.Services.DashboardService) Fetched 5 bestselling books.
2025-06-11 13:30:53.864 +07:00 [INF] (Microsoft.EntityFrameworkCore.Database.Command) Executed DbCommand (4ms) [Parameters=[@__currentDate_0='2025-06-11T06:30:53.8601312Z', @__currentDate_1='2025-06-11T06:30:53.8601312Z' (Nullable = true)], CommandType='"Text"', CommandTimeout='30']
SELECT [p].[Id], [p].[Code], [p].[CreatedAtUtc], [p].[CurrentUsage], [p].[Description], [p].[DiscountAmount], [p].[DiscountPercentage], [p].[EndDate], [p].[IsActive], [p].[MaxUsage], [p].[StartDate], [p].[UpdatedAtUtc]
FROM [Promotions] AS [p]
WHERE [p].[IsActive] = CAST(1 AS bit) AND [p].[StartDate] <= @__currentDate_0 AND ([p].[EndDate] IS NULL OR [p].[EndDate] >= @__currentDate_1) AND ([p].[MaxUsage] IS NULL OR [p].[CurrentUsage] < [p].[MaxUsage])
ORDER BY [p].[EndDate]
2025-06-11 13:30:53.874 +07:00 [INF] (Microsoft.EntityFrameworkCore.Database.Command) Executed DbCommand (3ms) [Parameters=[], CommandType='"Text"', CommandTimeout='30']
SELECT [c].[Id], [c].[CreatedAtUtc], [c].[Description], [c].[IsDeleted], [c].[Name], [c].[ParentCategoryId], [c].[UpdatedAtUtc]
FROM [Categories] AS [c]
WHERE [c].[IsDeleted] = CAST(0 AS bit) AND [c].[ParentCategoryId] IS NULL AND [c].[IsDeleted] = CAST(0 AS bit)
ORDER BY [c].[Name]
2025-06-11 13:30:53.878 +07:00 [INF] (Bookstore.Application.Services.DashboardService) Successfully fetched home dashboard data.
2025-06-11 13:30:56.748 +07:00 [WRN] (Bookstore.Infrastructure.Services.GoogleCloudStorageService) DEBUG: GOOGLE_APPLICATION_CREDENTIALS value read: 'D:\imagekey\gcs_service_account_key.json'
2025-06-11 13:30:56.750 +07:00 [WRN] (Bookstore.Infrastructure.Services.GoogleCloudStorageService) DEBUG: Checking if file exists at path: 'true'
2025-06-11 13:30:56.752 +07:00 [WRN] (Bookstore.Infrastructure.Services.GoogleCloudStorageService) DEBUG: Parsed Path as URI successfully: D:\imagekey\gcs_service_account_key.json
2025-06-11 13:30:56.753 +07:00 [WRN] (Bookstore.Infrastructure.Services.GoogleCloudStorageService) DEBUG: Successfully read content from credential file.
2025-06-11 13:30:56.909 +07:00 [INF] (Bookstore.Infrastructure.Services.GoogleCloudStorageService) Google Cloud Storage client created successfully using Application Default Credentials or Environment Variable.
2025-06-11 13:30:56.933 +07:00 [INF] (Microsoft.EntityFrameworkCore.Database.Command) Executed DbCommand (5ms) [Parameters=[@__id_0='1cf348ee-deb2-46ab-aa5c-3815a7969e2d'], CommandType='"Text"', CommandTimeout='30']
SELECT [b].[Id], [b].[AuthorId], [b].[CategoryId], [b].[CoverImageUrl], [b].[CreatedAtUtc], [b].[Description], [b].[ISBN], [b].[IsDeleted], [b].[Price], [b].[PublicationYear], [b].[Publisher], [b].[StockQuantity], [b].[Title], [b].[UpdatedAtUtc], [a].[Id], [a].[Biography], [a].[CreatedAtUtc], [a].[Name], [a].[UpdatedAtUtc], [c0].[Id], [c0].[CreatedAtUtc], [c0].[Description], [c0].[IsDeleted], [c0].[Name], [c0].[ParentCategoryId], [c0].[UpdatedAtUtc]
FROM [Books] AS [b]
LEFT JOIN [Authors] AS [a] ON [b].[AuthorId] = [a].[Id]
INNER JOIN (
    SELECT [c].[Id], [c].[CreatedAtUtc], [c].[Description], [c].[IsDeleted], [c].[Name], [c].[ParentCategoryId], [c].[UpdatedAtUtc]
    FROM [Categories] AS [c]
    WHERE [c].[IsDeleted] = CAST(0 AS bit)
) AS [c0] ON [b].[CategoryId] = [c0].[Id]
WHERE [b].[IsDeleted] = CAST(0 AS bit) AND [b].[Id] = @__id_0
2025-06-11 13:30:57.013 +07:00 [INF] (Microsoft.EntityFrameworkCore.Database.Command) Executed DbCommand (6ms) [Parameters=[@__bookId_0='1cf348ee-deb2-46ab-aa5c-3815a7969e2d', @__p_1='0', @__p_2='5'], CommandType='"Text"', CommandTimeout='30']
SELECT [r0].[Id], [r0].[BookId], [r0].[Comment], [r0].[CreatedAtUtc], [r0].[IsApproved], [r0].[Rating], [r0].[UpdatedAtUtc], [r0].[UserId], [u].[Id], [u].[CreatedAtUtc], [u].[Email], [u].[FirstName], [u].[IsActive], [u].[LastName], [u].[PasswordHash], [u].[PhoneNumber], [u].[UpdatedAtUtc], [u].[UserName]
FROM (
    SELECT [r].[Id], [r].[BookId], [r].[Comment], [r].[CreatedAtUtc], [r].[IsApproved], [r].[Rating], [r].[UpdatedAtUtc], [r].[UserId]
    FROM [Review] AS [r]
    WHERE [r].[BookId] = @__bookId_0 AND [r].[IsApproved] = CAST(1 AS bit)
    ORDER BY [r].[CreatedAtUtc] DESC
    OFFSET @__p_1 ROWS FETCH NEXT @__p_2 ROWS ONLY
) AS [r0]
INNER JOIN [Users] AS [u] ON [r0].[UserId] = [u].[Id]
ORDER BY [r0].[CreatedAtUtc] DESC
2025-06-11 13:30:57.071 +07:00 [INF] (Microsoft.EntityFrameworkCore.Database.Command) Executed DbCommand (4ms) [Parameters=[@__userId_0='f54527eb-f806-40db-bf76-c7b0e5fa6d39'], CommandType='"Text"', CommandTimeout='30']
SELECT [w].[Id], [w].[BookId], [w].[CreatedAtUtc], [w].[UserId], [b0].[Id], [b0].[AuthorId], [b0].[CategoryId], [b0].[CoverImageUrl], [b0].[CreatedAtUtc], [b0].[Description], [b0].[ISBN], [b0].[IsDeleted], [b0].[Price], [b0].[PublicationYear], [b0].[Publisher], [b0].[StockQuantity], [b0].[Title], [b0].[UpdatedAtUtc], [a].[Id], [a].[Biography], [a].[CreatedAtUtc], [a].[Name], [a].[UpdatedAtUtc]
FROM [WishlistItems] AS [w]
INNER JOIN (
    SELECT [b].[Id], [b].[AuthorId], [b].[CategoryId], [b].[CoverImageUrl], [b].[CreatedAtUtc], [b].[Description], [b].[ISBN], [b].[IsDeleted], [b].[Price], [b].[PublicationYear], [b].[Publisher], [b].[StockQuantity], [b].[Title], [b].[UpdatedAtUtc]
    FROM [Books] AS [b]
    WHERE [b].[IsDeleted] = CAST(0 AS bit)
) AS [b0] ON [w].[BookId] = [b0].[Id]
LEFT JOIN [Authors] AS [a] ON [b0].[AuthorId] = [a].[Id]
WHERE [w].[UserId] = @__userId_0 AND [b0].[IsDeleted] = CAST(0 AS bit)
ORDER BY [w].[CreatedAtUtc] DESC
2025-06-11 13:30:59.786 +07:00 [INF] (Microsoft.EntityFrameworkCore.Database.Command) Executed DbCommand (1ms) [Parameters=[@__id_0='6d858026-d70a-4441-8837-01f8d972cb26'], CommandType='"Text"', CommandTimeout='30']
SELECT [b].[Id], [b].[AuthorId], [b].[CategoryId], [b].[CoverImageUrl], [b].[CreatedAtUtc], [b].[Description], [b].[ISBN], [b].[IsDeleted], [b].[Price], [b].[PublicationYear], [b].[Publisher], [b].[StockQuantity], [b].[Title], [b].[UpdatedAtUtc], [a].[Id], [a].[Biography], [a].[CreatedAtUtc], [a].[Name], [a].[UpdatedAtUtc], [c0].[Id], [c0].[CreatedAtUtc], [c0].[Description], [c0].[IsDeleted], [c0].[Name], [c0].[ParentCategoryId], [c0].[UpdatedAtUtc]
FROM [Books] AS [b]
LEFT JOIN [Authors] AS [a] ON [b].[AuthorId] = [a].[Id]
INNER JOIN (
    SELECT [c].[Id], [c].[CreatedAtUtc], [c].[Description], [c].[IsDeleted], [c].[Name], [c].[ParentCategoryId], [c].[UpdatedAtUtc]
    FROM [Categories] AS [c]
    WHERE [c].[IsDeleted] = CAST(0 AS bit)
) AS [c0] ON [b].[CategoryId] = [c0].[Id]
WHERE [b].[IsDeleted] = CAST(0 AS bit) AND [b].[Id] = @__id_0
2025-06-11 13:30:59.904 +07:00 [INF] (Microsoft.EntityFrameworkCore.Database.Command) Executed DbCommand (1ms) [Parameters=[@__bookId_0='6d858026-d70a-4441-8837-01f8d972cb26', @__p_1='0', @__p_2='5'], CommandType='"Text"', CommandTimeout='30']
SELECT [r0].[Id], [r0].[BookId], [r0].[Comment], [r0].[CreatedAtUtc], [r0].[IsApproved], [r0].[Rating], [r0].[UpdatedAtUtc], [r0].[UserId], [u].[Id], [u].[CreatedAtUtc], [u].[Email], [u].[FirstName], [u].[IsActive], [u].[LastName], [u].[PasswordHash], [u].[PhoneNumber], [u].[UpdatedAtUtc], [u].[UserName]
FROM (
    SELECT [r].[Id], [r].[BookId], [r].[Comment], [r].[CreatedAtUtc], [r].[IsApproved], [r].[Rating], [r].[UpdatedAtUtc], [r].[UserId]
    FROM [Review] AS [r]
    WHERE [r].[BookId] = @__bookId_0 AND [r].[IsApproved] = CAST(1 AS bit)
    ORDER BY [r].[CreatedAtUtc] DESC
    OFFSET @__p_1 ROWS FETCH NEXT @__p_2 ROWS ONLY
) AS [r0]
INNER JOIN [Users] AS [u] ON [r0].[UserId] = [u].[Id]
ORDER BY [r0].[CreatedAtUtc] DESC
2025-06-11 13:30:59.951 +07:00 [INF] (Microsoft.EntityFrameworkCore.Database.Command) Executed DbCommand (1ms) [Parameters=[@__userId_0='f54527eb-f806-40db-bf76-c7b0e5fa6d39'], CommandType='"Text"', CommandTimeout='30']
SELECT [w].[Id], [w].[BookId], [w].[CreatedAtUtc], [w].[UserId], [b0].[Id], [b0].[AuthorId], [b0].[CategoryId], [b0].[CoverImageUrl], [b0].[CreatedAtUtc], [b0].[Description], [b0].[ISBN], [b0].[IsDeleted], [b0].[Price], [b0].[PublicationYear], [b0].[Publisher], [b0].[StockQuantity], [b0].[Title], [b0].[UpdatedAtUtc], [a].[Id], [a].[Biography], [a].[CreatedAtUtc], [a].[Name], [a].[UpdatedAtUtc]
FROM [WishlistItems] AS [w]
INNER JOIN (
    SELECT [b].[Id], [b].[AuthorId], [b].[CategoryId], [b].[CoverImageUrl], [b].[CreatedAtUtc], [b].[Description], [b].[ISBN], [b].[IsDeleted], [b].[Price], [b].[PublicationYear], [b].[Publisher], [b].[StockQuantity], [b].[Title], [b].[UpdatedAtUtc]
    FROM [Books] AS [b]
    WHERE [b].[IsDeleted] = CAST(0 AS bit)
) AS [b0] ON [w].[BookId] = [b0].[Id]
LEFT JOIN [Authors] AS [a] ON [b0].[AuthorId] = [a].[Id]
WHERE [w].[UserId] = @__userId_0 AND [b0].[IsDeleted] = CAST(0 AS bit)
ORDER BY [w].[CreatedAtUtc] DESC
2025-06-11 13:31:02.583 +07:00 [INF] (Microsoft.EntityFrameworkCore.Database.Command) Executed DbCommand (1ms) [Parameters=[@__id_0='ba80e2b5-b426-44eb-acfa-06315f9fcb6b'], CommandType='"Text"', CommandTimeout='30']
SELECT [b].[Id], [b].[AuthorId], [b].[CategoryId], [b].[CoverImageUrl], [b].[CreatedAtUtc], [b].[Description], [b].[ISBN], [b].[IsDeleted], [b].[Price], [b].[PublicationYear], [b].[Publisher], [b].[StockQuantity], [b].[Title], [b].[UpdatedAtUtc], [a].[Id], [a].[Biography], [a].[CreatedAtUtc], [a].[Name], [a].[UpdatedAtUtc], [c0].[Id], [c0].[CreatedAtUtc], [c0].[Description], [c0].[IsDeleted], [c0].[Name], [c0].[ParentCategoryId], [c0].[UpdatedAtUtc]
FROM [Books] AS [b]
LEFT JOIN [Authors] AS [a] ON [b].[AuthorId] = [a].[Id]
INNER JOIN (
    SELECT [c].[Id], [c].[CreatedAtUtc], [c].[Description], [c].[IsDeleted], [c].[Name], [c].[ParentCategoryId], [c].[UpdatedAtUtc]
    FROM [Categories] AS [c]
    WHERE [c].[IsDeleted] = CAST(0 AS bit)
) AS [c0] ON [b].[CategoryId] = [c0].[Id]
WHERE [b].[IsDeleted] = CAST(0 AS bit) AND [b].[Id] = @__id_0
2025-06-11 13:31:02.711 +07:00 [INF] (Microsoft.EntityFrameworkCore.Database.Command) Executed DbCommand (1ms) [Parameters=[@__bookId_0='ba80e2b5-b426-44eb-acfa-06315f9fcb6b', @__p_1='0', @__p_2='5'], CommandType='"Text"', CommandTimeout='30']
SELECT [r0].[Id], [r0].[BookId], [r0].[Comment], [r0].[CreatedAtUtc], [r0].[IsApproved], [r0].[Rating], [r0].[UpdatedAtUtc], [r0].[UserId], [u].[Id], [u].[CreatedAtUtc], [u].[Email], [u].[FirstName], [u].[IsActive], [u].[LastName], [u].[PasswordHash], [u].[PhoneNumber], [u].[UpdatedAtUtc], [u].[UserName]
FROM (
    SELECT [r].[Id], [r].[BookId], [r].[Comment], [r].[CreatedAtUtc], [r].[IsApproved], [r].[Rating], [r].[UpdatedAtUtc], [r].[UserId]
    FROM [Review] AS [r]
    WHERE [r].[BookId] = @__bookId_0 AND [r].[IsApproved] = CAST(1 AS bit)
    ORDER BY [r].[CreatedAtUtc] DESC
    OFFSET @__p_1 ROWS FETCH NEXT @__p_2 ROWS ONLY
) AS [r0]
INNER JOIN [Users] AS [u] ON [r0].[UserId] = [u].[Id]
ORDER BY [r0].[CreatedAtUtc] DESC
2025-06-11 13:31:02.738 +07:00 [INF] (Microsoft.EntityFrameworkCore.Database.Command) Executed DbCommand (1ms) [Parameters=[@__userId_0='f54527eb-f806-40db-bf76-c7b0e5fa6d39'], CommandType='"Text"', CommandTimeout='30']
SELECT [w].[Id], [w].[BookId], [w].[CreatedAtUtc], [w].[UserId], [b0].[Id], [b0].[AuthorId], [b0].[CategoryId], [b0].[CoverImageUrl], [b0].[CreatedAtUtc], [b0].[Description], [b0].[ISBN], [b0].[IsDeleted], [b0].[Price], [b0].[PublicationYear], [b0].[Publisher], [b0].[StockQuantity], [b0].[Title], [b0].[UpdatedAtUtc], [a].[Id], [a].[Biography], [a].[CreatedAtUtc], [a].[Name], [a].[UpdatedAtUtc]
FROM [WishlistItems] AS [w]
INNER JOIN (
    SELECT [b].[Id], [b].[AuthorId], [b].[CategoryId], [b].[CoverImageUrl], [b].[CreatedAtUtc], [b].[Description], [b].[ISBN], [b].[IsDeleted], [b].[Price], [b].[PublicationYear], [b].[Publisher], [b].[StockQuantity], [b].[Title], [b].[UpdatedAtUtc]
    FROM [Books] AS [b]
    WHERE [b].[IsDeleted] = CAST(0 AS bit)
) AS [b0] ON [w].[BookId] = [b0].[Id]
LEFT JOIN [Authors] AS [a] ON [b0].[AuthorId] = [a].[Id]
WHERE [w].[UserId] = @__userId_0 AND [b0].[IsDeleted] = CAST(0 AS bit)
ORDER BY [w].[CreatedAtUtc] DESC
2025-06-11 13:31:09.008 +07:00 [INF] (Bookstore.Application.Services.ReportService) Fetching admin dashboard summary.
2025-06-11 13:31:09.022 +07:00 [INF] (Microsoft.EntityFrameworkCore.Database.Command) Executed DbCommand (3ms) [Parameters=[@__todayStart_0='2025-06-11T00:00:00.0000000Z', @__tomorrowStart_1='2025-06-12T00:00:00.0000000Z'], CommandType='"Text"', CommandTimeout='30']
SELECT COUNT(*)
FROM [Orders] AS [o]
WHERE [o].[OrderDate] >= @__todayStart_0 AND [o].[OrderDate] < @__tomorrowStart_1 AND [o].[Status] <> CAST(4 AS tinyint)
2025-06-11 13:31:09.042 +07:00 [INF] (Microsoft.EntityFrameworkCore.Database.Command) Executed DbCommand (3ms) [Parameters=[@__todayStart_0='2025-06-11T00:00:00.0000000Z', @__tomorrowStart_1='2025-06-12T00:00:00.0000000Z'], CommandType='"Text"', CommandTimeout='30']
SELECT COALESCE(SUM([o].[TotalAmount]), 0.0)
FROM [Orders] AS [o]
WHERE [o].[OrderDate] >= @__todayStart_0 AND [o].[OrderDate] < @__tomorrowStart_1 AND [o].[Status] = CAST(3 AS tinyint)
2025-06-11 13:31:09.053 +07:00 [INF] (Microsoft.EntityFrameworkCore.Database.Command) Executed DbCommand (2ms) [Parameters=[@__todayStart_0='2025-06-11T00:00:00.0000000Z', @__tomorrowStart_1='2025-06-12T00:00:00.0000000Z'], CommandType='"Text"', CommandTimeout='30']
SELECT COUNT(*)
FROM [Users] AS [u]
WHERE [u].[CreatedAtUtc] >= @__todayStart_0 AND [u].[CreatedAtUtc] < @__tomorrowStart_1
2025-06-11 13:31:09.062 +07:00 [INF] (Microsoft.EntityFrameworkCore.Database.Command) Executed DbCommand (2ms) [Parameters=[@__lowStockThreshold_0='10'], CommandType='"Text"', CommandTimeout='30']
SELECT COUNT(*)
FROM [Books] AS [b]
WHERE [b].[IsDeleted] = CAST(0 AS bit) AND [b].[IsDeleted] = CAST(0 AS bit) AND [b].[StockQuantity] > 0 AND [b].[StockQuantity] <= @__lowStockThreshold_0
2025-06-11 13:31:09.065 +07:00 [INF] (Bookstore.Application.Services.ReportService) Admin dashboard summary fetched successfully.
2025-06-11 13:31:09.882 +07:00 [INF] (Microsoft.EntityFrameworkCore.Database.Command) Executed DbCommand (3ms) [Parameters=[@__p_0='0', @__p_1='10'], CommandType='"Text"', CommandTimeout='30']
SELECT [c].[Id], [c].[CreatedAtUtc], [c].[Description], [c].[IsDeleted], [c].[Name], [c].[ParentCategoryId], [c].[UpdatedAtUtc]
FROM [Categories] AS [c]
WHERE [c].[IsDeleted] = CAST(0 AS bit)
ORDER BY [c].[Name]
OFFSET @__p_0 ROWS FETCH NEXT @__p_1 ROWS ONLY
2025-06-11 13:31:09.929 +07:00 [INF] (Microsoft.EntityFrameworkCore.Database.Command) Executed DbCommand (5ms) [Parameters=[@__p_0='0', @__p_1='15'], CommandType='"Text"', CommandTimeout='30']
SELECT [b0].[Id], [b0].[AuthorId], [b0].[CategoryId], [b0].[CoverImageUrl], [b0].[CreatedAtUtc], [b0].[Description], [b0].[ISBN], [b0].[IsDeleted], [b0].[Price], [b0].[PublicationYear], [b0].[Publisher], [b0].[StockQuantity], [b0].[Title], [b0].[UpdatedAtUtc], [a].[Id], [a].[Biography], [a].[CreatedAtUtc], [a].[Name], [a].[UpdatedAtUtc], [c0].[Id], [c0].[CreatedAtUtc], [c0].[Description], [c0].[IsDeleted], [c0].[Name], [c0].[ParentCategoryId], [c0].[UpdatedAtUtc]
FROM (
    SELECT [b].[Id], [b].[AuthorId], [b].[CategoryId], [b].[CoverImageUrl], [b].[CreatedAtUtc], [b].[Description], [b].[ISBN], [b].[IsDeleted], [b].[Price], [b].[PublicationYear], [b].[Publisher], [b].[StockQuantity], [b].[Title], [b].[UpdatedAtUtc]
    FROM [Books] AS [b]
    WHERE [b].[IsDeleted] = CAST(0 AS bit)
    ORDER BY [b].[CreatedAtUtc] DESC
    OFFSET @__p_0 ROWS FETCH NEXT @__p_1 ROWS ONLY
) AS [b0]
LEFT JOIN [Authors] AS [a] ON [b0].[AuthorId] = [a].[Id]
INNER JOIN (
    SELECT [c].[Id], [c].[CreatedAtUtc], [c].[Description], [c].[IsDeleted], [c].[Name], [c].[ParentCategoryId], [c].[UpdatedAtUtc]
    FROM [Categories] AS [c]
    WHERE [c].[IsDeleted] = CAST(0 AS bit)
) AS [c0] ON [b0].[CategoryId] = [c0].[Id]
ORDER BY [b0].[CreatedAtUtc] DESC
2025-06-11 13:31:09.961 +07:00 [INF] (Microsoft.EntityFrameworkCore.Database.Command) Executed DbCommand (1ms) [Parameters=[@__p_0='0', @__p_1='15'], CommandType='"Text"', CommandTimeout='30']
SELECT [b0].[Id], [b0].[AuthorId], [b0].[CategoryId], [b0].[CoverImageUrl], [b0].[CreatedAtUtc], [b0].[Description], [b0].[ISBN], [b0].[IsDeleted], [b0].[Price], [b0].[PublicationYear], [b0].[Publisher], [b0].[StockQuantity], [b0].[Title], [b0].[UpdatedAtUtc], [a].[Id], [a].[Biography], [a].[CreatedAtUtc], [a].[Name], [a].[UpdatedAtUtc], [c0].[Id], [c0].[CreatedAtUtc], [c0].[Description], [c0].[IsDeleted], [c0].[Name], [c0].[ParentCategoryId], [c0].[UpdatedAtUtc]
FROM (
    SELECT [b].[Id], [b].[AuthorId], [b].[CategoryId], [b].[CoverImageUrl], [b].[CreatedAtUtc], [b].[Description], [b].[ISBN], [b].[IsDeleted], [b].[Price], [b].[PublicationYear], [b].[Publisher], [b].[StockQuantity], [b].[Title], [b].[UpdatedAtUtc]
    FROM [Books] AS [b]
    WHERE [b].[IsDeleted] = CAST(0 AS bit)
    ORDER BY [b].[CreatedAtUtc] DESC
    OFFSET @__p_0 ROWS FETCH NEXT @__p_1 ROWS ONLY
) AS [b0]
LEFT JOIN [Authors] AS [a] ON [b0].[AuthorId] = [a].[Id]
INNER JOIN (
    SELECT [c].[Id], [c].[CreatedAtUtc], [c].[Description], [c].[IsDeleted], [c].[Name], [c].[ParentCategoryId], [c].[UpdatedAtUtc]
    FROM [Categories] AS [c]
    WHERE [c].[IsDeleted] = CAST(0 AS bit)
) AS [c0] ON [b0].[CategoryId] = [c0].[Id]
ORDER BY [b0].[CreatedAtUtc] DESC
2025-06-11 13:31:10.242 +07:00 [INF] (Microsoft.EntityFrameworkCore.Database.Command) Executed DbCommand (5ms) [Parameters=[@__p_0='0', @__p_1='15'], CommandType='"Text"', CommandTimeout='30']
SELECT [b0].[Id], [b0].[AuthorId], [b0].[CategoryId], [b0].[CoverImageUrl], [b0].[CreatedAtUtc], [b0].[Description], [b0].[ISBN], [b0].[IsDeleted], [b0].[Price], [b0].[PublicationYear], [b0].[Publisher], [b0].[StockQuantity], [b0].[Title], [b0].[UpdatedAtUtc], [a].[Id], [a].[Biography], [a].[CreatedAtUtc], [a].[Name], [a].[UpdatedAtUtc], [c0].[Id], [c0].[CreatedAtUtc], [c0].[Description], [c0].[IsDeleted], [c0].[Name], [c0].[ParentCategoryId], [c0].[UpdatedAtUtc]
FROM (
    SELECT [b].[Id], [b].[AuthorId], [b].[CategoryId], [b].[CoverImageUrl], [b].[CreatedAtUtc], [b].[Description], [b].[ISBN], [b].[IsDeleted], [b].[Price], [b].[PublicationYear], [b].[Publisher], [b].[StockQuantity], [b].[Title], [b].[UpdatedAtUtc]
    FROM [Books] AS [b]
    WHERE [b].[IsDeleted] = CAST(0 AS bit)
    ORDER BY [b].[CreatedAtUtc] DESC
    OFFSET @__p_0 ROWS FETCH NEXT @__p_1 ROWS ONLY
) AS [b0]
LEFT JOIN [Authors] AS [a] ON [b0].[AuthorId] = [a].[Id]
INNER JOIN (
    SELECT [c].[Id], [c].[CreatedAtUtc], [c].[Description], [c].[IsDeleted], [c].[Name], [c].[ParentCategoryId], [c].[UpdatedAtUtc]
    FROM [Categories] AS [c]
    WHERE [c].[IsDeleted] = CAST(0 AS bit)
) AS [c0] ON [b0].[CategoryId] = [c0].[Id]
ORDER BY [b0].[CreatedAtUtc] DESC
2025-06-11 13:31:10.243 +07:00 [INF] (Microsoft.EntityFrameworkCore.Database.Command) Executed DbCommand (3ms) [Parameters=[@__p_0='0', @__p_1='15'], CommandType='"Text"', CommandTimeout='30']
SELECT [b0].[Id], [b0].[AuthorId], [b0].[CategoryId], [b0].[CoverImageUrl], [b0].[CreatedAtUtc], [b0].[Description], [b0].[ISBN], [b0].[IsDeleted], [b0].[Price], [b0].[PublicationYear], [b0].[Publisher], [b0].[StockQuantity], [b0].[Title], [b0].[UpdatedAtUtc], [a].[Id], [a].[Biography], [a].[CreatedAtUtc], [a].[Name], [a].[UpdatedAtUtc], [c0].[Id], [c0].[CreatedAtUtc], [c0].[Description], [c0].[IsDeleted], [c0].[Name], [c0].[ParentCategoryId], [c0].[UpdatedAtUtc]
FROM (
    SELECT [b].[Id], [b].[AuthorId], [b].[CategoryId], [b].[CoverImageUrl], [b].[CreatedAtUtc], [b].[Description], [b].[ISBN], [b].[IsDeleted], [b].[Price], [b].[PublicationYear], [b].[Publisher], [b].[StockQuantity], [b].[Title], [b].[UpdatedAtUtc]
    FROM [Books] AS [b]
    WHERE [b].[IsDeleted] = CAST(0 AS bit)
    ORDER BY [b].[CreatedAtUtc] DESC
    OFFSET @__p_0 ROWS FETCH NEXT @__p_1 ROWS ONLY
) AS [b0]
LEFT JOIN [Authors] AS [a] ON [b0].[AuthorId] = [a].[Id]
INNER JOIN (
    SELECT [c].[Id], [c].[CreatedAtUtc], [c].[Description], [c].[IsDeleted], [c].[Name], [c].[ParentCategoryId], [c].[UpdatedAtUtc]
    FROM [Categories] AS [c]
    WHERE [c].[IsDeleted] = CAST(0 AS bit)
) AS [c0] ON [b0].[CategoryId] = [c0].[Id]
ORDER BY [b0].[CreatedAtUtc] DESC
2025-06-11 13:31:10.315 +07:00 [INF] (Bookstore.Application.Services.AuthorService) Fetching all authors. Page: 1, PageSize: 10, Search: null
2025-06-11 13:31:10.337 +07:00 [INF] (Microsoft.EntityFrameworkCore.Database.Command) Executed DbCommand (3ms) [Parameters=[@__p_0='0', @__p_1='10'], CommandType='"Text"', CommandTimeout='30']
SELECT [a].[Id], [a].[Biography], [a].[CreatedAtUtc], [a].[Name], [a].[UpdatedAtUtc]
FROM [Authors] AS [a]
ORDER BY [a].[Name]
OFFSET @__p_0 ROWS FETCH NEXT @__p_1 ROWS ONLY
2025-06-11 13:31:10.372 +07:00 [INF] (Microsoft.EntityFrameworkCore.Database.Command) Executed DbCommand (7ms) [Parameters=[@__p_0='0', @__p_1='15'], CommandType='"Text"', CommandTimeout='30']
SELECT [b0].[Id], [b0].[AuthorId], [b0].[CategoryId], [b0].[CoverImageUrl], [b0].[CreatedAtUtc], [b0].[Description], [b0].[ISBN], [b0].[IsDeleted], [b0].[Price], [b0].[PublicationYear], [b0].[Publisher], [b0].[StockQuantity], [b0].[Title], [b0].[UpdatedAtUtc], [a].[Id], [a].[Biography], [a].[CreatedAtUtc], [a].[Name], [a].[UpdatedAtUtc], [c0].[Id], [c0].[CreatedAtUtc], [c0].[Description], [c0].[IsDeleted], [c0].[Name], [c0].[ParentCategoryId], [c0].[UpdatedAtUtc]
FROM (
    SELECT [b].[Id], [b].[AuthorId], [b].[CategoryId], [b].[CoverImageUrl], [b].[CreatedAtUtc], [b].[Description], [b].[ISBN], [b].[IsDeleted], [b].[Price], [b].[PublicationYear], [b].[Publisher], [b].[StockQuantity], [b].[Title], [b].[UpdatedAtUtc]
    FROM [Books] AS [b]
    WHERE [b].[IsDeleted] = CAST(0 AS bit)
    ORDER BY [b].[CreatedAtUtc] DESC
    OFFSET @__p_0 ROWS FETCH NEXT @__p_1 ROWS ONLY
) AS [b0]
LEFT JOIN [Authors] AS [a] ON [b0].[AuthorId] = [a].[Id]
INNER JOIN (
    SELECT [c].[Id], [c].[CreatedAtUtc], [c].[Description], [c].[IsDeleted], [c].[Name], [c].[ParentCategoryId], [c].[UpdatedAtUtc]
    FROM [Categories] AS [c]
    WHERE [c].[IsDeleted] = CAST(0 AS bit)
) AS [c0] ON [b0].[CategoryId] = [c0].[Id]
ORDER BY [b0].[CreatedAtUtc] DESC
2025-06-11 13:31:10.373 +07:00 [INF] (Microsoft.EntityFrameworkCore.Database.Command) Executed DbCommand (3ms) [Parameters=[@__p_0='0', @__p_1='15'], CommandType='"Text"', CommandTimeout='30']
SELECT [b0].[Id], [b0].[AuthorId], [b0].[CategoryId], [b0].[CoverImageUrl], [b0].[CreatedAtUtc], [b0].[Description], [b0].[ISBN], [b0].[IsDeleted], [b0].[Price], [b0].[PublicationYear], [b0].[Publisher], [b0].[StockQuantity], [b0].[Title], [b0].[UpdatedAtUtc], [a].[Id], [a].[Biography], [a].[CreatedAtUtc], [a].[Name], [a].[UpdatedAtUtc], [c0].[Id], [c0].[CreatedAtUtc], [c0].[Description], [c0].[IsDeleted], [c0].[Name], [c0].[ParentCategoryId], [c0].[UpdatedAtUtc]
FROM (
    SELECT [b].[Id], [b].[AuthorId], [b].[CategoryId], [b].[CoverImageUrl], [b].[CreatedAtUtc], [b].[Description], [b].[ISBN], [b].[IsDeleted], [b].[Price], [b].[PublicationYear], [b].[Publisher], [b].[StockQuantity], [b].[Title], [b].[UpdatedAtUtc]
    FROM [Books] AS [b]
    WHERE [b].[IsDeleted] = CAST(0 AS bit)
    ORDER BY [b].[CreatedAtUtc] DESC
    OFFSET @__p_0 ROWS FETCH NEXT @__p_1 ROWS ONLY
) AS [b0]
LEFT JOIN [Authors] AS [a] ON [b0].[AuthorId] = [a].[Id]
INNER JOIN (
    SELECT [c].[Id], [c].[CreatedAtUtc], [c].[Description], [c].[IsDeleted], [c].[Name], [c].[ParentCategoryId], [c].[UpdatedAtUtc]
    FROM [Categories] AS [c]
    WHERE [c].[IsDeleted] = CAST(0 AS bit)
) AS [c0] ON [b0].[CategoryId] = [c0].[Id]
ORDER BY [b0].[CreatedAtUtc] DESC
2025-06-11 13:31:12.338 +07:00 [INF] (Bookstore.Application.Services.AuthorService) Fetching all authors. Page: 1, PageSize: 10, Search: null
2025-06-11 13:31:12.339 +07:00 [INF] (Microsoft.EntityFrameworkCore.Database.Command) Executed DbCommand (3ms) [Parameters=[@__p_0='0', @__p_1='10'], CommandType='"Text"', CommandTimeout='30']
SELECT [c].[Id], [c].[CreatedAtUtc], [c].[Description], [c].[IsDeleted], [c].[Name], [c].[ParentCategoryId], [c].[UpdatedAtUtc]
FROM [Categories] AS [c]
WHERE [c].[IsDeleted] = CAST(0 AS bit)
ORDER BY [c].[Name]
OFFSET @__p_0 ROWS FETCH NEXT @__p_1 ROWS ONLY
2025-06-11 13:31:12.342 +07:00 [INF] (Microsoft.EntityFrameworkCore.Database.Command) Executed DbCommand (1ms) [Parameters=[@__p_0='0', @__p_1='10'], CommandType='"Text"', CommandTimeout='30']
SELECT [a].[Id], [a].[Biography], [a].[CreatedAtUtc], [a].[Name], [a].[UpdatedAtUtc]
FROM [Authors] AS [a]
ORDER BY [a].[Name]
OFFSET @__p_0 ROWS FETCH NEXT @__p_1 ROWS ONLY
2025-06-11 13:31:12.385 +07:00 [INF] (Microsoft.EntityFrameworkCore.Database.Command) Executed DbCommand (4ms) [Parameters=[@__id_0='ba80e2b5-b426-44eb-acfa-06315f9fcb6b'], CommandType='"Text"', CommandTimeout='30']
SELECT [b].[Id], [b].[AuthorId], [b].[CategoryId], [b].[CoverImageUrl], [b].[CreatedAtUtc], [b].[Description], [b].[ISBN], [b].[IsDeleted], [b].[Price], [b].[PublicationYear], [b].[Publisher], [b].[StockQuantity], [b].[Title], [b].[UpdatedAtUtc], [a].[Id], [a].[Biography], [a].[CreatedAtUtc], [a].[Name], [a].[UpdatedAtUtc], [c0].[Id], [c0].[CreatedAtUtc], [c0].[Description], [c0].[IsDeleted], [c0].[Name], [c0].[ParentCategoryId], [c0].[UpdatedAtUtc]
FROM [Books] AS [b]
LEFT JOIN [Authors] AS [a] ON [b].[AuthorId] = [a].[Id]
INNER JOIN (
    SELECT [c].[Id], [c].[CreatedAtUtc], [c].[Description], [c].[IsDeleted], [c].[Name], [c].[ParentCategoryId], [c].[UpdatedAtUtc]
    FROM [Categories] AS [c]
    WHERE [c].[IsDeleted] = CAST(0 AS bit)
) AS [c0] ON [b].[CategoryId] = [c0].[Id]
WHERE [b].[IsDeleted] = CAST(0 AS bit) AND [b].[Id] = @__id_0
2025-06-11 13:31:19.045 +07:00 [INF] (Microsoft.EntityFrameworkCore.Database.Command) Executed DbCommand (2ms) [Parameters=[@__p_0='ba80e2b5-b426-44eb-acfa-06315f9fcb6b' (Nullable = true)], CommandType='"Text"', CommandTimeout='30']
SELECT TOP(1) [b].[Id], [b].[AuthorId], [b].[CategoryId], [b].[CoverImageUrl], [b].[CreatedAtUtc], [b].[Description], [b].[ISBN], [b].[IsDeleted], [b].[Price], [b].[PublicationYear], [b].[Publisher], [b].[StockQuantity], [b].[Title], [b].[UpdatedAtUtc]
FROM [Books] AS [b]
WHERE [b].[IsDeleted] = CAST(0 AS bit) AND [b].[Id] = @__p_0
2025-06-11 13:31:19.106 +07:00 [INF] (Microsoft.EntityFrameworkCore.Database.Command) Executed DbCommand (2ms) [Parameters=[@__p_0='707f89a4-da65-4b5e-a890-485a3b929301' (Nullable = true)], CommandType='"Text"', CommandTimeout='30']
SELECT TOP(1) [c].[Id], [c].[CreatedAtUtc], [c].[Description], [c].[IsDeleted], [c].[Name], [c].[ParentCategoryId], [c].[UpdatedAtUtc]
FROM [Categories] AS [c]
WHERE [c].[IsDeleted] = CAST(0 AS bit) AND [c].[Id] = @__p_0
2025-06-11 13:31:19.316 +07:00 [INF] (Microsoft.EntityFrameworkCore.Database.Command) Executed DbCommand (12ms) [Parameters=[@p13='ba80e2b5-b426-44eb-acfa-06315f9fcb6b', @p0=NULL (DbType = Guid), @p1='707f89a4-da65-4b5e-a890-485a3b929301', @p2='https://storage.googleapis.com/bookmanagement-images/images/covers/4fb31e88-d08c-4e89-8fc0-1a41ffca25a3_M.jpg' (Size = 4000), @p3='2025-04-25T11:14:27.9233333', @p4='A novel by Harper Lee published in 1960. Instantly successful, widely read in high schools and middle schools in the United States.' (Size = 4000), @p5='978-0061120084' (Size = 4000), @p6='False', @p7='9.99' (Precision = 18) (Scale = 2), @p8='1960' (Nullable = true), @p9='Harper Perennial Modern Classics' (Size = 4000), @p10='8', @p11='To Kill a Mockingbird' (Nullable = false) (Size = 4000), @p12='2025-06-11T06:31:19.2247501Z', @p14='8cca2aaa-7006-415f-852b-912858c30ae8', @p15='ba80e2b5-b426-44eb-acfa-06315f9fcb6b', @p16='8', @p17=NULL (DbType = Guid), @p18='5' (Size = 1), @p19=NULL (DbType = Guid), @p20='2025-06-11T06:31:19.1709629Z', @p21=NULL (DbType = Guid)], CommandType='"Text"', CommandTimeout='30']
SET NOCOUNT ON;
UPDATE [Books] SET [AuthorId] = @p0, [CategoryId] = @p1, [CoverImageUrl] = @p2, [CreatedAtUtc] = @p3, [Description] = @p4, [ISBN] = @p5, [IsDeleted] = @p6, [Price] = @p7, [PublicationYear] = @p8, [Publisher] = @p9, [StockQuantity] = @p10, [Title] = @p11, [UpdatedAtUtc] = @p12
OUTPUT 1
WHERE [Id] = @p13;
INSERT INTO [InventoryLogs] ([Id], [BookId], [ChangeQuantity], [OrderId], [Reason], [StockReceiptId], [TimestampUtc], [UserId])
VALUES (@p14, @p15, @p16, @p17, @p18, @p19, @p20, @p21);
2025-06-11 13:31:20.689 +07:00 [INF] (Bookstore.Application.Services.ReportService) Fetching admin dashboard summary.
2025-06-11 13:31:20.693 +07:00 [INF] (Microsoft.EntityFrameworkCore.Database.Command) Executed DbCommand (2ms) [Parameters=[@__todayStart_0='2025-06-11T00:00:00.0000000Z', @__tomorrowStart_1='2025-06-12T00:00:00.0000000Z'], CommandType='"Text"', CommandTimeout='30']
SELECT COUNT(*)
FROM [Orders] AS [o]
WHERE [o].[OrderDate] >= @__todayStart_0 AND [o].[OrderDate] < @__tomorrowStart_1 AND [o].[Status] <> CAST(4 AS tinyint)
2025-06-11 13:31:20.700 +07:00 [INF] (Microsoft.EntityFrameworkCore.Database.Command) Executed DbCommand (3ms) [Parameters=[@__todayStart_0='2025-06-11T00:00:00.0000000Z', @__tomorrowStart_1='2025-06-12T00:00:00.0000000Z'], CommandType='"Text"', CommandTimeout='30']
SELECT COALESCE(SUM([o].[TotalAmount]), 0.0)
FROM [Orders] AS [o]
WHERE [o].[OrderDate] >= @__todayStart_0 AND [o].[OrderDate] < @__tomorrowStart_1 AND [o].[Status] = CAST(3 AS tinyint)
2025-06-11 13:31:20.708 +07:00 [INF] (Microsoft.EntityFrameworkCore.Database.Command) Executed DbCommand (1ms) [Parameters=[@__todayStart_0='2025-06-11T00:00:00.0000000Z', @__tomorrowStart_1='2025-06-12T00:00:00.0000000Z'], CommandType='"Text"', CommandTimeout='30']
SELECT COUNT(*)
FROM [Users] AS [u]
WHERE [u].[CreatedAtUtc] >= @__todayStart_0 AND [u].[CreatedAtUtc] < @__tomorrowStart_1
2025-06-11 13:31:20.719 +07:00 [INF] (Microsoft.EntityFrameworkCore.Database.Command) Executed DbCommand (2ms) [Parameters=[@__lowStockThreshold_0='10'], CommandType='"Text"', CommandTimeout='30']
SELECT COUNT(*)
FROM [Books] AS [b]
WHERE [b].[IsDeleted] = CAST(0 AS bit) AND [b].[IsDeleted] = CAST(0 AS bit) AND [b].[StockQuantity] > 0 AND [b].[StockQuantity] <= @__lowStockThreshold_0
2025-06-11 13:31:20.722 +07:00 [INF] (Bookstore.Application.Services.ReportService) Admin dashboard summary fetched successfully.
2025-06-11 13:31:23.471 +07:00 [INF] (Microsoft.EntityFrameworkCore.Database.Command) Executed DbCommand (4ms) [Parameters=[@__userId_0='f54527eb-f806-40db-bf76-c7b0e5fa6d39'], CommandType='"Text"', CommandTimeout='30']
SELECT [w].[Id], [w].[BookId], [w].[CreatedAtUtc], [w].[UserId], [b0].[Id], [b0].[AuthorId], [b0].[CategoryId], [b0].[CoverImageUrl], [b0].[CreatedAtUtc], [b0].[Description], [b0].[ISBN], [b0].[IsDeleted], [b0].[Price], [b0].[PublicationYear], [b0].[Publisher], [b0].[StockQuantity], [b0].[Title], [b0].[UpdatedAtUtc], [a].[Id], [a].[Biography], [a].[CreatedAtUtc], [a].[Name], [a].[UpdatedAtUtc]
FROM [WishlistItems] AS [w]
INNER JOIN (
    SELECT [b].[Id], [b].[AuthorId], [b].[CategoryId], [b].[CoverImageUrl], [b].[CreatedAtUtc], [b].[Description], [b].[ISBN], [b].[IsDeleted], [b].[Price], [b].[PublicationYear], [b].[Publisher], [b].[StockQuantity], [b].[Title], [b].[UpdatedAtUtc]
    FROM [Books] AS [b]
    WHERE [b].[IsDeleted] = CAST(0 AS bit)
) AS [b0] ON [w].[BookId] = [b0].[Id]
LEFT JOIN [Authors] AS [a] ON [b0].[AuthorId] = [a].[Id]
WHERE [w].[UserId] = @__userId_0 AND [b0].[IsDeleted] = CAST(0 AS bit)
ORDER BY [w].[CreatedAtUtc] DESC
2025-06-11 13:31:24.794 +07:00 [INF] (Bookstore.Application.Services.DashboardService) Fetching home dashboard data.
2025-06-11 13:31:24.800 +07:00 [INF] (Microsoft.EntityFrameworkCore.Database.Command) Executed DbCommand (4ms) [Parameters=[], CommandType='"Text"', CommandTimeout='30']
SELECT [b].[Id], [b].[AuthorId], [b].[CategoryId], [b].[CoverImageUrl], [b].[CreatedAtUtc], [b].[Description], [b].[ISBN], [b].[IsDeleted], [b].[Price], [b].[PublicationYear], [b].[Publisher], [b].[StockQuantity], [b].[Title], [b].[UpdatedAtUtc], [a].[Id], [a].[Biography], [a].[CreatedAtUtc], [a].[Name], [a].[UpdatedAtUtc]
FROM [Books] AS [b]
LEFT JOIN [Authors] AS [a] ON [b].[AuthorId] = [a].[Id]
WHERE [b].[IsDeleted] = CAST(0 AS bit)
ORDER BY [b].[CreatedAtUtc] DESC
2025-06-11 13:31:24.808 +07:00 [INF] (Bookstore.Application.Services.DashboardService) Fetched 10 newest books.
2025-06-11 13:31:24.823 +07:00 [INF] (Microsoft.EntityFrameworkCore.Database.Command) Executed DbCommand (13ms) [Parameters=[@__p_2='5', @__inclusiveStartDate_0='2025-05-12T00:00:00.0000000Z', @__inclusiveEndDate_1='2025-06-12T00:00:00.0000000Z'], CommandType='"Text"', CommandTimeout='30']
SELECT [s].[BookId], [b2].[Title] AS [BookTitle], [s].[TotalQuantitySold]
FROM (
    SELECT TOP(@__p_2) [o].[BookId], COALESCE(SUM([o].[Quantity]), 0) AS [TotalQuantitySold]
    FROM [OrderDetails] AS [o]
    INNER JOIN [Orders] AS [o0] ON [o].[OrderId] = [o0].[Id]
    INNER JOIN (
        SELECT [b].[Id], [b].[IsDeleted]
        FROM [Books] AS [b]
        WHERE [b].[IsDeleted] = CAST(0 AS bit)
    ) AS [b0] ON [o].[BookId] = [b0].[Id]
    WHERE [o0].[Status] = CAST(3 AS tinyint) AND [o0].[OrderDate] >= @__inclusiveStartDate_0 AND [o0].[OrderDate] < @__inclusiveEndDate_1 AND [b0].[IsDeleted] = CAST(0 AS bit)
    GROUP BY [o].[BookId]
    ORDER BY COALESCE(SUM([o].[Quantity]), 0) DESC
) AS [s]
INNER JOIN (
    SELECT [b1].[Id], [b1].[Title]
    FROM [Books] AS [b1]
    WHERE [b1].[IsDeleted] = CAST(0 AS bit)
) AS [b2] ON [s].[BookId] = [b2].[Id]
ORDER BY [s].[TotalQuantitySold] DESC
2025-06-11 13:31:24.833 +07:00 [INF] (Microsoft.EntityFrameworkCore.Database.Command) Executed DbCommand (5ms) [Parameters=[@__bestsellerBookIds_0='["c191919e-e763-4e03-9e2b-24d944f4d401","5d8fc980-abf3-49f8-a735-92c402be0cbe","6d858026-d70a-4441-8837-01f8d972cb26","6c50f852-d8c7-4ef9-a26a-c9d292ef9108","39f2e54f-3480-424d-9611-a9b9097314a9"]' (Size = 4000)], CommandType='"Text"', CommandTimeout='30']
SELECT [b].[Id], [b].[AuthorId], [b].[CategoryId], [b].[CoverImageUrl], [b].[CreatedAtUtc], [b].[Description], [b].[ISBN], [b].[IsDeleted], [b].[Price], [b].[PublicationYear], [b].[Publisher], [b].[StockQuantity], [b].[Title], [b].[UpdatedAtUtc], [a].[Id], [a].[Biography], [a].[CreatedAtUtc], [a].[Name], [a].[UpdatedAtUtc]
FROM [Books] AS [b]
LEFT JOIN [Authors] AS [a] ON [b].[AuthorId] = [a].[Id]
WHERE [b].[IsDeleted] = CAST(0 AS bit) AND [b].[Id] IN (
    SELECT [b0].[value]
    FROM OPENJSON(@__bestsellerBookIds_0) WITH ([value] uniqueidentifier '$') AS [b0]
) AND [b].[IsDeleted] = CAST(0 AS bit)
2025-06-11 13:31:24.839 +07:00 [INF] (Bookstore.Application.Services.DashboardService) Fetched 5 bestselling books.
2025-06-11 13:31:24.843 +07:00 [INF] (Microsoft.EntityFrameworkCore.Database.Command) Executed DbCommand (3ms) [Parameters=[@__currentDate_0='2025-06-11T06:31:24.8407807Z', @__currentDate_1='2025-06-11T06:31:24.8407807Z' (Nullable = true)], CommandType='"Text"', CommandTimeout='30']
SELECT [p].[Id], [p].[Code], [p].[CreatedAtUtc], [p].[CurrentUsage], [p].[Description], [p].[DiscountAmount], [p].[DiscountPercentage], [p].[EndDate], [p].[IsActive], [p].[MaxUsage], [p].[StartDate], [p].[UpdatedAtUtc]
FROM [Promotions] AS [p]
WHERE [p].[IsActive] = CAST(1 AS bit) AND [p].[StartDate] <= @__currentDate_0 AND ([p].[EndDate] IS NULL OR [p].[EndDate] >= @__currentDate_1) AND ([p].[MaxUsage] IS NULL OR [p].[CurrentUsage] < [p].[MaxUsage])
ORDER BY [p].[EndDate]
2025-06-11 13:31:24.851 +07:00 [INF] (Microsoft.EntityFrameworkCore.Database.Command) Executed DbCommand (3ms) [Parameters=[], CommandType='"Text"', CommandTimeout='30']
SELECT [c].[Id], [c].[CreatedAtUtc], [c].[Description], [c].[IsDeleted], [c].[Name], [c].[ParentCategoryId], [c].[UpdatedAtUtc]
FROM [Categories] AS [c]
WHERE [c].[IsDeleted] = CAST(0 AS bit) AND [c].[ParentCategoryId] IS NULL AND [c].[IsDeleted] = CAST(0 AS bit)
ORDER BY [c].[Name]
2025-06-11 13:31:24.854 +07:00 [INF] (Bookstore.Application.Services.DashboardService) Successfully fetched home dashboard data.
2025-06-11 13:31:26.644 +07:00 [INF] (Microsoft.EntityFrameworkCore.Database.Command) Executed DbCommand (0ms) [Parameters=[@__id_0='ba80e2b5-b426-44eb-acfa-06315f9fcb6b'], CommandType='"Text"', CommandTimeout='30']
SELECT [b].[Id], [b].[AuthorId], [b].[CategoryId], [b].[CoverImageUrl], [b].[CreatedAtUtc], [b].[Description], [b].[ISBN], [b].[IsDeleted], [b].[Price], [b].[PublicationYear], [b].[Publisher], [b].[StockQuantity], [b].[Title], [b].[UpdatedAtUtc], [a].[Id], [a].[Biography], [a].[CreatedAtUtc], [a].[Name], [a].[UpdatedAtUtc], [c0].[Id], [c0].[CreatedAtUtc], [c0].[Description], [c0].[IsDeleted], [c0].[Name], [c0].[ParentCategoryId], [c0].[UpdatedAtUtc]
FROM [Books] AS [b]
LEFT JOIN [Authors] AS [a] ON [b].[AuthorId] = [a].[Id]
INNER JOIN (
    SELECT [c].[Id], [c].[CreatedAtUtc], [c].[Description], [c].[IsDeleted], [c].[Name], [c].[ParentCategoryId], [c].[UpdatedAtUtc]
    FROM [Categories] AS [c]
    WHERE [c].[IsDeleted] = CAST(0 AS bit)
) AS [c0] ON [b].[CategoryId] = [c0].[Id]
WHERE [b].[IsDeleted] = CAST(0 AS bit) AND [b].[Id] = @__id_0
2025-06-11 13:31:26.786 +07:00 [INF] (Microsoft.EntityFrameworkCore.Database.Command) Executed DbCommand (3ms) [Parameters=[@__bookId_0='ba80e2b5-b426-44eb-acfa-06315f9fcb6b', @__p_1='0', @__p_2='5'], CommandType='"Text"', CommandTimeout='30']
SELECT [r0].[Id], [r0].[BookId], [r0].[Comment], [r0].[CreatedAtUtc], [r0].[IsApproved], [r0].[Rating], [r0].[UpdatedAtUtc], [r0].[UserId], [u].[Id], [u].[CreatedAtUtc], [u].[Email], [u].[FirstName], [u].[IsActive], [u].[LastName], [u].[PasswordHash], [u].[PhoneNumber], [u].[UpdatedAtUtc], [u].[UserName]
FROM (
    SELECT [r].[Id], [r].[BookId], [r].[Comment], [r].[CreatedAtUtc], [r].[IsApproved], [r].[Rating], [r].[UpdatedAtUtc], [r].[UserId]
    FROM [Review] AS [r]
    WHERE [r].[BookId] = @__bookId_0 AND [r].[IsApproved] = CAST(1 AS bit)
    ORDER BY [r].[CreatedAtUtc] DESC
    OFFSET @__p_1 ROWS FETCH NEXT @__p_2 ROWS ONLY
) AS [r0]
INNER JOIN [Users] AS [u] ON [r0].[UserId] = [u].[Id]
ORDER BY [r0].[CreatedAtUtc] DESC
2025-06-11 13:31:26.815 +07:00 [INF] (Microsoft.EntityFrameworkCore.Database.Command) Executed DbCommand (1ms) [Parameters=[@__userId_0='f54527eb-f806-40db-bf76-c7b0e5fa6d39'], CommandType='"Text"', CommandTimeout='30']
SELECT [w].[Id], [w].[BookId], [w].[CreatedAtUtc], [w].[UserId], [b0].[Id], [b0].[AuthorId], [b0].[CategoryId], [b0].[CoverImageUrl], [b0].[CreatedAtUtc], [b0].[Description], [b0].[ISBN], [b0].[IsDeleted], [b0].[Price], [b0].[PublicationYear], [b0].[Publisher], [b0].[StockQuantity], [b0].[Title], [b0].[UpdatedAtUtc], [a].[Id], [a].[Biography], [a].[CreatedAtUtc], [a].[Name], [a].[UpdatedAtUtc]
FROM [WishlistItems] AS [w]
INNER JOIN (
    SELECT [b].[Id], [b].[AuthorId], [b].[CategoryId], [b].[CoverImageUrl], [b].[CreatedAtUtc], [b].[Description], [b].[ISBN], [b].[IsDeleted], [b].[Price], [b].[PublicationYear], [b].[Publisher], [b].[StockQuantity], [b].[Title], [b].[UpdatedAtUtc]
    FROM [Books] AS [b]
    WHERE [b].[IsDeleted] = CAST(0 AS bit)
) AS [b0] ON [w].[BookId] = [b0].[Id]
LEFT JOIN [Authors] AS [a] ON [b0].[AuthorId] = [a].[Id]
WHERE [w].[UserId] = @__userId_0 AND [b0].[IsDeleted] = CAST(0 AS bit)
ORDER BY [w].[CreatedAtUtc] DESC
2025-06-11 13:31:29.145 +07:00 [INF] (Microsoft.EntityFrameworkCore.Database.Command) Executed DbCommand (0ms) [Parameters=[@__p_0='ba80e2b5-b426-44eb-acfa-06315f9fcb6b' (Nullable = true)], CommandType='"Text"', CommandTimeout='30']
SELECT TOP(1) [b].[Id], [b].[AuthorId], [b].[CategoryId], [b].[CoverImageUrl], [b].[CreatedAtUtc], [b].[Description], [b].[ISBN], [b].[IsDeleted], [b].[Price], [b].[PublicationYear], [b].[Publisher], [b].[StockQuantity], [b].[Title], [b].[UpdatedAtUtc]
FROM [Books] AS [b]
WHERE [b].[IsDeleted] = CAST(0 AS bit) AND [b].[Id] = @__p_0
2025-06-11 13:31:29.158 +07:00 [INF] (Microsoft.EntityFrameworkCore.Database.Command) Executed DbCommand (4ms) [Parameters=[@__p_0='f54527eb-f806-40db-bf76-c7b0e5fa6d39' (Nullable = true), @__p_1='ba80e2b5-b426-44eb-acfa-06315f9fcb6b' (Nullable = true)], CommandType='"Text"', CommandTimeout='30']
SELECT TOP(1) [c].[UserId], [c].[BookId], [c].[CreatedAtUtc], [c].[Quantity], [c].[UpdatedAtUtc]
FROM [CartItems] AS [c]
WHERE [c].[UserId] = @__p_0 AND [c].[BookId] = @__p_1
2025-06-11 13:31:29.183 +07:00 [INF] (Microsoft.EntityFrameworkCore.Database.Command) Executed DbCommand (2ms) [Parameters=[@p0='ba80e2b5-b426-44eb-acfa-06315f9fcb6b', @p1='f54527eb-f806-40db-bf76-c7b0e5fa6d39', @p2='2025-06-11T06:31:29.1635918Z', @p3='2', @p4='2025-06-11T06:31:29.1635918Z'], CommandType='"Text"', CommandTimeout='30']
SET IMPLICIT_TRANSACTIONS OFF;
SET NOCOUNT ON;
INSERT INTO [CartItems] ([BookId], [UserId], [CreatedAtUtc], [Quantity], [UpdatedAtUtc])
VALUES (@p0, @p1, @p2, @p3, @p4);
2025-06-11 13:31:32.893 +07:00 [INF] (Microsoft.EntityFrameworkCore.Database.Command) Executed DbCommand (1ms) [Parameters=[@__p_0='0', @__p_1='10'], CommandType='"Text"', CommandTimeout='30']
SELECT [c].[Id], [c].[CreatedAtUtc], [c].[Description], [c].[IsDeleted], [c].[Name], [c].[ParentCategoryId], [c].[UpdatedAtUtc]
FROM [Categories] AS [c]
WHERE [c].[IsDeleted] = CAST(0 AS bit)
ORDER BY [c].[Name]
OFFSET @__p_0 ROWS FETCH NEXT @__p_1 ROWS ONLY
2025-06-11 13:31:34.599 +07:00 [INF] (Microsoft.EntityFrameworkCore.Database.Command) Executed DbCommand (5ms) [Parameters=[@__userId_0='f54527eb-f806-40db-bf76-c7b0e5fa6d39'], CommandType='"Text"', CommandTimeout='30']
SELECT [c].[UserId], [c].[BookId], [c].[CreatedAtUtc], [c].[Quantity], [c].[UpdatedAtUtc], [b0].[Id], [b0].[AuthorId], [b0].[CategoryId], [b0].[CoverImageUrl], [b0].[CreatedAtUtc], [b0].[Description], [b0].[ISBN], [b0].[IsDeleted], [b0].[Price], [b0].[PublicationYear], [b0].[Publisher], [b0].[StockQuantity], [b0].[Title], [b0].[UpdatedAtUtc], [a].[Id], [a].[Biography], [a].[CreatedAtUtc], [a].[Name], [a].[UpdatedAtUtc]
FROM [CartItems] AS [c]
INNER JOIN (
    SELECT [b].[Id], [b].[AuthorId], [b].[CategoryId], [b].[CoverImageUrl], [b].[CreatedAtUtc], [b].[Description], [b].[ISBN], [b].[IsDeleted], [b].[Price], [b].[PublicationYear], [b].[Publisher], [b].[StockQuantity], [b].[Title], [b].[UpdatedAtUtc]
    FROM [Books] AS [b]
    WHERE [b].[IsDeleted] = CAST(0 AS bit)
) AS [b0] ON [c].[BookId] = [b0].[Id]
LEFT JOIN [Authors] AS [a] ON [b0].[AuthorId] = [a].[Id]
WHERE [c].[UserId] = @__userId_0
ORDER BY [b0].[Title]
2025-06-11 13:31:36.232 +07:00 [INF] (Microsoft.EntityFrameworkCore.Database.Command) Executed DbCommand (1ms) [Parameters=[@__userId_0='f54527eb-f806-40db-bf76-c7b0e5fa6d39'], CommandType='"Text"', CommandTimeout='30']
SELECT [w].[Id], [w].[BookId], [w].[CreatedAtUtc], [w].[UserId], [b0].[Id], [b0].[AuthorId], [b0].[CategoryId], [b0].[CoverImageUrl], [b0].[CreatedAtUtc], [b0].[Description], [b0].[ISBN], [b0].[IsDeleted], [b0].[Price], [b0].[PublicationYear], [b0].[Publisher], [b0].[StockQuantity], [b0].[Title], [b0].[UpdatedAtUtc], [a].[Id], [a].[Biography], [a].[CreatedAtUtc], [a].[Name], [a].[UpdatedAtUtc]
FROM [WishlistItems] AS [w]
INNER JOIN (
    SELECT [b].[Id], [b].[AuthorId], [b].[CategoryId], [b].[CoverImageUrl], [b].[CreatedAtUtc], [b].[Description], [b].[ISBN], [b].[IsDeleted], [b].[Price], [b].[PublicationYear], [b].[Publisher], [b].[StockQuantity], [b].[Title], [b].[UpdatedAtUtc]
    FROM [Books] AS [b]
    WHERE [b].[IsDeleted] = CAST(0 AS bit)
) AS [b0] ON [w].[BookId] = [b0].[Id]
LEFT JOIN [Authors] AS [a] ON [b0].[AuthorId] = [a].[Id]
WHERE [w].[UserId] = @__userId_0 AND [b0].[IsDeleted] = CAST(0 AS bit)
ORDER BY [w].[CreatedAtUtc] DESC
2025-06-11 13:31:39.528 +07:00 [INF] (Bookstore.Application.Services.UserService) Fetching users for admin. Page: 1, PageSize: 15, Role: All, Active: All, Search: None
2025-06-11 13:31:39.550 +07:00 [INF] (Microsoft.EntityFrameworkCore.Database.Command) Executed DbCommand (7ms) [Parameters=[@__p_0='0', @__p_1='15'], CommandType='"Text"', CommandTimeout='30']
SELECT [u1].[Id], [u1].[CreatedAtUtc], [u1].[Email], [u1].[FirstName], [u1].[IsActive], [u1].[LastName], [u1].[PasswordHash], [u1].[PhoneNumber], [u1].[UpdatedAtUtc], [u1].[UserName], [s].[UserId], [s].[RoleId], [s].[Id], [s].[CreatedAtUtc], [s].[Name], [s].[UpdatedAtUtc]
FROM (
    SELECT [u].[Id], [u].[CreatedAtUtc], [u].[Email], [u].[FirstName], [u].[IsActive], [u].[LastName], [u].[PasswordHash], [u].[PhoneNumber], [u].[UpdatedAtUtc], [u].[UserName]
    FROM [Users] AS [u]
    ORDER BY [u].[UserName]
    OFFSET @__p_0 ROWS FETCH NEXT @__p_1 ROWS ONLY
) AS [u1]
LEFT JOIN (
    SELECT [u0].[UserId], [u0].[RoleId], [r].[Id], [r].[CreatedAtUtc], [r].[Name], [r].[UpdatedAtUtc]
    FROM [UserRoles] AS [u0]
    INNER JOIN [Roles] AS [r] ON [u0].[RoleId] = [r].[Id]
) AS [s] ON [u1].[Id] = [s].[UserId]
ORDER BY [u1].[UserName], [u1].[Id], [s].[UserId], [s].[RoleId]
